date,target,target_observed,temp_avg,temp_max,temp_min
2010-01-01,13354600.0,True,-7.6,-3.6,-12.7
2010-01-02,12564800.0,True,-3.6,0.2,-7.4
2010-01-03,13201700.0,True,-6.8,-3.2,-10.5
2010-01-04,13798800.0,True,-5.9,-3.4,-8.0
2010-01-05,14147300.0,True,-9.9,-7.0,-12.3
2010-01-06,14853700.0,True,-11.2,-8.1,-13.3
2010-01-07,14955100.0,True,-10.1,-5.5,-13.6
2010-01-08,14441300.0,True,-8.0,-3.3,-11.8
2010-01-09,13583400.0,True,-5.1,-1.9,-8.7
2010-01-10,12648100.0,True,-3.4,-0.3,-5.3
2010-01-11,13391000.0,True,-5.2,-1.3,-8.3
2010-01-12,14407200.0,True,-10.3,-7.3,-12.9
2010-01-13,15571600.0,True,-13.2,-10.7,-15.3
2010-01-14,15170500.0,True,-9.1,-4.1,-14.4
2010-01-15,13797600.0,True,-5.0,-0.6,-7.5
2010-01-16,13313500.0,True,-6.4,-2.1,-10.1
2010-01-17,12637300.0,True,-4.0,1.4,-9.0
2010-01-18,12240200.0,True,-0.5,1.9,-3.9
2010-01-19,11010600.0,True,2.7,6.8,-1.6
2010-01-20,9984600.0,True,5.8,8.4,2.4
2010-01-21,11535700.0,True,-4.1,2.4,-8.0
2010-01-22,12819600.0,True,-7.0,-3.4,-9.6
2010-01-23,12387900.0,True,-5.3,-0.9,-9.1
2010-01-24,11250200.0,True,0.3,3.8,-4.5
2010-01-25,11837900.0,True,-3.0,2.6,-8.5
2010-01-26,12278600.0,True,-4.1,1.1,-9.5
2010-01-27,11552700.0,True,-0.2,3.1,-4.0
2010-01-28,11047400.0,True,-0.4,2.7,-5.0
2010-01-29,11677800.0,True,-2.1,1.4,-7.3
2010-01-30,10595600.0,True,1.5,5.0,-1.7
2010-01-31,10170700.0,True,1.8,4.3,-0.5
2010-02-01,10630800.0,True,0.8,5.1,-2.6
2010-02-02,12440800.0,True,-6.2,-2.6,-9.1
2010-02-03,13355800.0,True,-8.0,-5.0,-10.8
2010-02-04,12656500.0,True,-4.3,-0.6,-8.3
2010-02-05,12619800.0,True,-5.5,-1.9,-7.9
2010-02-06,12283500.0,True,-4.7,0.9,-9.6
2010-02-07,11276800.0,True,0.7,5.6,-6.3
2010-02-08,10528600.0,True,4.0,5.7,3.0
2010-02-09,10099500.0,True,3.7,4.4,2.9
2010-02-10,9700300.0,True,3.9,5.0,3.1
2010-02-11,10372900.0,True,0.6,3.5,-0.8
2010-02-12,10525200.0,True,-0.3,1.1,-1.8
2010-02-13,9932700.0,True,-2.3,-0.3,-3.3
2010-02-14,9365700.0,True,-2.2,1.2,-5.0
2010-02-15,10424700.0,True,-3.1,-0.3,-6.0
2010-02-16,11921300.0,True,-4.5,-0.4,-8.0
2010-02-17,11957300.0,True,-3.2,0.3,-7.2
2010-02-18,11570300.0,True,-2.9,-1.0,-4.4
2010-02-19,10818600.0,True,-1.0,2.5,-4.7
2010-02-20,9573200.0,True,3.0,8.1,-1.6
2010-02-21,8778100.0,True,4.8,9.6,0.0
2010-02-22,8322900.0,True,6.5,11.0,3.5
2010-02-23,7783000.0,True,8.2,16.2,1.6
2010-02-24,6846000.0,True,12.2,17.9,5.5
2010-02-25,6286900.0,True,12.0,14.8,9.8
2010-02-26,5831900.0,True,12.0,17.2,9.0
2010-02-27,6194800.0,True,8.6,11.0,6.0
2010-02-28,6381500.0,True,6.8,9.1,5.4
2010-03-01,7985900.0,True,2.9,6.3,1.1
2010-03-02,8718200.0,True,2.7,4.8,0.6
2010-03-03,8536600.0,True,4.4,10.2,-1.5
2010-03-04,8352300.0,True,5.5,6.3,4.5
2010-03-05,7813700.0,True,6.4,9.5,3.9
2010-03-06,7649400.0,True,6.0,10.7,2.0
2010-03-07,7764900.0,True,4.9,7.8,2.6
2010-03-08,8342400.0,True,4.1,7.7,1.0
2010-03-09,8900200.0,True,1.5,5.7,-3.9
2010-03-10,9971300.0,True,-1.4,0.5,-4.0
2010-03-11,9242400.0,True,2.3,6.0,-2.7
2010-03-12,8602800.0,True,5.8,10.0,0.9
2010-03-13,8548000.0,True,2.4,7.9,-1.9
2010-03-14,8076200.0,True,7.2,12.6,1.2
2010-03-15,7624400.0,True,7.9,11.1,2.8
2010-03-16,8869800.0,True,0.7,3.9,-1.0
2010-03-17,9335700.0,True,-0.1,3.1,-1.9
2010-03-18,9233200.0,True,0.5,4.6,-2.8
2010-03-19,8681200.0,True,4.5,8.9,-1.7
2010-03-20,7886300.0,True,6.8,11.3,1.1
2010-03-21,8240600.0,True,2.7,7.1,-0.7
2010-03-22,8814500.0,True,2.1,5.0,-0.1
2010-03-23,8023600.0,True,5.9,10.3,0.7
2010-03-24,7233400.0,True,8.7,13.8,4.3
2010-03-25,7751500.0,True,5.0,9.5,-0.1
2010-03-26,8698600.0,True,2.0,4.7,-2.9
2010-03-27,7930200.0,True,5.4,7.2,4.0
2010-03-28,7710000.0,True,4.1,9.2,-0.1
2010-03-29,7614100.0,True,5.8,11.3,0.6
2010-03-30,7100300.0,True,8.3,14.2,3.3
2010-03-31,7080000.0,True,7.3,8.7,5.9
2010-04-01,7010000.0,True,7.0,9.9,3.6
2010-04-02,7238900.0,True,5.5,10.3,1.3
2010-04-03,7161300.0,True,5.0,9.5,1.1
2010-04-04,6739900.0,True,7.7,14.5,2.3
2010-04-05,6214800.0,True,10.4,14.8,4.8
2010-04-06,6312500.0,True,8.5,11.7,4.8
2010-04-07,6482000.0,True,7.3,12.6,2.3
2010-04-08,6195500.0,True,9.1,15.5,3.3
2010-04-09,5630100.0,True,11.4,17.4,5.4
2010-04-10,5550400.0,True,10.7,13.5,8.8
2010-04-11,5223000.0,True,13.6,19.9,6.7
2010-04-12,5100400.0,True,13.2,18.5,9.6
2010-04-13,6662800.0,True,4.4,9.6,2.4
2010-04-14,7421900.0,True,4.0,6.4,1.2
2010-04-15,6830200.0,True,7.0,12.6,1.6
2010-04-16,6299300.0,True,8.0,13.6,4.0
2010-04-17,6218700.0,True,7.6,12.0,4.0
2010-04-18,5785300.0,True,12.0,17.0,6.2
2010-04-19,5172700.0,True,14.7,17.4,12.7
2010-04-20,4480100.0,True,16.8,20.7,13.3
2010-04-21,4507300.0,True,14.1,18.5,10.7
2010-04-22,4939400.0,True,10.7,12.7,9.1
2010-04-23,5099900.0,True,9.3,14.3,6.6
2010-04-24,4983800.0,True,11.1,16.8,5.4
2010-04-25,4657000.0,True,13.6,19.4,6.9
2010-04-26,4953900.0,True,12.4,17.8,10.2
2010-04-27,5953400.0,True,7.5,10.9,5.1
2010-04-28,6992900.0,True,5.0,7.8,3.3
2010-04-29,6304100.0,True,8.5,12.4,3.4
2010-04-30,5768000.0,True,9.6,13.2,7.0
2010-05-01,5239600.0,True,12.3,17.5,5.8
2010-05-02,4346200.0,True,17.2,23.3,9.9
2010-05-03,3975000.0,True,18.2,19.5,16.5
2010-05-04,3449900.0,True,20.2,25.3,18.2
2010-05-05,3128100.0,True,20.6,25.2,15.4
2010-05-06,3710200.0,True,13.4,19.8,10.4
2010-05-07,3697700.0,True,14.6,20.6,9.6
2010-05-08,3405600.0,True,16.7,23.0,12.1
2010-05-09,3116200.0,True,19.0,25.2,13.4
2010-05-10,3216200.0,True,16.1,20.9,12.7
2010-05-11,3585100.0,True,12.9,17.0,10.5
2010-05-12,3644700.0,True,13.8,19.6,8.7
2010-05-13,3448700.0,True,16.0,21.9,10.2
2010-05-14,3252200.0,True,18.0,23.7,12.1
2010-05-15,3114200.0,True,17.0,21.9,12.9
2010-05-16,2952200.0,True,18.2,25.1,12.6
2010-05-17,2887100.0,True,20.3,27.0,14.4
2010-05-18,3103400.0,True,17.3,19.4,15.0
2010-05-19,2908000.0,True,17.1,20.9,14.5
2010-05-20,2768200.0,True,19.5,25.4,13.6
2010-05-21,2423700.0,True,22.1,28.6,14.9
2010-05-22,2357200.0,True,20.1,25.5,15.7
2010-05-23,2765500.0,True,16.1,18.1,14.6
2010-05-24,3330600.0,True,13.1,15.8,12.2
2010-05-25,3259700.0,True,14.9,18.8,12.1
2010-05-26,3015400.0,True,17.4,21.7,14.0
2010-05-27,2942400.0,True,17.4,24.0,11.5
2010-05-28,2873600.0,True,17.3,20.4,14.5
2010-05-29,2705800.0,True,18.7,23.3,14.6
2010-05-30,2533600.0,True,18.9,23.4,15.0
2010-05-31,2717800.0,True,17.3,20.0,14.3
2010-06-01,2704300.0,True,19.1,26.2,12.1
2010-06-02,2496800.0,True,21.0,26.6,14.8
2010-06-03,2516500.0,True,21.1,26.5,16.2
2010-06-04,2529600.0,True,22.3,27.9,16.6
2010-06-05,2265300.0,True,23.3,28.4,17.9
2010-06-06,2089700.0,True,24.9,30.9,19.0
2010-06-07,2417000.0,True,25.4,31.4,20.9
2010-06-08,2415600.0,True,25.7,31.8,19.3
2010-06-09,2426200.0,True,26.0,30.6,20.5
2010-06-10,2365400.0,True,26.5,32.7,21.7
2010-06-11,2347300.0,True,25.6,31.2,21.6
2010-06-12,2141400.0,True,17.9,22.0,16.9
2010-06-13,2042500.0,True,22.0,27.2,17.5
2010-06-14,2370800.0,True,22.8,26.4,20.0
2010-06-15,2405700.0,True,24.4,29.7,20.7
2010-06-16,2352900.0,True,22.3,25.6,20.2
2010-06-17,2370100.0,True,24.0,27.6,20.9
2010-06-18,2407800.0,True,25.9,31.1,22.8
2010-06-19,2128200.0,True,23.0,25.8,21.5
2010-06-20,1911300.0,True,23.0,27.0,20.8
2010-06-21,2276600.0,True,22.2,27.8,18.1
2010-06-22,2300200.0,True,21.6,25.2,18.4
2010-06-23,2279500.0,True,23.0,28.6,16.7
2010-06-24,2325600.0,True,24.4,30.8,18.5
2010-06-25,2313400.0,True,26.7,32.5,20.3
2010-06-26,2032200.0,True,24.8,27.2,21.4
2010-06-27,1877500.0,True,21.8,23.3,20.9
2010-06-28,2274600.0,True,24.6,30.5,19.7
2010-06-29,2319400.0,True,23.9,27.2,21.4
2010-06-30,2304200.0,True,22.8,24.8,20.6
2010-07-01,2325700.0,True,26.1,30.7,21.9
2010-07-02,2469400.0,True,24.9,25.9,23.8
2010-07-03,2132800.0,True,24.1,25.7,22.5
2010-07-04,1896300.0,True,26.5,29.9,23.4
2010-07-05,2262700.0,True,26.1,30.8,23.1
2010-07-06,2253000.0,True,26.0,31.6,21.7
2010-07-07,2260200.0,True,25.6,29.6,22.4
2010-07-08,2221400.0,True,24.7,29.6,21.9
2010-07-09,2164000.0,True,24.9,29.8,21.2
2010-07-10,1906100.0,True,25.6,29.2,21.7
2010-07-11,1727100.0,True,23.8,26.5,22.2
2010-07-12,2142900.0,True,25.1,28.6,21.0
2010-07-13,2209800.0,True,26.1,31.3,22.0
2010-07-14,2248900.0,True,24.8,27.7,21.8
2010-07-15,2190500.0,True,26.0,30.0,22.7
2010-07-16,2229000.0,True,23.7,27.7,21.6
2010-07-17,2049100.0,True,23.2,24.2,22.1
2010-07-18,1851400.0,True,25.9,29.1,23.1
2010-07-19,2249866.0,True,26.7,30.1,25.0
2010-07-20,2267000.0,True,28.2,32.3,24.1
2010-07-21,2258600.0,True,27.8,29.7,26.3
2010-07-22,2216100.0,True,27.1,29.6,25.9
2010-07-23,2196800.0,True,24.4,25.9,23.0
2010-07-24,1923900.0,True,25.6,29.3,23.6
2010-07-25,1751700.0,True,26.0,30.0,23.5
2010-07-26,2162700.0,True,25.4,28.6,23.0
2010-07-27,2173100.0,True,26.9,30.8,24.4
2010-07-28,2155900.0,True,27.0,31.2,23.7
2010-07-29,2182600.0,True,26.8,30.6,24.7
2010-07-30,2091900.0,True,27.0,30.8,25.1
2010-07-31,1772100.0,True,27.0,30.1,24.9
2010-08-01,1619600.0,True,27.5,31.0,26.1
2010-08-02,2013800.0,True,27.3,31.8,25.4
2010-08-03,1981500.0,True,27.6,32.1,24.0
2010-08-04,2076100.0,True,28.1,31.9,25.8
2010-08-05,2120100.0,True,29.2,33.8,26.0
2010-08-06,2138600.0,True,28.3,31.0,26.3
2010-08-07,1815300.0,True,26.2,28.2,24.3
2010-08-08,1654500.0,True,27.3,31.6,24.0
2010-08-09,2074300.0,True,28.6,33.3,24.1
2010-08-10,2104700.0,True,26.5,29.8,24.9
2010-08-11,2133400.0,True,28.2,32.7,25.0
2010-08-12,2038300.0,True,23.7,26.7,21.7
2010-08-13,2131300.0,True,26.0,29.6,21.5
2010-08-14,1868500.0,True,26.9,29.1,25.3
2010-08-15,1691600.0,True,26.6,30.2,24.6
2010-08-16,2071100.0,True,24.8,26.7,22.8
2010-08-17,2077800.0,True,26.3,31.8,21.0
2010-08-18,2174000.0,True,26.0,31.2,22.2
2010-08-19,2252400.0,True,28.5,32.9,24.7
2010-08-20,2285800.0,True,28.6,32.2,25.5
2010-08-21,1975800.0,True,28.6,32.1,25.1
2010-08-22,1729300.0,True,28.7,32.5,25.4
2010-08-23,2213200.0,True,26.4,29.1,23.7
2010-08-24,2175900.0,True,23.7,25.9,21.9
2010-08-25,2158000.0,True,21.6,22.5,19.9
2010-08-26,2271600.0,True,24.0,26.7,21.1
2010-08-27,2296600.0,True,25.8,31.8,23.8
2010-08-28,1995200.0,True,25.5,27.2,24.7
2010-08-29,1875200.0,True,23.7,26.0,21.7
2010-08-30,2264800.0,True,25.8,29.9,23.1
2010-08-31,2320900.0,True,24.9,27.2,22.2
2010-09-01,2390200.0,True,26.0,31.4,22.8
2010-09-02,2303500.0,True,24.0,26.2,22.2
2010-09-03,2323800.0,True,25.4,30.0,22.8
2010-09-04,2020500.0,True,26.8,31.2,23.3
2010-09-05,1836600.0,True,25.1,30.7,23.1
2010-09-06,2275100.0,True,25.5,30.0,22.6
2010-09-07,2268548.0,True,26.3,30.8,22.8
2010-09-08,2161600.0,True,22.7,24.3,21.6
2010-09-09,2276800.0,True,20.9,22.5,19.0
2010-09-10,2490100.0,True,24.0,25.8,22.4
2010-09-11,2201400.0,True,23.7,26.1,22.4
2010-09-12,1972200.0,True,22.8,26.1,21.0
2010-09-13,2306400.0,True,23.9,27.9,20.9
2010-09-14,2298100.0,True,24.0,28.6,21.1
2010-09-15,2281600.0,True,24.7,30.5,19.2
2010-09-16,2308800.0,True,24.5,30.0,19.2
2010-09-17,2289700.0,True,24.3,28.9,20.1
2010-09-18,2029400.0,True,25.2,30.3,21.8
2010-09-19,1974700.0,True,20.8,23.8,18.3
2010-09-20,2210200.0,True,21.7,26.0,18.2
2010-09-21,2075600.0,True,21.4,24.9,17.9
2010-09-22,1902700.0,True,16.7,18.8,14.4
2010-09-23,2207400.0,True,17.0,22.8,12.1
2010-09-24,2563800.0,True,17.6,23.2,11.9
2010-09-25,2486000.0,True,18.6,24.1,13.6
2010-09-26,2449400.0,True,18.6,24.2,15.2
2010-09-27,2634100.0,True,19.0,23.9,14.9
2010-09-28,2954100.0,True,15.6,18.6,12.4
2010-09-29,3400100.0,True,13.0,16.8,9.8
2010-09-30,3388200.0,True,14.6,20.7,8.4
2010-10-01,3291800.0,True,16.0,21.4,10.8
2010-10-02,3419400.0,True,16.0,18.6,13.7
2010-10-03,3199300.0,True,17.0,21.4,14.4
2010-10-04,3536000.0,True,14.0,16.7,12.4
2010-10-05,3497200.0,True,15.0,19.7,11.2
2010-10-06,3380500.0,True,16.1,22.1,11.2
2010-10-07,3215300.0,True,17.3,23.8,11.9
2010-10-08,3012800.0,True,18.9,23.2,15.1
2010-10-09,2737500.0,True,19.4,24.2,15.4
2010-10-10,2658900.0,True,18.5,22.8,14.3
2010-10-11,2835910.0,True,18.3,21.2,15.6
2010-10-12,2972465.0,True,16.6,19.2,13.8
2010-10-13,3161907.0,True,15.7,19.6,12.9
2010-10-14,3322676.0,True,15.7,20.4,12.6
2010-10-15,3745654.0,True,13.1,16.9,9.3
2010-10-16,3473238.0,True,16.0,21.6,10.2
2010-10-17,3387046.0,True,15.6,19.9,12.1
2010-10-18,3730751.0,True,13.9,19.3,9.0
2010-10-19,3646986.0,True,15.9,21.7,11.0
2010-10-20,3591721.0,True,15.2,19.5,12.7
2010-10-21,3622814.0,True,15.8,21.9,10.2
2010-10-22,3435707.0,True,16.9,22.4,12.8
2010-10-23,3353054.0,True,15.9,20.2,11.7
2010-10-24,3217183.0,True,17.2,23.4,13.6
2010-10-25,4539618.0,True,9.9,15.1,4.4
2010-10-26,6126043.0,True,4.0,8.2,0.9
2010-10-27,6508920.0,True,5.6,10.1,0.7
2010-10-28,6477419.0,True,7.2,12.3,2.1
2010-10-29,6065398.0,True,9.6,16.7,3.4
2010-10-30,5385427.0,True,11.7,17.8,6.4
2010-10-31,5187637.0,True,12.0,17.0,7.1
2010-11-01,5284982.0,True,11.4,16.7,6.8
2010-11-02,6524457.0,True,5.0,9.2,2.5
2010-11-03,6506110.0,True,7.2,12.6,0.8
2010-11-04,5789469.0,True,10.6,16.0,5.7
2010-11-05,5518824.0,True,11.2,15.1,7.0
2010-11-06,5143228.0,True,12.7,14.8,11.1
2010-11-07,5155210.0,True,12.3,14.3,10.8
2010-11-08,6470808.0,True,7.0,11.4,1.8
2010-11-09,7811140.0,True,2.9,6.5,1.2
2010-11-10,7696943.0,True,4.1,9.1,-0.5
2010-11-11,7181240.0,True,9.3,15.1,3.2
2010-11-12,6579015.0,True,8.9,12.6,6.2
2010-11-13,6077837.0,True,11.1,17.4,5.8
2010-11-14,6638695.0,True,5.8,12.4,3.0
2010-11-15,7995530.0,True,1.4,5.1,-1.6
2010-11-16,8136402.0,True,3.7,8.8,-1.4
2010-11-17,7515090.0,True,6.5,11.3,3.0
2010-11-18,7346040.0,True,6.5,12.0,1.9
2010-11-19,7389115.0,True,5.9,10.9,2.4
2010-11-20,7007547.0,True,7.9,13.4,4.1
2010-11-21,6399398.0,True,11.0,15.6,6.1
2010-11-22,6997960.0,True,6.2,13.1,1.9
2010-11-23,7422976.0,True,5.9,12.8,-0.6
2010-11-24,7349970.0,True,6.3,10.7,3.7
2010-11-25,8032801.0,True,3.1,6.1,-1.0
2010-11-26,8906076.0,True,0.4,4.7,-3.0
2010-11-27,9096248.0,True,1.3,9.1,-2.7
2010-11-28,9757040.0,True,-1.3,2.0,-5.2
2010-11-29,9194607.0,True,3.2,7.8,-0.8
2010-11-30,8183168.0,True,7.3,12.5,4.1
2010-12-01,7806180.0,True,7.2,10.4,5.3
2010-12-02,7435337.0,True,9.5,13.5,5.5
2010-12-03,9056127.0,True,0.0,7.8,-2.7
2010-12-04,9058159.0,True,1.7,5.0,-3.6
2010-12-05,7728093.0,True,8.2,10.7,4.9
2010-12-06,8570178.0,True,3.0,10.2,-3.2
2010-12-07,9781187.0,True,-0.7,4.6,-4.8
2010-12-08,9964163.0,True,0.4,2.2,-2.1
2010-12-09,10394664.0,True,-1.8,2.3,-4.3
2010-12-10,10211775.0,True,2.9,10.1,-2.8
2010-12-11,10498367.0,True,-3.5,6.7,-6.2
2010-12-12,10820996.0,True,-1.2,3.7,-6.6
2010-12-13,10141543.0,True,3.7,6.1,1.7
2010-12-14,11468431.0,True,-4.0,1.8,-10.1
2010-12-15,13825583.0,True,-10.5,-7.3,-12.7
2010-12-16,13604478.0,True,-7.7,-4.1,-12.9
2010-12-17,12108525.0,True,-2.1,2.6,-5.5
2010-12-18,11089834.0,True,0.1,5.0,-4.6
2010-12-19,9769979.0,True,4.9,8.3,0.7
2010-12-20,9372081.0,True,4.1,8.8,1.6
2010-12-21,9246311.0,True,4.9,10.8,0.9
2010-12-22,9244337.0,True,4.0,8.3,0.3
2010-12-23,10681608.0,True,-1.9,4.5,-9.5
2010-12-24,13967955.0,True,-12.3,-9.0,-15.1
2010-12-25,14041693.0,True,-11.2,-6.7,-14.3
2010-12-26,13754912.0,True,-9.3,-5.1,-13.6
2010-12-27,13255569.0,True,-4.9,-2.1,-9.4
2010-12-28,12256740.0,True,-2.6,-0.1,-6.0
2010-12-29,12591615.0,True,-5.7,-2.1,-9.4
2010-12-30,12720350.0,True,-6.1,-3.6,-9.0
2010-12-31,13429277.0,True,-8.7,-6.2,-10.7
2011-01-01,12557371.0,True,-6.8,-2.9,-10.4
2011-01-02,12358308.0,True,-5.4,-1.2,-8.5
2011-01-03,12714284.0,True,-4.5,-0.3,-8.5
2011-01-04,12525228.0,True,-3.9,-1.7,-7.4
2011-01-05,12424803.0,True,-4.0,-1.8,-7.7
2011-01-06,13218015.0,True,-7.6,-4.6,-9.8
2011-01-07,13138994.0,True,-7.0,-2.9,-10.6
2011-01-08,12314201.0,True,-3.6,0.1,-8.2
2011-01-09,12426375.0,True,-7.0,-0.3,-10.3
2011-01-10,13448195.0,True,-8.2,-4.6,-11.8
2011-01-11,13047922.0,True,-5.4,-2.7,-7.8
2011-01-12,13448258.0,True,-8.2,-4.9,-11.1
2011-01-13,13096295.0,True,-5.9,-0.6,-11.1
2011-01-14,12562432.0,True,-3.8,0.3,-6.9
2011-01-15,14216534.0,True,-12.2,-6.9,-15.7
2011-01-16,15352736.0,True,-14.5,-10.7,-17.8
2011-01-17,15061022.0,True,-9.7,-4.8,-14.1
2011-01-18,14440212.0,True,-6.7,-2.7,-10.8
2011-01-19,14085557.0,True,-6.6,-3.2,-10.0
2011-01-20,14194155.0,True,-8.2,-4.7,-10.5
2011-01-21,13982969.0,True,-6.8,-3.2,-9.7
2011-01-22,13032299.0,True,-4.3,-0.8,-7.1
2011-01-23,12682890.0,True,-4.5,-2.1,-7.1
2011-01-24,13376953.0,True,-8.8,-5.8,-10.9
2011-01-25,13610373.0,True,-8.4,-4.4,-11.9
2011-01-26,13685290.0,True,-8.5,-5.2,-10.7
2011-01-27,14054741.0,True,-8.9,-5.7,-11.5
2011-01-28,13823277.0,True,-7.9,-4.3,-10.5
2011-01-29,13823158.0,True,-9.1,-5.5,-11.5
2011-01-30,14261618.0,True,-10.1,-5.7,-13.6
2011-01-31,13703198.0,True,-6.2,-1.8,-12.7
2011-02-01,11888183.0,True,-0.2,5.0,-4.2
2011-02-02,10173467.0,True,1.3,7.0,-2.8
2011-02-03,8754125.0,True,1.5,4.9,-1.3
2011-02-04,9188825.0,True,1.2,3.5,-0.5
2011-02-05,9732953.0,True,1.1,5.5,-0.8
2011-02-06,10292002.0,True,0.3,2.7,-2.1
2011-02-07,10831103.0,True,0.3,4.2,-2.8
2011-02-08,10082471.0,True,2.9,8.5,-0.5
2011-02-09,10694000.0,True,-1.2,2.1,-4.1
2011-02-10,11253016.0,True,-2.1,2.7,-5.6
2011-02-11,11472833.0,True,-2.9,1.8,-6.2
2011-02-12,11918572.0,True,-5.9,-1.8,-9.2
2011-02-13,11741570.0,True,-4.8,-0.2,-9.0
2011-02-14,11997582.0,True,-3.4,-0.2,-6.7
2011-02-15,11325469.0,True,-1.8,2.9,-5.5
2011-02-16,11056112.0,True,-0.6,4.3,-5.0
2011-02-17,10280132.0,True,0.9,4.7,-2.0
2011-02-18,9832541.0,True,1.6,7.3,-3.0
2011-02-19,9456287.0,True,1.4,7.0,-2.6
2011-02-20,8714906.0,True,5.3,12.8,-2.1
2011-02-21,8361770.0,True,6.2,12.3,1.4
2011-02-22,7979979.0,True,6.2,13.0,0.7
2011-02-23,8061058.0,True,5.6,12.0,0.6
2011-02-24,7878938.0,True,6.1,10.5,2.8
2011-02-25,8432514.0,True,2.0,6.3,-0.8
2011-02-26,8174361.0,True,6.2,13.2,-0.4
2011-02-27,8389973.0,True,4.2,7.4,1.8
2011-02-28,8907894.0,True,2.8,4.8,1.0
2011-03-01,9138671.0,True,0.5,3.7,-2.7
2011-03-02,10277406.0,True,-2.1,1.6,-4.2
2011-03-03,10507874.0,True,-2.1,2.5,-5.5
2011-03-04,9944476.0,True,0.1,6.0,-4.5
2011-03-05,9279817.0,True,2.1,6.8,-1.8
2011-03-06,8878751.0,True,3.4,7.4,1.2
2011-03-07,9156015.0,True,1.6,5.8,-1.2
2011-03-08,9250884.0,True,1.6,6.2,-2.3
2011-03-09,9500790.0,True,0.2,4.4,-2.4
2011-03-10,9303032.0,True,1.4,4.9,-3.4
2011-03-11,8504896.0,True,4.6,9.8,-0.3
2011-03-12,7560447.0,True,7.8,13.4,1.9
2011-03-13,6643460.0,True,10.7,16.2,8.5
2011-03-14,7117205.0,True,6.7,10.3,4.4
2011-03-15,8240577.0,True,1.5,5.7,-2.3
2011-03-16,9085196.0,True,-0.4,3.2,-3.1
2011-03-17,8891804.0,True,0.8,6.1,-3.5
2011-03-18,8098993.0,True,5.7,12.5,-1.5
2011-03-19,7067915.0,True,8.8,13.7,5.5
2011-03-20,7042322.0,True,6.9,11.4,2.9
2011-03-21,6964512.0,True,8.0,13.0,3.8
2011-03-22,8076289.0,True,1.8,6.1,-1.0
2011-03-23,8298706.0,True,2.2,7.3,-2.2
2011-03-24,8282330.0,True,2.9,8.0,0.1
2011-03-25,8438026.0,True,2.2,6.5,-0.8
2011-03-26,7921658.0,True,3.6,8.6,-0.6
2011-03-27,7612964.0,True,5.1,9.7,0.9
2011-03-28,7571294.0,True,5.2,8.4,3.1
2011-03-29,7605060.0,True,4.8,9.1,1.7
2011-03-30,7091374.0,True,7.3,13.6,2.3
2011-03-31,6593578.0,True,9.2,16.8,3.3
2011-04-01,6248577.0,True,9.1,14.9,4.3
2011-04-02,6260151.0,True,8.9,12.8,5.3
2011-04-03,5918674.0,True,9.6,15.5,4.9
2011-04-04,5929625.0,True,10.1,16.7,4.5
2011-04-05,5680355.0,True,10.7,17.1,5.1
2011-04-06,5715985.0,True,10.6,16.6,5.2
2011-04-07,5957874.0,True,9.6,10.7,8.5
2011-04-08,5303825.0,True,11.4,17.3,7.4
2011-04-09,5274919.0,True,9.9,15.0,6.8
2011-04-10,5287221.0,True,10.8,14.5,8.2
2011-04-11,5366892.0,True,10.4,15.4,6.0
2011-04-12,5365786.0,True,10.2,15.5,4.9
2011-04-13,5189793.0,True,11.3,17.4,5.7
2011-04-14,4940414.0,True,12.4,18.8,6.6
2011-04-15,4800504.0,True,12.2,19.0,9.4
2011-04-16,4744873.0,True,12.1,18.4,5.9
2011-04-17,4603213.0,True,12.0,18.4,8.0
2011-04-18,5766684.0,True,6.7,10.7,5.8
2011-04-19,5328651.0,True,10.8,16.2,6.6
2011-04-20,5080350.0,True,11.2,16.8,6.3
2011-04-21,4792802.0,True,13.5,18.0,8.0
2011-04-22,5400005.0,True,8.9,14.5,7.4
2011-04-23,5119303.0,True,9.7,14.2,6.1
2011-04-24,5078281.0,True,9.7,13.9,6.1
2011-04-25,5035397.0,True,11.3,15.7,7.2
2011-04-26,5348089.0,True,10.5,11.4,9.1
2011-04-27,4989626.0,True,11.4,14.2,8.7
2011-04-28,4936305.0,True,10.4,15.3,7.3
2011-04-29,4827486.0,True,13.2,18.4,7.3
2011-04-30,4966214.0,True,13.0,14.6,10.6
2011-05-01,4254893.0,True,12.5,15.7,9.9
2011-05-02,4078292.0,True,14.2,20.7,8.5
2011-05-03,3817497.0,True,15.3,20.6,11.9
2011-05-04,3677607.0,True,15.9,21.8,10.6
2011-05-05,3401502.0,True,17.5,23.7,12.7
2011-05-06,3554095.0,True,15.4,17.9,13.2
2011-05-07,3441404.0,True,14.5,21.8,11.5
2011-05-08,3083080.0,True,17.3,24.1,10.3
2011-05-09,3283270.0,True,17.6,22.0,14.6
2011-05-10,3293687.0,True,16.5,18.5,14.5
2011-05-11,3331615.0,True,17.2,21.1,14.4
2011-05-12,3302991.0,True,15.7,20.2,11.5
2011-05-13,3375814.0,True,14.6,20.6,10.3
2011-05-14,3180287.0,True,17.2,22.9,12.1
2011-05-15,3022231.0,True,17.2,22.9,13.0
2011-05-16,3159671.0,True,16.4,22.2,10.9
2011-05-17,3140991.0,True,17.5,22.8,11.6
2011-05-18,2984005.0,True,20.5,25.4,13.8
2011-05-19,2877114.0,True,20.7,23.6,18.8
2011-05-20,2963199.0,True,17.5,20.5,15.6
2011-05-21,3040059.0,True,14.5,17.7,12.6
2011-05-22,2866689.0,True,17.3,23.3,10.7
2011-05-23,2873769.0,True,19.5,25.9,15.3
2011-05-24,2814377.0,True,21.5,28.0,14.1
2011-05-25,2691232.0,True,22.7,28.2,16.7
2011-05-26,2643913.0,True,20.7,24.0,17.9
2011-05-27,2673403.0,True,20.1,24.5,15.6
2011-05-28,2492241.0,True,22.4,28.9,15.7
2011-05-29,2315686.0,True,24.4,31.2,18.4
2011-05-30,2564549.0,True,22.7,28.1,18.6
2011-05-31,2559085.0,True,18.7,23.7,15.4
2011-06-01,2648475.0,True,18.0,21.6,14.7
2011-06-02,2622775.0,True,19.0,24.7,15.1
2011-06-03,2617601.0,True,19.0,24.8,14.4
2011-06-04,2469067.0,True,18.7,24.6,15.8
2011-06-05,2226997.0,True,20.4,27.1,16.1
2011-06-06,2292577.0,True,20.9,26.9,15.3
2011-06-07,2540968.0,True,20.9,26.6,15.9
2011-06-08,2562247.0,True,22.0,27.5,18.2
2011-06-09,2519247.0,True,19.4,22.0,17.5
2011-06-10,2530999.0,True,21.4,24.3,17.8
2011-06-11,2302541.0,True,24.0,29.2,20.6
2011-06-12,2179151.0,True,23.4,30.2,19.0
2011-06-13,2458384.0,True,21.0,26.9,16.6
2011-06-14,2501608.0,True,22.8,29.5,16.8
2011-06-15,2505402.0,True,25.2,31.9,19.1
2011-06-16,2502902.0,True,26.5,32.0,20.3
2011-06-17,2412600.0,True,24.9,31.3,22.1
2011-06-18,2153980.0,True,24.5,28.9,20.8
2011-06-19,2018710.0,True,26.6,32.9,20.7
2011-06-20,2409509.0,True,26.6,32.0,22.7
2011-06-21,2404013.0,True,24.1,29.6,19.4
2011-06-22,2409631.0,True,22.7,24.9,20.9
2011-06-23,2484776.0,True,22.0,23.3,21.2
2011-06-24,2434139.0,True,19.7,21.6,18.6
2011-06-25,2338624.0,True,18.3,20.0,17.5
2011-06-26,2362938.0,True,19.2,21.6,17.2
2011-06-27,2677992.0,True,19.2,20.5,18.3
2011-06-28,2558237.0,True,24.1,29.7,18.2
2011-06-29,2674321.0,True,21.0,23.3,19.7
2011-06-30,2715754.0,True,23.8,27.9,21.0
2011-07-01,2590644.0,True,25.1,28.6,22.2
2011-07-02,2272475.0,True,24.7,26.8,22.7
2011-07-03,2262967.0,True,22.6,24.8,20.7
2011-07-04,2479400.0,True,22.5,28.0,18.9
2011-07-05,2444720.0,True,24.3,30.7,19.0
2011-07-06,2427235.0,True,25.6,31.2,20.4
2011-07-07,2505736.0,True,22.9,25.3,20.9
2011-07-08,2471566.0,True,22.4,24.6,20.6
2011-07-09,2273211.0,True,23.6,27.8,20.8
2011-07-10,2080406.0,True,24.2,28.4,21.4
2011-07-11,2510292.0,True,21.2,22.1,19.9
2011-07-12,2633051.0,True,22.8,25.6,20.9
2011-07-13,2729651.0,True,24.3,26.2,22.5
2011-07-14,2793978.0,True,23.6,24.6,22.3
2011-07-15,2707876.0,True,23.4,26.0,21.6
2011-07-16,2492017.0,True,22.8,25.3,21.2
2011-07-17,2209940.0,True,25.1,29.1,22.2
2011-07-18,2532912.0,True,28.7,34.1,24.4
2011-07-19,2485413.0,True,28.5,32.7,24.7
2011-07-20,2426068.0,True,27.6,32.6,23.6
2011-07-21,2380584.0,True,27.1,32.2,22.3
2011-07-22,2333462.0,True,24.1,26.6,21.4
2011-07-23,2082184.0,True,25.4,29.7,22.9
2011-07-24,1945836.0,True,24.8,27.9,22.8
2011-07-25,2339544.0,True,24.9,27.9,23.2
2011-07-26,2344089.0,True,24.8,29.3,21.1
2011-07-27,2444320.0,True,24.0,26.2,22.3
2011-07-28,2463258.0,True,24.7,26.3,22.8
2011-07-29,2429078.0,True,26.2,30.2,23.9
2011-07-30,2043562.0,True,27.2,30.5,24.4
2011-07-31,1919652.0,True,24.7,26.6,23.2
2011-08-01,2251896.0,True,25.6,29.2,23.3
2011-08-02,2261800.0,True,26.1,30.1,24.4
2011-08-03,2299100.0,True,25.4,28.1,23.7
2011-08-04,2332800.0,True,25.4,28.0,23.7
2011-08-05,2304100.0,True,28.9,34.1,23.4
2011-08-06,1997800.0,True,28.5,32.7,26.1
2011-08-07,1836700.0,True,28.7,33.0,24.9
2011-08-08,2309600.0,True,24.7,27.7,23.6
2011-08-09,2307700.0,True,26.0,28.7,24.4
2011-08-10,2313300.0,True,25.8,28.9,23.2
2011-08-11,2322000.0,True,26.6,29.9,24.5
2011-08-12,2326100.0,True,25.3,26.3,24.1
2011-08-13,2049400.0,True,25.3,26.6,23.9
2011-08-14,1833500.0,True,25.0,26.8,23.9
2011-08-15,1866200.0,True,24.5,26.9,22.9
2011-08-16,2403600.0,True,25.0,26.2,23.6
2011-08-17,2456200.0,True,23.7,24.6,22.8
2011-08-18,2356400.0,True,25.2,30.2,21.5
2011-08-19,2307100.0,True,24.4,29.2,21.7
2011-08-20,2019400.0,True,23.1,27.0,20.3
2011-08-21,1847600.0,True,24.4,31.0,18.7
2011-08-22,2289700.0,True,23.5,29.6,19.8
2011-08-23,2295200.0,True,24.3,30.5,18.1
2011-08-24,2275200.0,True,24.8,28.6,21.2
2011-08-25,2292100.0,True,25.7,30.5,21.0
2011-08-26,2256400.0,True,26.4,30.3,23.2
2011-08-27,2002400.0,True,27.6,31.2,23.5
2011-08-28,1848600.0,True,27.3,32.0,24.3
2011-08-29,2338700.0,True,26.8,29.9,24.5
2011-08-30,2354200.0,True,27.1,32.4,24.2
2011-08-31,2320075.0,True,27.9,32.8,23.6
2011-09-01,2335031.0,True,27.0,31.1,22.9
2011-09-02,2339039.0,True,26.9,32.4,22.9
2011-09-03,1979432.0,True,25.1,30.7,20.3
2011-09-04,1791619.0,True,23.7,30.2,19.4
2011-09-05,2216184.0,True,23.8,28.5,19.5
2011-09-06,2219052.0,True,23.4,28.7,18.8
2011-09-07,2230910.0,True,22.6,27.3,17.5
2011-09-08,2205576.0,True,22.3,25.8,20.4
2011-09-09,2220431.0,True,19.9,20.7,19.0
2011-09-10,1972229.0,True,21.5,26.4,18.0
2011-09-11,1856915.0,True,21.2,22.5,19.5
2011-09-12,1463159.0,True,23.3,27.0,20.0
2011-09-13,1593018.0,True,25.0,30.9,20.9
2011-09-14,2154354.0,True,24.4,28.1,22.8
2011-09-15,2366814.0,True,25.7,31.3,21.2
2011-09-16,2372304.0,True,25.6,31.2,21.7
2011-09-17,2024922.0,True,25.8,31.0,21.6
2011-09-18,1860867.0,True,21.0,26.4,17.5
2011-09-19,2281463.0,True,16.8,18.2,14.5
2011-09-20,2451993.0,True,17.7,23.2,13.4
2011-09-21,2568629.0,True,18.1,24.0,12.4
2011-09-22,2591707.0,True,18.1,24.6,11.9
2011-09-23,2458567.0,True,19.5,26.0,13.5
2011-09-24,2294714.0,True,19.6,25.9,14.4
2011-09-25,2154120.0,True,20.0,26.6,14.6
2011-09-26,2318839.0,True,21.2,27.7,14.8
2011-09-27,2383133.0,True,21.8,29.2,15.4
2011-09-28,2416189.0,True,19.8,23.5,16.6
2011-09-29,2654564.0,True,16.9,19.5,15.5
2011-09-30,2864746.0,True,14.8,18.6,10.3
2011-10-01,3224326.0,True,12.7,17.6,7.7
2011-10-02,3103687.0,True,13.3,18.1,9.6
2011-10-03,3404101.0,True,13.8,20.8,7.3
2011-10-04,3450845.0,True,14.9,21.2,8.4
2011-10-05,3232053.0,True,16.4,22.0,12.7
2011-10-06,3202990.0,True,16.5,20.2,12.7
2011-10-07,3171140.0,True,15.4,21.2,10.5
2011-10-08,3082135.0,True,16.2,22.5,10.4
2011-10-09,2942984.0,True,16.6,22.5,11.9
2011-10-10,3025726.0,True,16.9,21.8,12.4
2011-10-11,3097103.0,True,16.5,22.4,12.4
2011-10-12,3374889.0,True,14.7,18.7,10.7
2011-10-13,3176587.0,True,16.6,23.4,10.7
2011-10-14,3407422.0,True,14.4,15.7,12.7
2011-10-15,3770804.0,True,13.0,16.9,11.4
2011-10-16,3691554.0,True,14.8,20.1,11.1
2011-10-17,4285196.0,True,11.2,14.8,7.0
2011-10-18,4784337.0,True,9.4,15.4,3.9
2011-10-19,4506612.0,True,12.8,20.4,4.6
2011-10-20,4153753.0,True,15.5,20.9,11.0
2011-10-21,3681003.0,True,17.3,21.0,13.1
2011-10-22,3369064.0,True,17.1,21.7,14.4
2011-10-23,3271903.0,True,16.5,22.1,11.8
2011-10-24,4088381.0,True,12.3,15.3,7.1
2011-10-25,5337704.0,True,7.6,12.1,3.7
2011-10-26,5379132.0,True,9.5,15.3,3.1
2011-10-27,4764056.0,True,12.7,19.5,6.6
2011-10-28,4284818.0,True,14.5,19.8,11.0
2011-10-29,4446310.0,True,12.0,13.5,10.2
2011-10-30,4204421.0,True,14.8,20.8,10.7
2011-10-31,4296117.0,True,15.0,22.1,8.5
2011-11-01,3918357.0,True,16.1,22.6,9.9
2011-11-02,3737866.0,True,16.2,21.5,13.4
2011-11-03,3714449.0,True,16.8,24.3,10.0
2011-11-04,3476301.0,True,18.4,22.5,15.4
2011-11-05,3168355.0,True,19.9,25.9,16.4
2011-11-06,3592373.0,True,14.6,19.3,12.9
2011-11-07,3744117.0,True,15.1,18.8,12.5
2011-11-08,3930558.0,True,14.9,19.6,11.1
2011-11-09,4167424.0,True,14.5,18.4,12.5
2011-11-10,4303638.0,True,14.1,17.0,10.9
2011-11-11,4507547.0,True,12.5,14.7,11.0
2011-11-12,4582527.0,True,12.0,15.8,9.1
2011-11-13,4554216.0,True,11.3,15.8,6.0
2011-11-14,5969950.0,True,6.4,11.0,3.4
2011-11-15,6181826.0,True,7.2,11.6,3.4
2011-11-16,5761807.0,True,10.9,15.7,5.8
2011-11-17,5195983.0,True,13.6,16.3,10.5
2011-11-18,5096020.0,True,14.2,16.1,11.9
2011-11-19,5447391.0,True,10.6,15.5,3.5
2011-11-20,7710108.0,True,0.4,3.7,-2.2
2011-11-21,8437361.0,True,1.6,6.3,-2.6
2011-11-22,8039864.0,True,5.6,7.9,1.9
2011-11-23,8571133.0,True,2.8,7.4,-2.1
2011-11-24,9904176.0,True,-1.6,2.0,-5.5
2011-11-25,8906972.0,True,2.8,7.2,-0.5
2011-11-26,8247903.0,True,5.6,8.8,1.8
2011-11-27,6744111.0,True,13.5,15.3,8.7
2011-11-28,5657856.0,True,14.6,17.0,13.6
2011-11-29,5606416.0,True,11.3,13.6,9.2
2011-11-30,7325114.0,True,4.7,9.2,3.0
2011-12-01,7640916.0,True,5.8,9.0,4.3
2011-12-02,7876968.0,True,5.5,7.5,2.5
2011-12-03,7633413.0,True,5.3,9.1,3.7
2011-12-04,8229915.0,True,2.5,6.3,-0.3
2011-12-05,8959285.0,True,1.5,5.9,-2.1
2011-12-06,8413061.0,True,3.9,7.7,1.2
2011-12-07,8385044.0,True,4.0,5.7,2.3
2011-12-08,9227482.0,True,0.1,3.7,-3.7
2011-12-09,10385300.0,True,-2.7,0.1,-4.4
2011-12-10,10124900.0,True,-1.7,1.4,-4.9
2011-12-11,9255400.0,True,2.8,6.3,-1.7
2011-12-12,8969200.0,True,3.5,6.4,-0.1
2011-12-13,9334800.0,True,1.5,7.4,-3.1
2011-12-14,9560564.0,True,2.4,7.2,-1.1
2011-12-15,11024100.0,True,-3.9,-0.9,-5.8
2011-12-16,12362200.0,True,-7.1,-3.5,-9.8
2011-12-17,12347800.0,True,-5.8,-1.6,-10.6
2011-12-18,11202900.0,True,-2.4,1.4,-5.0
2011-12-19,11582500.0,True,-2.4,1.9,-6.7
2011-12-20,11197100.0,True,-0.3,3.8,-5.1
2011-12-21,10699500.0,True,1.9,5.2,-0.7
2011-12-22,12205000.0,True,-5.5,1.1,-8.7
2011-12-23,12551800.0,True,-5.4,-1.1,-10.1
2011-12-24,12097400.0,True,-5.2,-3.0,-7.8
2011-12-25,12597100.0,True,-7.1,-3.5,-9.5
2011-12-26,13348200.0,True,-7.1,-3.5,-10.1
2011-12-27,12739900.0,True,-4.0,1.2,-8.8
2011-12-28,11855400.0,True,-0.5,2.2,-4.1
2011-12-29,11437300.0,True,-1.7,1.7,-4.8
2011-12-30,11830600.0,True,-3.0,1.9,-6.4
2011-12-31,11479500.0,True,-1.9,1.4,-6.0
2012-01-01,11288700.0,True,-3.0,0.4,-6.9
2012-01-02,12441900.0,True,-4.8,-1.2,-8.3
2012-01-03,12601800.0,True,-4.5,-0.2,-6.8
2012-01-04,13338700.0,True,-7.4,-4.3,-9.6
2012-01-05,13142900.0,True,-5.7,-1.3,-9.8
2012-01-06,12198700.0,True,-2.8,1.3,-5.6
2012-01-07,12076600.0,True,-3.8,2.0,-8.0
2012-01-08,11763700.0,True,-2.5,0.4,-5.5
2012-01-09,11540100.0,True,-0.3,2.7,-1.8
2012-01-10,11628900.0,True,-2.5,1.5,-5.8
2012-01-11,12554100.0,True,-6.0,-3.3,-8.1
2012-01-12,12583700.0,True,-4.6,-0.4,-10.3
2012-01-13,11560400.0,True,-1.2,2.6,-4.1
2012-01-14,11331100.0,True,-1.5,2.7,-6.3
2012-01-15,11249500.0,True,-2.6,0.3,-4.7
2012-01-16,11234000.0,True,1.0,7.8,-5.1
2012-01-17,10523600.0,True,2.8,8.2,0.0
2012-01-18,10649800.0,True,1.4,5.4,-2.2
2012-01-19,10139100.0,True,5.3,8.4,1.4
2012-01-20,9525600.0,True,5.4,8.3,3.7
2012-01-21,9413800.0,True,2.4,5.7,-2.6
2012-01-22,11016900.0,True,-7.7,-2.4,-11.6
2012-01-23,11426900.0,True,-9.6,-5.3,-12.2
2012-01-24,12544300.0,True,-7.3,-3.1,-11.8
2012-01-25,13802800.0,True,-8.2,-5.0,-11.6
2012-01-26,12816300.0,True,-2.9,1.8,-8.5
2012-01-27,11879700.0,True,-0.9,4.9,-4.4
2012-01-28,11547300.0,True,-1.8,3.1,-6.0
2012-01-29,11496800.0,True,-2.8,1.6,-5.5
2012-01-30,12609900.0,True,-5.6,-0.8,-8.8
2012-01-31,12949300.0,True,-4.7,-0.3,-8.5
2012-02-01,14522700.0,True,-12.8,-8.1,-15.3
2012-02-02,15687800.0,True,-13.7,-9.5,-17.1
2012-02-03,14742500.0,True,-8.6,-3.9,-14.5
2012-02-04,12768400.0,True,-3.0,1.0,-5.2
2012-02-05,11963300.0,True,-0.9,4.8,-4.5
2012-02-06,11600000.0,True,0.9,7.0,-3.2
2012-02-07,13225900.0,True,-8.7,-0.1,-11.5
2012-02-08,13734600.0,True,-8.0,-3.8,-12.1
2012-02-09,12893800.0,True,-4.5,-0.5,-9.0
2012-02-10,12329500.0,True,-3.5,1.7,-6.9
2012-02-11,12083200.0,True,-3.8,0.8,-9.2
2012-02-12,11113600.0,True,-0.1,4.8,-5.0
2012-02-13,10589000.0,True,3.1,8.4,0.2
2012-02-14,10024600.0,True,3.0,8.3,-0.3
2012-02-15,10700200.0,True,-1.3,3.0,-4.1
2012-02-16,11411300.0,True,-2.8,2.7,-6.1
2012-02-17,12441900.0,True,-6.4,-2.9,-8.8
2012-02-18,12519100.0,True,-6.8,-2.2,-9.6
2012-02-19,11900900.0,True,-4.4,1.3,-9.6
2012-02-20,11273900.0,True,-0.2,5.3,-5.5
2012-02-21,10555100.0,True,2.3,5.5,-0.9
2012-02-22,9644300.0,True,5.8,12.1,-0.8
2012-02-23,9057500.0,True,4.4,8.2,1.1
2012-02-24,9097000.0,True,4.3,9.7,0.2
2012-02-25,9456300.0,True,1.2,5.0,-2.3
2012-02-26,10144800.0,True,-1.6,3.2,-4.0
2012-02-27,10511400.0,True,-0.7,5.2,-5.9
2012-02-28,10090300.0,True,2.1,7.3,-3.2
2012-02-29,9159600.0,True,5.4,11.8,-1.5
2012-03-01,8142800.0,True,8.7,14.6,4.0
2012-03-02,8131400.0,True,6.9,9.5,5.2
2012-03-03,7777000.0,True,6.9,12.9,2.7
2012-03-04,7978100.0,True,6.2,9.7,3.0
2012-03-05,8591000.0,True,5.3,8.5,3.1
2012-03-06,9212800.0,True,3.0,4.6,1.8
2012-03-07,9007600.0,True,3.0,7.7,-0.2
2012-03-08,9327800.0,True,2.0,5.2,-0.3
2012-03-09,9240100.0,True,3.4,9.1,-2.1
2012-03-10,8769700.0,True,3.9,8.9,1.3
2012-03-11,9981700.0,True,-2.4,1.3,-4.6
2012-03-12,10497300.0,True,-1.6,3.2,-5.7
2012-03-13,9679700.0,True,1.7,6.6,-3.5
2012-03-14,9491300.0,True,3.6,5.9,1.8
2012-03-15,8828900.0,True,5.5,11.8,-1.7
2012-03-16,8176400.0,True,8.1,12.9,5.7
2012-03-17,7140000.0,True,10.4,16.1,6.8
2012-03-18,7115800.0,True,6.9,11.5,2.2
2012-03-19,8229800.0,True,2.8,7.2,-0.5
2012-03-20,8561100.0,True,3.1,8.3,-1.9
2012-03-21,8295500.0,True,4.3,10.4,-0.5
2012-03-22,7829700.0,True,7.8,11.4,3.3
2012-03-23,8162300.0,True,5.0,9.7,2.3
2012-03-24,8492600.0,True,3.3,6.9,1.5
2012-03-25,8424000.0,True,3.6,7.7,0.9
2012-03-26,8472000.0,True,3.9,8.7,-0.2
2012-03-27,8170400.0,True,6.4,10.9,1.0
2012-03-28,7128600.0,True,10.1,15.8,6.4
2012-03-29,6685300.0,True,11.6,16.2,5.9
2012-03-30,6649700.0,True,9.0,11.9,5.8
2012-03-31,7116200.0,True,5.4,10.1,2.5
2012-04-01,7455100.0,True,4.6,9.4,0.6
2012-04-02,7524300.0,True,8.3,14.1,3.5
2012-04-03,8156000.0,True,4.9,9.4,1.1
2012-04-04,7585900.0,True,7.2,12.8,2.2
2012-04-05,7437700.0,True,6.7,12.2,3.1
2012-04-06,7671500.0,True,5.4,9.6,2.6
2012-04-07,7379600.0,True,5.9,12.4,0.6
2012-04-08,6527000.0,True,11.3,17.6,4.6
2012-04-09,5545300.0,True,15.4,22.4,10.7
2012-04-10,5435500.0,True,13.7,16.9,11.5
2012-04-11,5324900.0,True,12.2,17.4,9.1
2012-04-12,5869100.0,True,8.9,12.4,5.3
2012-04-13,5794700.0,True,10.3,15.1,7.4
2012-04-14,5462200.0,True,10.5,16.4,5.9
2012-04-15,4562700.0,True,13.4,21.7,6.9
2012-04-16,4760800.0,True,11.9,17.9,7.2
2012-04-17,4599000.0,True,13.6,19.7,7.5
2012-04-18,4418300.0,True,15.2,21.3,9.2
2012-04-19,4034700.0,True,17.0,24.3,12.2
2012-04-20,3687400.0,True,18.4,23.8,13.6
2012-04-21,4368700.0,True,11.4,16.3,9.5
2012-04-22,4889700.0,True,9.4,12.0,7.9
2012-04-23,4443300.0,True,12.9,17.3,9.1
2012-04-24,3700800.0,True,19.7,26.6,12.2
2012-04-25,4007900.0,True,15.1,20.7,10.5
2012-04-26,4170600.0,True,11.9,16.8,8.0
2012-04-27,3966200.0,True,15.2,22.3,7.8
2012-04-28,3537700.0,True,17.0,22.1,13.8
2012-04-29,3063000.0,True,19.9,26.3,14.0
2012-04-30,3019919.0,True,22.9,29.4,15.4
2012-05-01,2833100.0,True,22.6,28.3,17.3
2012-05-02,2834300.0,True,23.1,29.1,19.0
2012-05-03,2784800.0,True,20.0,25.4,17.0
2012-05-04,2656400.0,True,19.7,25.7,14.3
2012-05-05,2480800.0,True,18.8,24.9,13.5
2012-05-06,2492000.0,True,18.1,24.1,13.1
2012-05-07,2767600.0,True,18.5,24.9,12.2
2012-05-08,2782700.0,True,20.8,28.0,14.2
2012-05-09,2722100.0,True,20.7,27.4,15.0
2012-05-10,2714400.0,True,20.1,26.6,15.5
2012-05-11,2717800.0,True,16.2,19.2,13.2
2012-05-12,2606600.0,True,17.1,21.1,14.4
2012-05-13,2502800.0,True,19.1,25.2,14.8
2012-05-14,2917500.0,True,16.1,17.2,15.1
2012-05-15,2868200.0,True,16.9,22.7,13.0
2012-05-16,2892400.0,True,16.6,22.0,12.7
2012-05-17,2891400.0,True,16.6,20.5,13.9
2012-05-18,2798600.0,True,18.1,24.5,12.0
2012-05-19,2599600.0,True,19.5,25.8,13.1
2012-05-20,2426000.0,True,21.3,28.7,14.5
2012-05-21,2619800.0,True,23.0,28.9,17.2
2012-05-22,2574000.0,True,23.3,29.3,17.8
2012-05-23,2538200.0,True,22.1,27.8,18.3
2012-05-24,2473900.0,True,19.7,24.0,17.0
2012-05-25,2764500.0,True,20.5,26.6,16.2
2012-05-26,2424900.0,True,19.8,26.1,14.1
2012-05-27,2166400.0,True,19.3,23.4,17.1
2012-05-28,2258800.0,True,20.9,26.0,16.4
2012-05-29,2483820.0,True,21.6,25.4,18.8
2012-05-30,2508100.0,True,20.7,23.6,18.6
2012-05-31,2576100.0,True,20.9,27.2,16.6
2012-06-01,2587300.0,True,21.4,26.7,16.3
2012-06-02,2168100.0,True,23.1,28.8,19.2
2012-06-03,2055300.0,True,23.3,29.1,18.0
2012-06-04,2462000.0,True,23.7,29.1,18.6
2012-06-05,2493200.0,True,22.5,27.5,19.8
2012-06-06,2119400.0,True,23.0,28.9,19.1
2012-06-07,2521500.0,True,23.0,29.4,18.5
2012-06-08,2480305.0,True,22.2,27.9,19.0
2012-06-09,2085800.0,True,24.2,29.9,18.6
2012-06-10,1961500.0,True,23.7,28.7,20.8
2012-06-11,2409200.0,True,23.2,27.8,20.3
2012-06-12,2372300.0,True,22.6,28.9,19.0
2012-06-13,2407500.0,True,23.4,28.9,18.3
2012-06-14,2405100.0,True,24.8,31.7,19.3
2012-06-15,2555700.0,True,23.7,28.0,20.4
2012-06-16,2235400.0,True,23.5,29.9,20.2
2012-06-17,1925500.0,True,23.6,29.8,18.1
2012-06-18,2445070.0,True,24.9,30.2,20.1
2012-06-19,2478700.0,True,26.0,33.5,20.9
2012-06-20,2496700.0,True,25.4,31.3,21.3
2012-06-21,2484100.0,True,25.7,32.4,21.3
2012-06-22,2490100.0,True,24.3,29.3,21.3
2012-06-23,2074300.0,True,26.2,31.7,21.5
2012-06-24,1800000.0,True,27.8,32.8,23.6
2012-06-25,2393700.0,True,26.5,33.2,22.2
2012-06-26,2442200.0,True,24.6,30.8,20.6
2012-06-27,2444100.0,True,24.8,31.0,19.3
2012-06-28,2477200.0,True,25.3,29.6,20.9
2012-06-29,2504000.0,True,25.9,31.0,22.0
2012-06-30,2172200.0,True,21.9,23.7,20.2
2012-07-01,1882700.0,True,21.6,25.4,19.2
2012-07-02,2419600.0,True,24.0,29.8,21.7
2012-07-03,2502800.0,True,22.7,25.7,19.7
2012-07-04,2512200.0,True,24.4,27.4,22.6
2012-07-05,2565000.0,True,22.7,24.6,20.9
2012-07-06,2528500.0,True,20.9,21.8,19.9
2012-07-07,2159100.0,True,24.8,31.0,18.5
2012-07-08,1894000.0,True,25.8,30.7,21.4
2012-07-09,2550000.0,True,26.3,32.3,21.9
2012-07-10,2535300.0,True,25.9,29.1,21.7
2012-07-11,2559600.0,True,23.3,26.5,21.0
2012-07-12,2507700.0,True,24.7,28.5,21.1
2012-07-13,2615400.0,True,26.1,29.3,21.8
2012-07-14,2072000.0,True,22.8,26.2,20.4
2012-07-15,2058700.0,True,19.7,20.5,19.1
2012-07-16,2547900.0,True,21.7,25.0,19.0
2012-07-17,2658300.0,True,25.5,29.0,21.6
2012-07-18,2557900.0,True,26.3,28.4,24.7
2012-07-19,2504100.0,True,23.9,26.5,22.4
2012-07-20,2423400.0,True,25.6,29.7,22.1
2012-07-21,2068600.0,True,27.5,31.4,24.1
2012-07-22,1953600.0,True,27.2,30.4,23.7
2012-07-23,2407200.0,True,27.6,30.5,25.6
2012-07-24,2426812.0,True,27.8,32.1,25.5
2012-07-25,2517356.0,True,27.9,32.1,24.2
2012-07-26,2552455.0,True,28.1,32.6,24.3
2012-07-27,2496269.0,True,27.9,32.3,24.9
2012-07-28,1954601.0,True,28.5,33.2,25.2
2012-07-29,1779384.0,True,29.2,33.2,26.2
2012-07-30,2199186.0,True,28.4,31.6,23.0
2012-07-31,2232291.0,True,29.0,33.0,26.6
2012-08-01,2192629.0,True,30.8,35.3,25.9
2012-08-02,2133074.0,True,30.8,35.5,26.8
2012-08-03,2368771.0,True,31.3,35.4,27.1
2012-08-04,1777304.0,True,31.7,36.2,28.2
2012-08-05,1626667.0,True,31.8,36.7,27.5
2012-08-06,2261481.0,True,31.5,35.8,27.8
2012-08-07,2251235.0,True,30.7,35.0,26.6
2012-08-08,2104012.0,True,29.6,34.3,25.6
2012-08-09,2189124.0,True,29.7,34.6,26.6
2012-08-10,2111031.0,True,27.4,29.0,25.7
2012-08-11,1746577.0,True,27.7,31.8,24.0
2012-08-12,1619783.0,True,25.5,27.9,22.3
2012-08-13,2081414.0,True,26.6,32.1,22.1
2012-08-14,2160209.0,True,26.7,31.2,23.2
2012-08-15,1884381.0,True,23.7,27.1,22.4
2012-08-16,2217796.0,True,26.0,28.9,22.7
2012-08-17,2333670.0,True,27.5,32.2,24.3
2012-08-18,2046824.0,True,27.2,28.6,25.8
2012-08-19,1908929.0,True,27.9,30.8,26.3
2012-08-20,2420863.0,True,25.4,27.1,24.0
2012-08-21,2464984.0,True,25.3,28.7,23.5
2012-08-22,2359341.0,True,22.0,24.6,20.3
2012-08-23,2338496.0,True,23.0,25.7,20.5
2012-08-24,2354681.0,True,23.3,26.1,21.1
2012-08-25,2198251.0,True,25.0,28.9,21.5
2012-08-26,2047107.0,True,27.5,32.4,24.1
2012-08-27,2480886.0,True,28.5,32.9,24.5
2012-08-28,2356404.0,True,26.1,29.4,21.8
2012-08-29,2453169.0,True,25.7,29.1,21.7
2012-08-30,2414884.0,True,21.4,24.7,18.7
2012-08-31,2323788.0,True,23.8,28.4,18.7
2012-09-01,2067359.0,True,25.2,29.4,22.3
2012-09-02,1902990.0,True,25.0,29.5,20.8
2012-09-03,2354134.0,True,24.9,28.5,22.2
2012-09-04,2407772.0,True,22.0,24.4,19.7
2012-09-05,2365856.0,True,22.3,26.1,19.2
2012-09-06,2321779.0,True,21.6,27.1,16.0
2012-09-07,2311908.0,True,22.5,27.2,16.9
2012-09-08,2147750.0,True,20.2,23.7,17.7
2012-09-09,2008663.0,True,20.9,25.0,17.1
2012-09-10,2324148.0,True,23.2,28.3,17.8
2012-09-11,2322014.0,True,22.8,27.5,18.1
2012-09-12,2273746.0,True,21.6,24.8,19.6
2012-09-13,2367482.0,True,20.0,21.1,18.6
2012-09-14,2333205.0,True,19.4,21.8,17.3
2012-09-15,2106471.0,True,21.0,25.5,17.0
2012-09-16,2079925.0,True,19.9,22.1,17.5
2012-09-17,2653056.0,True,17.3,18.4,16.0
2012-09-18,2457442.0,True,20.9,24.6,17.7
2012-09-19,2437926.0,True,20.6,25.2,17.7
2012-09-20,2435928.0,True,20.1,24.7,15.6
2012-09-21,2376463.0,True,20.1,24.3,17.2
2012-09-22,2246047.0,True,20.7,26.4,15.2
2012-09-23,2119485.0,True,21.2,26.6,16.4
2012-09-24,2332853.0,True,21.5,27.5,16.1
2012-09-25,2370782.0,True,21.8,27.8,16.9
2012-09-26,2353197.0,True,21.3,25.4,17.5
2012-09-27,2320753.0,True,20.3,23.6,17.7
2012-09-28,2497975.0,True,18.0,22.0,15.4
2012-09-29,2485171.0,True,16.4,19.8,14.0
2012-09-30,2294450.0,True,16.2,21.0,12.0
2012-10-01,2164796.0,True,18.1,24.6,12.5
2012-10-02,2374311.0,True,19.3,24.9,14.3
2012-10-03,2295384.0,True,19.9,26.0,15.0
2012-10-04,2498677.0,True,19.0,24.2,14.4
2012-10-05,2519165.0,True,19.0,22.8,14.9
2012-10-06,2411404.0,True,19.6,24.5,16.1
2012-10-07,2368472.0,True,19.2,24.4,15.1
2012-10-08,2549961.0,True,18.4,23.4,14.6
2012-10-09,2601155.0,True,17.6,22.4,13.8
2012-10-10,2853080.0,True,15.7,20.3,12.6
2012-10-11,3195289.0,True,13.9,19.0,9.9
2012-10-12,3197362.0,True,14.9,21.4,8.5
2012-10-13,2995327.0,True,16.4,23.1,11.3
2012-10-14,2967768.0,True,16.3,21.8,12.0
2012-10-15,3366089.0,True,14.8,21.8,10.3
2012-10-16,3285340.0,True,17.1,23.4,10.8
2012-10-17,3708718.0,True,12.6,17.6,8.1
2012-10-18,3991455.0,True,11.6,17.0,6.0
2012-10-19,3645138.0,True,14.8,20.1,10.3
2012-10-20,3420897.0,True,15.8,21.0,10.5
2012-10-21,2987047.0,True,18.3,23.7,15.4
2012-10-22,3802156.0,True,13.4,17.1,8.5
2012-10-23,4322416.0,True,10.0,14.5,4.5
2012-10-24,4098613.0,True,13.2,18.4,9.5
2012-10-25,3801743.0,True,15.2,20.0,12.6
2012-10-26,3589880.0,True,15.9,22.3,11.1
2012-10-27,3930127.0,True,14.3,16.4,12.5
2012-10-28,3667385.0,True,14.3,18.8,10.8
2012-10-29,4194389.0,True,11.7,16.7,8.0
2012-10-30,4834458.0,True,8.6,12.4,5.8
2012-10-31,5696108.0,True,6.9,11.6,2.8
2012-11-01,6426210.0,True,5.6,10.0,2.7
2012-11-02,6496534.0,True,7.2,12.4,1.6
2012-11-03,5653563.0,True,9.4,15.7,3.2
2012-11-04,5489086.0,True,11.8,15.3,9.1
2012-11-05,5685075.0,True,8.5,10.7,7.2
2012-11-06,6118997.0,True,7.1,8.6,5.1
2012-11-07,6240404.0,True,8.4,12.5,4.1
2012-11-08,6051759.0,True,8.8,12.6,6.0
2012-11-09,5932974.0,True,9.4,15.0,4.4
2012-11-10,5849621.0,True,12.0,14.7,9.2
2012-11-11,6241775.0,True,8.7,12.0,3.6
2012-11-12,6574195.0,True,7.3,9.1,5.8
2012-11-13,6890514.0,True,5.3,9.1,1.7
2012-11-14,7763750.0,True,2.4,6.7,-0.6
2012-11-15,7545922.0,True,4.2,9.8,-0.3
2012-11-16,7566719.0,True,4.9,8.2,1.0
2012-11-17,7255435.0,True,5.3,8.0,1.5
2012-11-18,7431727.0,True,3.5,8.4,-0.5
2012-11-19,7997934.0,True,3.4,7.6,-0.5
2012-11-20,8505103.0,True,1.9,6.4,-1.8
2012-11-21,8218411.0,True,4.1,8.4,-0.4
2012-11-22,7669873.0,True,6.7,10.5,1.9
2012-11-23,8020635.0,True,3.3,6.9,0.3
2012-11-24,8237789.0,True,1.7,6.7,-1.8
2012-11-25,8077234.0,True,3.4,7.5,-0.7
2012-11-26,8614631.0,True,2.3,5.1,-1.2
2012-11-27,8929188.0,True,2.1,6.5,-2.8
2012-11-28,8420752.0,True,5.0,10.2,-0.1
2012-11-29,9215614.0,True,0.8,4.7,-1.9
2012-11-30,9163406.0,True,1.7,6.2,-3.0
2012-12-01,9785727.0,True,-0.9,4.0,-5.9
2012-12-02,8775084.0,True,2.9,7.1,1.0
2012-12-03,9665343.0,True,1.7,5.0,-1.6
2012-12-04,10782626.0,True,-3.3,-0.1,-5.9
2012-12-05,11500645.0,True,-3.8,-0.8,-6.2
2012-12-06,12315778.0,True,-6.3,-2.9,-10.3
2012-12-07,12343364.0,True,-4.5,-2.4,-6.4
2012-12-08,12735946.0,True,-8.2,-5.3,-11.0
2012-12-09,13559354.0,True,-10.5,-7.0,-13.2
2012-12-10,13754636.0,True,-8.3,-4.6,-11.8
2012-12-11,13427944.0,True,-6.5,-0.8,-10.4
2012-12-12,12969893.0,True,-5.0,0.0,-9.0
2012-12-13,12197795.0,True,-1.5,3.4,-6.2
2012-12-14,11363373.0,True,2.7,4.7,0.3
2012-12-15,9501443.0,True,4.6,8.3,1.9
2012-12-16,9600919.0,True,1.6,4.3,-1.2
2012-12-17,10630197.0,True,-0.4,3.2,-4.7
2012-12-18,12234661.0,True,-6.8,-4.0,-9.2
2012-12-19,12526199.0,True,-6.9,-2.8,-10.4
2012-12-20,12248862.0,True,-3.4,0.3,-7.8
2012-12-21,11769150.0,True,-0.7,0.8,-1.9
2012-12-22,11622783.0,True,-3.0,-0.8,-5.9
2012-12-23,12784909.0,True,-8.9,-5.9,-12.5
2012-12-24,13893474.0,True,-8.8,-4.5,-13.6
2012-12-25,13424709.0,True,-8.9,-4.6,-13.7
2012-12-26,14847465.0,True,-10.8,-7.0,-14.5
2012-12-27,13934334.0,True,-5.7,-0.8,-11.3
2012-12-28,12559412.0,True,-0.9,1.5,-3.5
2012-12-29,11751755.0,True,-0.3,0.6,-1.9
2012-12-30,12500408.0,True,-8.2,0.0,-10.7
2012-12-31,13590181.0,True,-8.7,-5.0,-11.6
2013-01-01,12666171.0,True,-4.7,0.0,-8.7
2013-01-02,14553935.0,True,-11.7,-4.8,-15.1
2013-01-03,15553781.0,True,-13.2,-9.3,-16.4
2013-01-04,15123298.0,True,-10.7,-5.8,-14.8
2013-01-05,14094130.0,True,-7.0,-1.2,-12.1
2013-01-06,13392425.0,True,-6.3,-2.0,-9.4
2013-01-07,13527543.0,True,-5.1,0.1,-8.8
2013-01-08,13105634.0,True,-4.6,-0.7,-6.8
2013-01-09,13922084.0,True,-9.0,-6.4,-10.7
2013-01-10,14009781.0,True,-8.3,-3.6,-12.3
2013-01-11,12791168.0,True,-3.2,1.4,-7.9
2013-01-12,11452275.0,True,0.0,4.2,-2.7
2013-01-13,11128238.0,True,-0.5,3.3,-3.0
2013-01-14,11694933.0,True,-2.1,1.8,-4.3
2013-01-15,11826665.0,True,-2.1,2.0,-5.5
2013-01-16,11885796.0,True,-2.6,0.4,-5.8
2013-01-17,12699265.0,True,-5.8,-2.5,-8.2
2013-01-18,12358478.0,True,-4.4,0.2,-9.2
2013-01-19,10994163.0,True,0.5,4.6,-2.5
2013-01-20,10543424.0,True,1.6,4.1,-2.0
2013-01-21,10615309.0,True,2.2,4.0,1.1
2013-01-22,9818662.0,True,3.8,6.0,2.0
2013-01-23,9840191.0,True,1.8,3.8,1.0
2013-01-24,10792304.0,True,-0.9,2.4,-6.7
2013-01-25,12847655.0,True,-9.1,-6.5,-10.8
2013-01-26,13169599.0,True,-9.2,-5.1,-11.9
2013-01-27,12856557.0,True,-7.3,-3.9,-10.7
2013-01-28,12624077.0,True,-3.5,0.2,-8.9
2013-01-29,11000591.0,True,2.2,3.7,-0.3
2013-01-30,9794058.0,True,5.4,8.5,3.5
2013-01-31,8850222.0,True,7.4,11.5,3.7
2013-02-01,8494096.0,True,7.3,9.3,3.7
2013-02-02,9320472.0,True,-1.1,3.7,-4.5
2013-02-03,10605660.0,True,-3.2,-1.1,-5.8
2013-02-04,10631394.0,True,-0.8,2.5,-3.3
2013-02-05,11014125.0,True,-0.6,2.7,-4.0
2013-02-06,11131882.0,True,-1.5,0.2,-3.1
2013-02-07,13717700.0,True,-11.1,-2.6,-13.8
2013-02-08,14728872.0,True,-11.5,-6.1,-15.8
2013-02-09,13089654.0,True,-7.2,-2.6,-12.3
2013-02-10,11290310.0,True,-4.0,-0.5,-8.4
2013-02-11,12228312.0,True,-5.8,-0.9,-10.4
2013-02-12,12610254.0,True,-3.8,-1.9,-4.8
2013-02-13,11704590.0,True,-1.3,2.9,-6.3
2013-02-14,10796447.0,True,1.1,5.2,-2.6
2013-02-15,10643109.0,True,-1.2,1.5,-5.2
2013-02-16,10784817.0,True,-2.6,2.6,-7.0
2013-02-17,9892279.0,True,2.3,5.8,-2.1
2013-02-18,10176242.0,True,0.5,3.1,-2.5
2013-02-19,10918315.0,True,-2.9,0.6,-7.1
2013-02-20,11686896.0,True,-4.8,0.0,-8.7
2013-02-21,10796337.0,True,-1.7,2.5,-5.3
2013-02-22,10349253.0,True,0.5,4.3,-3.1
2013-02-23,10331423.0,True,-0.9,2.4,-4.4
2013-02-24,9571822.0,True,1.4,5.3,-2.4
2013-02-25,9364177.0,True,3.3,8.6,-0.7
2013-02-26,9042992.0,True,4.8,7.5,2.5
2013-02-27,8589182.0,True,3.4,8.8,0.8
2013-02-28,8177338.0,True,6.7,13.9,-1.1
2013-03-01,8339399.0,True,0.8,7.7,-2.4
2013-03-02,9024469.0,True,-0.8,3.1,-4.4
2013-03-03,8961082.0,True,0.4,4.8,-3.5
2013-03-04,8853765.0,True,3.1,8.9,-0.7
2013-03-05,8527522.0,True,3.7,9.1,-0.7
2013-03-06,7904683.0,True,7.9,14.3,0.9
2013-03-07,7364865.0,True,8.0,11.7,4.3
2013-03-08,6975499.0,True,8.5,14.1,3.8
2013-03-09,6081318.0,True,13.2,23.8,6.2
2013-03-10,7357585.0,True,1.2,7.9,-1.5
2013-03-11,7711153.0,True,4.2,12.1,-2.6
2013-03-12,7419882.0,True,7.5,11.7,1.6
2013-03-13,7616675.0,True,5.2,8.4,1.8
2013-03-14,7715389.0,True,4.1,9.8,0.9
2013-03-15,7600960.0,True,4.6,10.5,0.0
2013-03-16,7116834.0,True,6.3,12.7,1.6
2013-03-17,6749417.0,True,8.2,15.9,3.4
2013-03-18,6617744.0,True,8.3,14.2,5.3
2013-03-19,6635699.0,True,8.0,11.4,5.2
2013-03-20,7768873.0,True,2.8,8.5,-2.5
2013-03-21,8362319.0,True,1.5,7.2,-4.0
2013-03-22,8062428.0,True,3.4,6.9,0.9
2013-03-23,7651921.0,True,5.4,12.1,-1.2
2013-03-24,7493841.0,True,5.1,10.2,1.8
2013-03-25,7833232.0,True,2.8,7.8,-0.7
2013-03-26,7593553.0,True,4.4,10.4,-0.9
2013-03-27,7067122.0,True,7.5,14.9,1.4
2013-03-28,6934722.0,True,7.3,12.0,4.4
2013-03-29,7216656.0,True,5.4,10.4,0.6
2013-03-30,7174640.0,True,4.9,10.2,2.3
2013-03-31,6789269.0,True,6.3,13.2,1.0
2013-04-01,6629847.0,True,9.2,13.4,3.3
2013-04-02,6779428.0,True,7.2,9.5,5.8
2013-04-03,6445563.0,True,7.9,14.1,3.9
2013-04-04,5724387.0,True,12.6,19.8,5.6
2013-04-05,5181291.0,True,14.6,19.9,10.1
2013-04-06,5926888.0,True,7.5,13.0,2.5
2013-04-07,6316536.0,True,5.1,9.6,2.0
2013-04-08,6450269.0,True,8.0,13.8,2.5
2013-04-09,6679587.0,True,6.2,10.7,3.2
2013-04-10,7052843.0,True,5.0,8.1,1.3
2013-04-11,7006823.0,True,5.5,9.6,3.7
2013-04-12,6698016.0,True,6.9,11.9,2.2
2013-04-13,5985744.0,True,11.4,17.5,3.4
2013-04-14,5865967.0,True,8.3,12.2,4.2
2013-04-15,6456593.0,True,7.5,12.5,2.6
2013-04-16,5645401.0,True,13.2,19.1,8.6
2013-04-17,4946549.0,True,14.8,20.6,10.3
2013-04-18,4972155.0,True,12.3,16.3,9.0
2013-04-19,5244826.0,True,9.8,15.0,5.1
2013-04-20,5960080.0,True,6.6,10.1,4.0
2013-04-21,5412943.0,True,9.0,15.3,4.2
2013-04-22,5295078.0,True,11.4,17.2,5.6
2013-04-23,5563141.0,True,11.2,14.8,9.7
2013-04-24,4962176.0,True,12.3,18.0,8.3
2013-04-25,5302065.0,True,9.3,13.8,7.9
2013-04-26,5051805.0,True,11.7,16.3,6.9
2013-04-27,4546744.0,True,12.8,18.5,8.2
2013-04-28,4200937.0,True,16.0,21.6,10.3
2013-04-29,4448278.0,True,13.5,17.7,9.0
2013-04-30,4281115.0,True,13.4,19.5,7.7
2013-05-01,4025538.0,True,13.2,18.6,8.7
2013-05-02,4054375.0,True,12.4,17.1,9.0
2013-05-03,4104138.0,True,12.6,18.2,9.0
2013-05-04,3892877.0,True,13.9,19.6,9.3
2013-05-05,3712785.0,True,14.3,20.6,9.2
2013-05-06,3772944.0,True,14.6,21.3,7.9
2013-05-07,3477684.0,True,18.7,26.7,11.9
2013-05-08,3305083.0,True,19.4,26.2,12.7
2013-05-09,3298502.0,True,18.1,23.0,14.7
2013-05-10,3561269.0,True,14.0,16.1,10.4
2013-05-11,3614869.0,True,17.9,24.8,11.0
2013-05-12,3358789.0,True,19.1,22.5,16.4
2013-05-13,3356081.0,True,21.6,26.8,17.7
2013-05-14,3192630.0,True,20.2,25.3,17.0
2013-05-15,3175644.0,True,19.4,24.4,15.6
2013-05-16,3070702.0,True,22.0,28.3,15.3
2013-05-17,2774940.0,True,20.2,26.6,15.7
2013-05-18,2817713.0,True,17.7,22.3,13.7
2013-05-19,2972829.0,True,16.6,21.5,13.6
2013-05-20,3285499.0,True,14.4,18.5,12.1
2013-05-21,3248807.0,True,17.7,24.6,10.2
2013-05-22,3156324.0,True,19.7,25.9,13.9
2013-05-23,3046120.0,True,22.1,30.2,15.4
2013-05-24,2944196.0,True,21.3,27.5,15.7
2013-05-25,2492388.0,True,24.7,31.8,18.2
2013-05-26,2160205.0,True,23.9,28.4,20.8
2013-05-27,2529882.0,True,19.7,22.6,17.7
2013-05-28,2597799.0,True,18.9,20.9,17.6
2013-05-29,2709036.0,True,16.1,18.1,14.9
2013-05-30,2626188.0,True,19.2,25.0,14.3
2013-05-31,2534426.0,True,21.3,27.8,13.9
2013-06-01,2325744.0,True,21.7,27.9,17.4
2013-06-02,2195924.0,True,23.5,30.8,16.3
2013-06-03,2439722.0,True,21.3,26.7,18.4
2013-06-04,2439490.0,True,22.8,28.4,17.5
2013-06-05,2433999.0,True,24.8,30.4,19.1
2013-06-06,2076367.0,True,25.0,30.0,21.7
2013-06-07,2363983.0,True,25.7,31.1,20.7
2013-06-08,2112786.0,True,26.4,31.2,21.0
2013-06-09,1913806.0,True,27.4,32.4,22.3
2013-06-10,2324670.0,True,27.5,32.2,21.6
2013-06-11,2308479.0,True,23.7,26.7,20.5
2013-06-12,2307454.0,True,20.5,22.5,19.6
2013-06-13,2340454.0,True,23.0,27.5,18.8
2013-06-14,2353945.0,True,24.6,29.7,20.9
2013-06-15,2071167.0,True,24.6,29.1,21.3
2013-06-16,1888664.0,True,22.5,27.5,19.8
2013-06-17,2263298.0,True,22.3,25.8,19.9
2013-06-18,2341615.0,True,21.7,23.1,20.5
2013-06-19,2299016.0,True,24.3,29.6,20.6
2013-06-20,2316783.0,True,25.8,31.1,20.9
2013-06-21,2306247.0,True,26.6,31.8,22.9
2013-06-22,2086292.0,True,25.1,29.6,22.7
2013-06-23,1848537.0,True,22.9,26.2,20.6
2013-06-24,2258947.0,True,23.5,29.4,19.6
2013-06-25,2302488.0,True,25.1,29.8,21.0
2013-06-26,2243763.0,True,24.5,29.7,21.1
2013-06-27,2293000.0,True,25.1,31.8,20.4
2013-06-28,2297520.0,True,25.5,30.6,21.5
2013-06-29,2017809.0,True,27.2,32.6,21.8
2013-06-30,1809758.0,True,27.7,31.9,23.4
2013-07-01,2246240.0,True,27.1,31.3,23.9
2013-07-02,2299075.0,True,24.3,27.9,21.5
2013-07-03,2238885.0,True,25.2,30.7,20.5
2013-07-04,2291130.0,True,24.9,27.6,23.1
2013-07-05,2273520.0,True,25.6,30.2,22.1
2013-07-06,1995208.0,True,25.2,30.6,21.6
2013-07-07,1840992.0,True,24.9,29.5,22.4
2013-07-08,2378685.0,True,24.3,26.3,22.3
2013-07-09,2381056.0,True,24.5,26.2,23.5
2013-07-10,2389839.0,True,25.3,26.1,24.6
2013-07-11,2435619.0,True,24.6,25.1,23.8
2013-07-12,2475498.0,True,23.6,24.3,23.2
2013-07-13,2313030.0,True,24.2,25.6,22.2
2013-07-14,2087768.0,True,24.1,25.4,23.1
2013-07-15,2503912.0,True,26.5,29.1,23.6
2013-07-16,2428183.0,True,26.9,28.8,25.2
2013-07-17,2478397.0,True,24.2,25.7,23.5
2013-07-18,2491494.0,True,25.1,27.7,23.8
2013-07-19,2395813.0,True,26.8,30.5,23.3
2013-07-20,2140970.0,True,27.0,30.3,25.3
2013-07-21,1979937.0,True,26.8,28.4,25.6
2013-07-22,2396221.0,True,26.4,29.4,24.1
2013-07-23,2509122.0,True,25.7,26.4,24.7
2013-07-24,2402163.0,True,24.7,27.6,23.2
2013-07-25,2389436.0,True,26.0,30.2,22.9
2013-07-26,2353618.0,True,26.5,31.1,23.1
2013-07-27,2087708.0,True,26.2,31.2,23.1
2013-07-28,1994356.0,True,25.3,26.7,23.9
2013-07-29,2355261.0,True,26.5,29.6,24.4
2013-07-30,2291202.0,True,26.3,29.9,24.0
2013-07-31,2294299.0,True,26.4,29.0,24.7
2013-08-01,2248209.0,True,28.0,32.1,24.5
2013-08-02,2254545.0,True,27.4,29.3,25.2
2013-08-03,1977919.0,True,28.9,32.6,26.7
2013-08-04,1881914.0,True,28.3,31.3,26.4
2013-08-05,2295164.0,True,27.7,30.1,26.4
2013-08-06,2294333.0,True,26.4,27.6,23.0
2013-08-07,2320128.0,True,28.7,32.1,25.0
2013-08-08,2419253.0,True,29.3,32.8,27.3
2013-08-09,2462669.0,True,29.2,30.8,27.9
2013-08-10,2049661.0,True,28.0,29.4,25.8
2013-08-11,1853200.0,True,28.7,33.2,24.2
2013-08-12,2468141.0,True,29.3,32.6,27.1
2013-08-13,2288147.0,True,29.0,32.9,26.6
2013-08-14,2248739.0,True,28.6,32.0,26.2
2013-08-15,1843737.0,True,28.7,32.4,25.8
2013-08-16,2276551.0,True,28.7,31.7,26.1
2013-08-17,1874777.0,True,28.7,31.6,27.1
2013-08-18,1751361.0,True,28.3,31.5,26.0
2013-08-19,2286176.0,True,28.2,32.3,25.7
2013-08-20,2274888.0,True,27.4,32.3,23.0
2013-08-21,2182970.0,True,28.8,33.9,24.2
2013-08-22,2371016.0,True,29.3,32.3,26.3
2013-08-23,2176089.0,True,25.7,28.7,23.7
2013-08-24,1847619.0,True,26.6,31.5,21.9
2013-08-25,1654509.0,True,27.1,32.1,22.0
2013-08-26,2153703.0,True,27.0,31.6,22.8
2013-08-27,2150433.0,True,25.6,29.3,22.5
2013-08-28,2153097.0,True,26.4,30.8,22.7
2013-08-29,2239135.0,True,25.5,26.7,24.5
2013-08-30,2194605.0,True,25.1,28.3,22.3
2013-08-31,1843385.0,True,24.0,27.9,21.1
2013-09-01,1715846.0,True,23.5,28.2,19.8
2013-09-02,2096978.0,True,22.4,26.9,17.3
2013-09-03,2129241.0,True,21.7,26.8,16.4
2013-09-04,2106230.0,True,22.0,27.5,16.4
2013-09-05,2113091.0,True,21.2,24.1,17.9
2013-09-06,2120665.0,True,20.8,23.1,19.0
2013-09-07,1975069.0,True,21.9,26.9,17.9
2013-09-08,1848650.0,True,22.9,27.9,18.4
2013-09-09,2123808.0,True,23.0,26.5,19.8
2013-09-10,2216062.0,True,22.0,25.2,19.1
2013-09-11,2280445.0,True,20.1,20.9,19.1
2013-09-12,2232577.0,True,23.0,26.3,20.3
2013-09-13,2353962.0,True,22.9,25.2,20.9
2013-09-14,2142277.0,True,23.1,25.3,21.5
2013-09-15,1958602.0,True,23.4,28.2,20.3
2013-09-16,2251279.0,True,20.9,27.0,15.2
2013-09-17,2254662.0,True,22.6,29.3,17.0
2013-09-18,1907207.0,True,24.4,31.1,17.5
2013-09-19,1488631.0,True,24.7,30.2,20.5
2013-09-20,1595568.0,True,23.4,28.0,20.1
2013-09-21,1783151.0,True,23.8,27.8,19.9
2013-09-22,1831664.0,True,23.1,27.2,20.4
2013-09-23,2232292.0,True,23.8,29.0,18.6
2013-09-24,2267234.0,True,22.0,23.9,20.0
2013-09-25,2284700.0,True,19.5,24.2,15.3
2013-09-26,2405781.0,True,17.3,22.5,12.7
2013-09-27,2395886.0,True,17.9,24.0,10.9
2013-09-28,2366770.0,True,17.4,19.9,15.2
2013-09-29,2443953.0,True,17.2,19.7,14.7
2013-09-30,2436014.0,True,20.7,25.5,18.0
2013-10-01,2428155.0,True,21.6,27.2,17.2
2013-10-02,2428461.0,True,19.4,22.8,15.0
2013-10-03,2489511.0,True,16.3,21.3,11.0
2013-10-04,2565430.0,True,17.4,25.1,10.7
2013-10-05,2403686.0,True,20.0,28.1,12.6
2013-10-06,2259564.0,True,20.8,25.7,15.4
2013-10-07,2385836.0,True,22.8,26.9,19.8
2013-10-08,2456725.0,True,20.0,21.8,18.0
2013-10-09,2305707.0,True,20.5,26.4,15.5
2013-10-10,2412559.0,True,21.1,26.4,15.9
2013-10-11,2468991.0,True,18.1,20.7,14.1
2013-10-12,2504902.0,True,16.4,21.5,11.0
2013-10-13,2349991.0,True,17.3,23.4,12.2
2013-10-14,2570023.0,True,18.3,24.4,13.3
2013-10-15,3322176.0,True,12.0,17.4,7.7
2013-10-16,3675065.0,True,11.2,16.8,6.1
2013-10-17,3751046.0,True,12.4,18.9,6.8
2013-10-18,3648784.0,True,13.6,20.2,8.1
2013-10-19,3546138.0,True,14.6,19.5,9.8
2013-10-20,3152883.0,True,16.7,22.9,11.7
2013-10-21,3331668.0,True,16.2,22.2,12.0
2013-10-22,3366486.0,True,15.9,21.7,11.3
2013-10-23,3348743.0,True,16.2,22.1,12.2
2013-10-24,3811398.0,True,13.1,18.5,7.8
2013-10-25,4398273.0,True,9.3,14.5,5.3
2013-10-26,4408150.0,True,10.0,15.7,4.3
2013-10-27,4290982.0,True,11.4,18.0,5.1
2013-10-28,4348460.0,True,11.6,16.7,6.7
2013-10-29,4390964.0,True,12.7,16.5,9.5
2013-10-30,4625307.0,True,10.5,16.2,6.4
2013-10-31,4585484.0,True,11.7,18.8,5.5
2013-11-01,4249041.0,True,14.8,20.7,8.6
2013-11-02,4447581.0,True,11.6,14.9,8.6
2013-11-03,4419771.0,True,11.9,16.7,7.8
2013-11-04,4407022.0,True,12.6,17.6,9.2
2013-11-05,4464697.0,True,12.3,18.5,7.5
2013-11-06,4636099.0,True,12.2,15.9,9.0
2013-11-07,4664157.0,True,12.2,15.8,7.5
2013-11-08,5158741.0,True,9.0,14.5,4.0
2013-11-09,5187328.0,True,11.6,15.5,9.2
2013-11-10,6030590.0,True,5.5,10.4,2.1
2013-11-11,6971662.0,True,2.6,7.5,-1.4
2013-11-12,7267327.0,True,3.4,8.5,-1.1
2013-11-13,7129713.0,True,4.8,11.4,-0.9
2013-11-14,6961273.0,True,6.7,9.9,3.1
2013-11-15,6500895.0,True,8.2,12.4,5.8
2013-11-16,6479763.0,True,7.0,12.0,2.4
2013-11-17,6925197.0,True,5.2,7.6,2.2
2013-11-18,8349080.0,True,1.1,4.2,-1.5
2013-11-19,8897969.0,True,1.1,3.8,-1.7
2013-11-20,8800518.0,True,1.5,5.9,-1.9
2013-11-21,8455369.0,True,2.6,7.3,-1.4
2013-11-22,8016749.0,True,4.6,10.5,-0.7
2013-11-23,7130408.0,True,7.1,12.5,2.2
2013-11-24,7055706.0,True,7.3,10.6,4.4
2013-11-25,8025917.0,True,4.7,10.2,-0.1
2013-11-26,8534315.0,True,2.1,5.8,-2.4
2013-11-27,9090131.0,True,0.0,4.7,-4.3
2013-11-28,10100101.0,True,-3.8,-0.9,-6.4
2013-11-29,9628756.0,True,-0.7,4.8,-5.4
2013-11-30,8334075.0,True,5.3,10.6,-1.1
2013-12-01,7904111.0,True,4.5,8.6,1.4
2013-12-02,8303274.0,True,3.9,6.6,0.1
2013-12-03,7728354.0,True,6.7,9.9,4.5
2013-12-04,7917643.0,True,5.5,9.6,2.1
2013-12-05,7623618.0,True,5.5,9.0,2.1
2013-12-06,8083272.0,True,3.0,7.0,-0.7
2013-12-07,7389823.0,True,6.2,11.0,3.8
2013-12-08,7642306.0,True,4.2,6.5,2.5
2013-12-09,8213464.0,True,3.8,5.2,1.9
2013-12-10,8909069.0,True,0.3,3.5,-2.2
2013-12-11,9672939.0,True,-1.7,0.2,-4.3
2013-12-12,10501119.0,True,-3.2,0.3,-6.3
2013-12-13,11275896.0,True,-6.8,-4.3,-8.9
2013-12-14,11292094.0,True,-4.9,-1.4,-8.5
2013-12-15,10868220.0,True,-4.4,0.7,-8.0
2013-12-16,11289526.0,True,-3.6,0.5,-7.3
2013-12-17,10919325.0,True,-0.3,4.7,-5.5
2013-12-18,10023867.0,True,2.2,6.5,-0.9
2013-12-19,10928084.0,True,-3.5,-0.9,-6.5
2013-12-20,11220517.0,True,-4.0,-0.1,-8.1
2013-12-21,10680275.0,True,-3.1,0.9,-6.3
2013-12-22,10369960.0,True,-2.1,3.1,-6.8
2013-12-23,10301512.0,True,-1.1,2.3,-3.7
2013-12-24,10381420.0,True,-1.6,4.0,-5.9
2013-12-25,9888472.0,True,-0.5,3.7,-4.4
2013-12-26,10315415.0,True,-0.5,2.7,-4.0
2013-12-27,11672500.0,True,-6.8,-3.7,-9.3
2013-12-28,11585552.0,True,-6.5,-2.7,-9.8
2013-12-29,10882163.0,True,-2.9,1.6,-8.0
2013-12-30,10195624.0,True,2.2,6.3,-1.9
2013-12-31,9448660.0,True,3.8,8.0,0.5
2014-01-01,8714477.0,True,4.0,7.9,0.3
2014-01-02,9037304.0,True,1.5,6.2,-1.3
2014-01-03,8934870.0,True,2.3,7.3,-1.1
2014-01-04,9044916.0,True,-0.1,5.6,-3.7
2014-01-05,9274730.0,True,-0.8,3.8,-4.3
2014-01-06,9578150.0,True,0.8,6.4,-3.7
2014-01-07,9229468.0,True,3.0,5.5,0.3
2014-01-08,9718464.0,True,0.5,4.0,-5.7
2014-01-09,11797101.0,True,-7.8,-4.3,-10.4
2014-01-10,11738321.0,True,-4.7,-0.9,-9.3
2014-01-11,10615987.0,True,-1.7,2.4,-5.4
2014-01-12,10644093.0,True,-2.4,2.5,-7.7
2014-01-13,11893566.0,True,-6.2,-1.6,-10.5
2014-01-14,11512109.0,True,-4.3,1.1,-8.9
2014-01-15,11153182.0,True,-2.9,2.2,-7.6
2014-01-16,10492316.0,True,0.1,3.6,-4.0
2014-01-17,10155238.0,True,-0.1,3.8,-3.7
2014-01-18,10200777.0,True,-2.2,0.8,-4.9
2014-01-19,10316310.0,True,-2.6,2.4,-7.4
2014-01-20,10655703.0,True,-1.5,1.9,-4.2
2014-01-21,11431116.0,True,-5.5,-3.1,-7.2
2014-01-22,11261685.0,True,-3.9,1.6,-9.5
2014-01-23,10543568.0,True,-0.8,4.1,-5.2
2014-01-24,9655061.0,True,3.0,5.7,-1.1
2014-01-25,8928362.0,True,4.2,6.3,-0.4
2014-01-26,9663770.0,True,-2.1,2.3,-5.3
2014-01-27,9983034.0,True,0.2,6.0,-5.4
2014-01-28,9666302.0,True,1.5,4.6,-3.0
2014-01-29,9602437.0,True,2.2,8.2,-5.3
2014-01-30,8562255.0,True,4.0,6.5,-1.0
2014-01-31,8057713.0,True,1.3,7.0,-4.3
2014-02-01,8318157.0,True,4.9,6.0,3.7
2014-02-02,8532505.0,True,4.9,6.5,2.8
2014-02-03,10564777.0,True,-3.5,2.8,-8.2
2014-02-04,11978298.0,True,-7.4,-3.7,-10.5
2014-02-05,11644697.0,True,-4.8,0.3,-8.9
2014-02-06,10846788.0,True,-1.3,4.5,-5.2
2014-02-07,10079413.0,True,2.4,7.6,-2.0
2014-02-08,9816908.0,True,0.2,2.5,-1.5
2014-02-09,9877571.0,True,-1.6,0.7,-3.4
2014-02-10,10118446.0,True,-0.1,4.4,-2.9
2014-02-11,9957607.0,True,0.2,5.2,-3.8
2014-02-12,9639805.0,True,1.2,5.1,-2.0
2014-02-13,9404581.0,True,1.9,6.5,-2.1
2014-02-14,9008093.0,True,2.7,7.6,-0.7
2014-02-15,8491444.0,True,2.7,8.5,-1.9
2014-02-16,8343977.0,True,2.8,8.1,-1.1
2014-02-17,8492358.0,True,4.2,8.5,0.9
2014-02-18,8686686.0,True,2.5,5.4,0.3
2014-02-19,8743089.0,True,2.1,6.7,-1.9
2014-02-20,8827993.0,True,1.2,5.5,-1.2
2014-02-21,8886459.0,True,0.9,6.9,-4.0
2014-02-22,8456507.0,True,2.2,7.4,-2.1
2014-02-23,8171747.0,True,3.1,8.5,-1.8
2014-02-24,8190678.0,True,4.1,9.3,-0.3
2014-02-25,7829284.0,True,5.7,12.3,0.6
2014-02-26,7239842.0,True,8.4,16.4,1.4
2014-02-27,6887153.0,True,7.7,13.1,3.8
2014-02-28,6950758.0,True,6.7,12.3,1.3
2014-03-01,6768456.0,True,6.0,9.4,3.3
2014-03-02,7021544.0,True,4.5,10.1,-0.2
2014-03-03,7360498.0,True,5.2,11.9,-1.0
2014-03-04,7313322.0,True,6.3,12.3,2.2
2014-03-05,8259842.0,True,1.4,5.3,-1.4
2014-03-06,8860424.0,True,0.3,5.0,-3.0
2014-03-07,9131326.0,True,-0.6,4.3,-4.6
2014-03-08,8471806.0,True,2.0,7.0,-2.2
2014-03-09,8456915.0,True,1.4,4.8,-1.6
2014-03-10,8651046.0,True,1.5,7.7,-3.6
2014-03-11,8196795.0,True,4.5,9.4,-0.9
2014-03-12,7716261.0,True,6.9,9.5,4.0
2014-03-13,7796350.0,True,5.2,8.3,1.6
2014-03-14,7844042.0,True,3.4,8.5,-1.5
2014-03-15,7296149.0,True,6.8,13.4,0.1
2014-03-16,6211789.0,True,11.3,18.5,5.7
2014-03-17,5991215.0,True,12.6,19.4,6.9
2014-03-18,5601054.0,True,10.5,16.0,7.7
2014-03-19,5770044.0,True,9.6,12.3,7.4
2014-03-20,6398716.0,True,6.3,10.3,2.8
2014-03-21,6619760.0,True,5.9,12.0,1.2
2014-03-22,6021100.0,True,8.6,15.5,2.3
2014-03-23,5627725.0,True,9.6,15.5,4.6
2014-03-24,5597292.0,True,10.9,15.3,4.6
2014-03-25,4987544.0,True,14.6,18.2,11.9
2014-03-26,4556457.0,True,15.4,21.9,11.8
2014-03-27,4541700.0,True,13.5,20.4,7.7
2014-03-28,4211384.0,True,16.6,23.8,11.3
2014-03-29,4164277.0,True,15.0,18.0,13.2
2014-03-30,4000310.0,True,14.9,20.6,10.2
2014-03-31,4068103.0,True,14.5,20.2,8.8
2014-04-01,3977058.0,True,15.6,23.0,9.5
2014-04-02,3881883.0,True,15.5,21.9,9.9
2014-04-03,4558733.0,True,10.2,13.6,5.5
2014-04-04,5228699.0,True,6.6,11.7,2.3
2014-04-05,5534227.0,True,6.2,11.0,3.5
2014-04-06,5681750.0,True,7.4,12.8,2.3
2014-04-07,5267255.0,True,10.3,16.7,4.9
2014-04-08,4858148.0,True,11.9,19.7,5.7
2014-04-09,4919936.0,True,10.3,15.3,7.0
2014-04-10,4680224.0,True,12.5,20.0,7.2
2014-04-11,4404471.0,True,13.6,18.7,10.1
2014-04-12,4218094.0,True,14.3,17.2,11.1
2014-04-13,3735513.0,True,17.2,24.3,13.2
2014-04-14,3653156.0,True,16.3,22.4,12.1
2014-04-15,3844668.0,True,12.9,16.8,9.3
2014-04-16,3910861.0,True,14.0,19.4,10.0
2014-04-17,3960777.0,True,14.7,20.9,8.4
2014-04-18,3671974.0,True,15.9,23.0,12.0
2014-04-19,3755681.0,True,14.0,18.4,11.4
2014-04-20,3619273.0,True,14.6,21.6,10.0
2014-04-21,3644795.0,True,15.1,21.4,9.8
2014-04-22,3565958.0,True,16.0,23.3,9.6
2014-04-23,3379146.0,True,17.2,24.9,10.4
2014-04-24,3253126.0,True,18.6,26.2,12.1
2014-04-25,3103974.0,True,19.0,25.9,12.3
2014-04-26,2964037.0,True,18.7,25.4,13.3
2014-04-27,3066152.0,True,15.6,18.3,13.6
2014-04-28,3572533.0,True,13.6,15.0,12.2
2014-04-29,3538231.0,True,15.0,18.9,11.9
2014-04-30,3284796.0,True,16.1,21.4,11.4
2014-05-01,3166490.0,True,16.0,22.1,10.4
2014-05-02,3255309.0,True,15.7,24.8,11.1
2014-05-03,3309017.0,True,13.1,19.3,8.0
2014-05-04,3263877.0,True,12.3,20.5,8.5
2014-05-05,3487848.0,True,11.3,15.5,6.8
2014-05-06,3622667.0,True,13.1,19.0,7.6
2014-05-07,3586129.0,True,15.7,22.3,8.7
2014-05-08,3557621.0,True,14.5,19.5,11.5
2014-05-09,3319703.0,True,16.8,23.8,9.8
2014-05-10,2969324.0,True,20.5,28.3,12.9
2014-05-11,2903182.0,True,18.9,23.8,15.9
2014-05-12,3256806.0,True,16.4,20.4,13.6
2014-05-13,2934334.0,True,19.2,25.6,11.9
2014-05-14,2805468.0,True,19.6,25.9,15.3
2014-05-15,2773310.0,True,18.2,23.7,14.5
2014-05-16,2770624.0,True,19.0,26.2,12.3
2014-05-17,2550100.0,True,20.0,26.2,14.3
2014-05-18,2390933.0,True,20.3,27.1,13.7
2014-05-19,2576439.0,True,20.0,26.2,14.1
2014-05-20,2564116.0,True,21.5,28.4,16.1
2014-05-21,2560111.0,True,20.1,26.5,15.9
2014-05-22,2578179.0,True,20.9,28.3,13.6
2014-05-23,2521569.0,True,22.0,27.8,17.6
2014-05-24,2343902.0,True,21.3,27.9,16.9
2014-05-25,2251610.0,True,20.5,24.9,18.3
2014-05-26,2465983.0,True,19.4,24.7,16.5
2014-05-27,2468295.0,True,22.8,28.3,16.7
2014-05-28,2468678.0,True,24.0,29.8,19.9
2014-05-29,2449730.0,True,23.2,30.9,17.5
2014-05-30,2421220.0,True,24.8,31.8,17.3
2014-05-31,2195608.0,True,26.2,33.3,20.5
2014-06-01,2035377.0,True,24.7,29.9,20.4
2014-06-02,2332664.0,True,22.6,24.6,20.6
2014-06-03,2290921.0,True,18.7,21.0,17.5
2014-06-04,2107603.0,True,22.8,27.8,18.7
2014-06-05,2247309.0,True,22.9,26.1,20.4
2014-06-06,1962018.0,True,24.4,31.1,18.8
2014-06-07,2012184.0,True,23.5,27.1,19.7
2014-06-08,1922610.0,True,21.4,24.5,19.2
2014-06-09,2305867.0,True,22.9,28.7,18.5
2014-06-10,2371730.0,True,23.6,29.3,20.0
2014-06-11,2398697.0,True,20.5,26.9,18.3
2014-06-12,2381308.0,True,21.2,27.1,17.3
2014-06-13,2331735.0,True,21.3,25.8,18.4
2014-06-14,2143710.0,True,22.5,27.7,18.3
2014-06-15,2011627.0,True,23.2,28.5,19.5
2014-06-16,2250561.0,True,23.9,29.0,19.1
2014-06-17,2349997.0,True,24.5,30.7,21.5
2014-06-18,2373112.0,True,24.4,29.1,20.5
2014-06-19,2338939.0,True,22.5,25.6,20.8
2014-06-20,2351111.0,True,24.2,28.6,20.7
2014-06-21,2108947.0,True,23.1,28.2,19.8
2014-06-22,1896289.0,True,23.7,29.0,20.2
2014-06-23,2282071.0,True,21.0,23.2,19.4
2014-06-24,2333840.0,True,22.9,27.2,19.4
2014-06-25,2369401.0,True,23.8,29.0,20.2
2014-06-26,2373886.0,True,24.4,29.5,20.2
2014-06-27,2277966.0,True,24.1,29.5,20.6
2014-06-28,2030715.0,True,23.8,28.4,21.3
2014-06-29,1881673.0,True,24.1,29.8,20.9
2014-06-30,2274456.0,True,25.3,30.2,21.2
2014-07-01,2321655.0,True,26.0,31.2,21.1
2014-07-02,2327234.0,True,25.7,31.1,22.1
2014-07-03,2273079.0,True,22.6,24.7,21.4
2014-07-04,2319652.0,True,26.8,32.3,21.6
2014-07-05,1989503.0,True,25.7,29.7,22.3
2014-07-06,1830842.0,True,25.7,29.5,23.0
2014-07-07,2254150.0,True,27.1,33.8,20.8
2014-07-08,2302379.0,True,25.9,29.3,23.7
2014-07-09,2348377.0,True,27.6,33.0,25.6
2014-07-10,2314220.0,True,28.9,33.6,24.6
2014-07-11,2321751.0,True,27.1,32.8,23.0
2014-07-12,1948964.0,True,25.3,29.6,22.9
2014-07-13,1799811.0,True,25.4,29.4,23.0
2014-07-14,2253009.0,True,26.4,30.7,22.8
2014-07-15,2289184.0,True,26.8,32.3,23.9
2014-07-16,2279356.0,True,26.6,32.2,23.5
2014-07-17,2301685.0,True,25.9,29.6,23.6
2014-07-18,2321603.0,True,26.1,30.6,22.6
2014-07-19,1984608.0,True,27.0,30.7,24.7
2014-07-20,1812080.0,True,27.9,33.2,24.6
2014-07-21,2245562.0,True,27.3,31.6,24.4
2014-07-22,2267587.0,True,25.9,28.2,24.6
2014-07-23,2237117.0,True,23.6,25.2,21.7
2014-07-24,2205209.0,True,21.9,24.5,19.1
2014-07-25,2291788.0,True,27.5,33.7,22.1
2014-07-26,1945406.0,True,22.6,27.3,20.8
2014-07-27,1767880.0,True,25.0,30.6,21.4
2014-07-28,2164364.0,True,26.6,31.3,21.6
2014-07-29,2147818.0,True,26.5,30.1,23.4
2014-07-30,2186990.0,True,28.6,33.5,25.0
2014-07-31,2165793.0,True,28.6,34.4,25.8
2014-08-01,2132336.0,True,30.2,34.7,24.7
2014-08-02,1824142.0,True,31.4,35.8,28.7
2014-08-03,1731716.0,True,26.5,30.5,24.1
2014-08-04,2144443.0,True,26.4,29.6,24.7
2014-08-05,2170911.0,True,26.6,29.2,25.0
2014-08-06,2154338.0,True,24.4,26.2,22.5
2014-08-07,2189102.0,True,24.7,27.1,22.6
2014-08-08,2124214.0,True,26.1,30.6,21.9
2014-08-09,1862112.0,True,26.5,31.6,22.3
2014-08-10,1747337.0,True,23.4,27.7,19.6
2014-08-11,2129877.0,True,23.7,28.6,18.3
2014-08-12,2175551.0,True,25.8,30.4,22.3
2014-08-13,2158808.0,True,24.2,26.7,22.5
2014-08-14,2101679.0,True,22.3,24.2,21.4
2014-08-15,1802208.0,True,24.9,29.6,20.9
2014-08-16,1852573.0,True,26.1,31.8,22.2
2014-08-17,1781309.0,True,24.0,25.0,22.9
2014-08-18,2182180.0,True,22.3,24.4,20.9
2014-08-19,2237024.0,True,22.3,25.3,20.4
2014-08-20,2273846.0,True,24.8,28.0,22.4
2014-08-21,2325398.0,True,23.1,24.6,21.8
2014-08-22,2327869.0,True,24.7,28.2,21.8
2014-08-23,2064011.0,True,25.2,29.7,22.8
2014-08-24,1897527.0,True,25.6,30.7,20.7
2014-08-25,2302002.0,True,25.9,28.6,24.1
2014-08-26,2318366.0,True,25.4,29.6,21.6
2014-08-27,2307144.0,True,24.6,28.6,21.1
2014-08-28,2301785.0,True,25.1,30.7,19.8
2014-08-29,2309289.0,True,25.2,30.1,21.0
2014-08-30,2023422.0,True,24.6,30.7,19.9
2014-08-31,1861056.0,True,24.1,29.0,20.7
2014-09-01,2265648.0,True,24.1,29.7,20.4
2014-09-02,2280601.0,True,23.1,27.7,19.3
2014-09-03,2324641.0,True,19.1,20.6,17.4
2014-09-04,2296241.0,True,22.4,27.6,18.0
2014-09-05,2281518.0,True,23.8,29.0,20.0
2014-09-06,1939300.0,True,25.2,30.8,20.3
2014-09-07,1779602.0,True,25.3,31.3,19.8
2014-09-08,1461338.0,True,24.8,30.2,20.6
2014-09-09,1542760.0,True,23.3,28.2,19.9
2014-09-10,1852330.0,True,22.4,28.9,16.7
2014-09-11,2225139.0,True,23.3,29.2,17.5
2014-09-12,2245360.0,True,21.3,26.6,18.6
2014-09-13,2013115.0,True,23.1,28.3,18.6
2014-09-14,1883029.0,True,23.0,28.4,18.2
2014-09-15,2229592.0,True,23.1,27.5,20.6
2014-09-16,2270695.0,True,21.3,27.0,15.8
2014-09-17,2250050.0,True,20.2,22.6,17.6
2014-09-18,2297296.0,True,20.6,27.0,16.2
2014-09-19,2297934.0,True,21.4,28.4,14.9
2014-09-20,2110100.0,True,21.6,28.1,15.4
2014-09-21,2015185.0,True,20.2,25.6,17.5
2014-09-22,2277614.0,True,21.4,27.9,15.0
2014-09-23,2260070.0,True,23.0,29.0,18.1
2014-09-24,2260240.0,True,20.3,23.8,18.0
2014-09-25,2285714.0,True,22.2,27.7,17.7
2014-09-26,2269441.0,True,21.0,24.2,18.6
2014-09-27,2109792.0,True,21.4,25.1,18.3
2014-09-28,1984490.0,True,21.7,24.7,19.2
2014-09-29,2316439.0,True,19.4,20.7,17.7
2014-09-30,2361183.0,True,18.9,23.7,15.4
2014-10-01,2354464.0,True,19.2,24.4,14.9
2014-10-02,2436398.0,True,18.1,20.1,17.1
2014-10-03,2325605.0,True,16.1,20.8,13.4
2014-10-04,2412522.0,True,16.9,23.0,11.6
2014-10-05,2447136.0,True,17.1,23.2,12.5
2014-10-06,2699711.0,True,16.6,22.6,10.5
2014-10-07,2750371.0,True,16.1,22.5,11.6
2014-10-08,2731623.0,True,16.7,23.6,10.0
2014-10-09,2526018.0,True,18.6,25.4,12.4
2014-10-10,2581463.0,True,19.0,26.3,12.5
2014-10-11,2426274.0,True,19.4,25.6,13.6
2014-10-12,2270980.0,True,21.2,29.0,13.9
2014-10-13,2666412.0,True,17.4,21.7,11.0
2014-10-14,2977053.0,True,13.8,20.0,8.5
2014-10-15,3133794.0,True,13.8,20.0,8.9
2014-10-16,3369863.0,True,13.2,18.0,9.3
2014-10-17,3554811.0,True,13.6,21.2,6.6
2014-10-18,3240290.0,True,15.5,22.5,9.4
2014-10-19,2972648.0,True,17.0,22.7,11.2
2014-10-20,3616606.0,True,14.4,17.1,12.9
2014-10-21,3682002.0,True,13.8,15.7,11.9
2014-10-22,3742261.0,True,13.6,18.7,10.4
2014-10-23,3761450.0,True,13.8,20.6,8.5
2014-10-24,3598863.0,True,15.1,21.0,9.9
2014-10-25,3346705.0,True,16.5,22.2,12.9
2014-10-26,3310535.0,True,16.0,19.9,11.6
2014-10-27,4176585.0,True,10.7,16.9,6.1
2014-10-28,4453639.0,True,10.2,19.4,2.7
2014-10-29,4407065.0,True,12.1,20.8,4.9
2014-10-30,4375730.0,True,14.2,20.8,7.7
2014-10-31,4140493.0,True,15.0,18.2,12.8
2014-11-01,3662265.0,True,17.3,22.9,15.1
2014-11-02,4179126.0,True,12.0,15.4,7.1
2014-11-03,4860779.0,True,9.3,14.8,3.8
2014-11-04,4644991.0,True,11.3,18.5,5.4
2014-11-05,4558193.0,True,12.4,18.4,6.4
2014-11-06,4404392.0,True,13.5,17.7,9.5
2014-11-07,4848890.0,True,9.8,16.5,5.1
2014-11-08,5020385.0,True,9.9,15.1,6.9
2014-11-09,5006342.0,True,10.0,15.5,6.3
2014-11-10,5285573.0,True,9.4,16.5,3.5
2014-11-11,5432599.0,True,9.4,14.5,4.6
2014-11-12,6425618.0,True,6.0,10.0,-1.3
2014-11-13,7880267.0,True,-0.2,4.3,-3.1
2014-11-14,7385181.0,True,4.2,10.0,-1.4
2014-11-15,7165977.0,True,4.1,9.5,-0.5
2014-11-16,6744064.0,True,6.6,12.4,2.6
2014-11-17,6908707.0,True,6.2,9.0,3.8
2014-11-18,7169165.0,True,5.0,10.4,1.7
2014-11-19,7146121.0,True,5.6,12.6,-0.6
2014-11-20,6698514.0,True,7.9,14.6,2.7
2014-11-21,6056482.0,True,11.3,16.5,5.9
2014-11-22,5707422.0,True,11.0,12.7,8.0
2014-11-23,5861270.0,True,9.0,12.3,6.3
2014-11-24,6051442.0,True,9.8,13.2,8.0
2014-11-25,6128924.0,True,10.2,15.1,6.6
2014-11-26,5869968.0,True,11.0,16.3,8.2
2014-11-27,5952997.0,True,10.4,14.9,6.7
2014-11-28,6241299.0,True,8.8,10.1,6.5
2014-11-29,6026100.0,True,8.3,12.8,5.5
2014-11-30,6168669.0,True,9.1,11.1,7.2
2014-12-01,8678658.0,True,-1.1,7.9,-7.2
2014-12-02,10593588.0,True,-5.4,-2.7,-8.2
2014-12-03,10901317.0,True,-3.3,-0.5,-6.5
2014-12-04,11030944.0,True,-4.6,-0.2,-7.4
2014-12-05,11968015.0,True,-6.6,-2.5,-10.1
2014-12-06,11400023.0,True,-5.6,-0.5,-8.8
2014-12-07,11086710.0,True,-3.4,0.2,-8.2
2014-12-08,10822771.0,True,-1.6,2.7,-4.8
2014-12-09,10899150.0,True,-2.4,4.1,-7.4
2014-12-10,10366607.0,True,1.6,4.2,-1.9
2014-12-11,10399049.0,True,-1.5,3.2,-5.2
2014-12-12,10972617.0,True,-3.8,0.5,-7.0
2014-12-13,11173761.0,True,-5.2,-2.0,-7.3
2014-12-14,11054005.0,True,-3.6,0.6,-8.6
2014-12-15,10790221.0,True,-0.1,2.0,-1.7
2014-12-16,11652379.0,True,-4.9,1.7,-9.4
2014-12-17,13310979.0,True,-9.0,-5.2,-11.1
2014-12-18,13173435.0,True,-8.3,-2.2,-13.2
2014-12-19,12338366.0,True,-3.8,0.0,-8.1
2014-12-20,10994933.0,True,-1.7,2.1,-6.6
2014-12-21,11662675.0,True,-6.4,-1.3,-9.0
2014-12-22,11963365.0,True,-4.7,0.8,-9.7
2014-12-23,11244581.0,True,-1.3,1.8,-5.7
2014-12-24,10185149.0,True,1.7,6.4,-3.1
2014-12-25,10397907.0,True,-2.6,1.8,-5.9
2014-12-26,10888043.0,True,-3.2,2.5,-7.4
2014-12-27,10332979.0,True,-1.8,5.0,-6.3
2014-12-28,10115369.0,True,-0.8,1.6,-3.6
2014-12-29,9767481.0,True,2.9,6.4,-0.5
2014-12-30,9525782.0,True,1.9,6.3,-1.6
2014-12-31,10349258.0,True,-1.9,1.7,-6.9
2015-01-01,11350952.0,True,-7.7,-4.3,-9.8
2015-01-02,11780856.0,True,-6.0,-1.9,-9.0
2015-01-03,10873996.0,True,-2.7,3.1,-9.2
2015-01-04,9549985.0,True,2.5,8.5,0.2
2015-01-05,9508015.0,True,3.7,7.9,-1.1
2015-01-06,10497182.0,True,-3.2,4.0,-7.6
2015-01-07,11455518.0,True,-5.5,-0.6,-8.9
2015-01-08,11490880.0,True,-5.1,-0.2,-9.5
2015-01-09,10937301.0,True,-2.1,3.5,-6.8
2015-01-10,10156119.0,True,-0.3,4.8,-5.6
2015-01-11,9874365.0,True,-0.4,2.5,-4.3
2015-01-12,10758278.0,True,-2.7,3.7,-7.3
2015-01-13,10370284.0,True,0.2,5.8,-5.1
2015-01-14,9850020.0,True,2.5,6.1,-0.3
2015-01-15,9282719.0,True,2.8,9.0,-1.1
2015-01-16,9654581.0,True,0.8,3.4,-2.5
2015-01-17,10280644.0,True,-4.1,0.0,-7.7
2015-01-18,10156394.0,True,-1.3,2.1,-6.5
2015-01-19,10125995.0,True,-0.1,3.1,-4.0
2015-01-20,10266441.0,True,-0.9,4.4,-6.4
2015-01-21,9696109.0,True,2.6,6.5,-1.2
2015-01-22,9212831.0,True,3.1,7.1,0.8
2015-01-23,9323752.0,True,1.2,4.9,-1.6
2015-01-24,8627429.0,True,3.7,8.4,0.8
2015-01-25,8685365.0,True,3.0,5.0,1.1
2015-01-26,8734272.0,True,3.6,6.5,0.2
2015-01-27,10061963.0,True,-3.6,0.5,-7.4
2015-01-28,10881363.0,True,-4.1,2.7,-9.1
2015-01-29,10492458.0,True,-1.1,3.0,-4.6
2015-01-30,10630019.0,True,-3.3,0.8,-7.0
2015-01-31,10760312.0,True,-4.5,0.8,-8.5
2015-02-01,10455937.0,True,-3.0,3.6,-8.2
2015-02-02,10388833.0,True,-0.6,6.4,-5.3
2015-02-03,9991294.0,True,0.6,7.2,-3.5
2015-02-04,9800226.0,True,0.4,5.8,-3.1
2015-02-05,9816728.0,True,-0.1,4.8,-3.8
2015-02-06,9676034.0,True,0.4,6.5,-4.3
2015-02-07,9384794.0,True,1.2,5.7,-2.7
2015-02-08,11679474.0,True,-9.8,-2.8,-11.9
2015-02-09,12141247.0,True,-5.7,-0.1,-13.0
2015-02-10,10608779.0,True,1.7,5.8,-2.0
2015-02-11,9567804.0,True,2.7,8.0,-0.8
2015-02-12,10290550.0,True,-2.2,1.6,-4.7
2015-02-13,10246323.0,True,-1.6,4.0,-6.4
2015-02-14,9546477.0,True,2.0,6.6,-3.1
2015-02-15,8138538.0,True,7.9,13.0,3.2
2015-02-16,8420171.0,True,5.0,7.9,4.1
2015-02-17,8761769.0,True,1.9,4.1,0.5
2015-02-18,8855153.0,True,0.8,3.3,-1.5
2015-02-19,8515650.0,True,2.2,8.6,-2.7
2015-02-20,8483336.0,True,5.2,11.4,-1.3
2015-02-21,8535193.0,True,5.7,6.7,4.8
2015-02-22,8019591.0,True,3.5,7.0,-0.7
2015-02-23,8869668.0,True,0.9,5.9,-2.4
2015-02-24,8597525.0,True,2.1,7.5,-1.1
2015-02-25,8255021.0,True,5.4,12.5,0.2
2015-02-26,8785493.0,True,1.2,4.7,-3.5
2015-02-27,9723626.0,True,-1.3,4.8,-5.6
2015-02-28,8943393.0,True,2.7,6.4,-2.0
2015-03-01,8603975.0,True,2.4,5.9,-0.2
2015-03-02,8526038.0,True,3.9,9.7,-1.9
2015-03-03,8905332.0,True,2.8,6.7,-1.3
2015-03-04,9975324.0,True,-2.1,1.4,-4.6
2015-03-05,9609285.0,True,-0.3,5.5,-5.4
2015-03-06,8868475.0,True,2.9,10.4,-3.2
2015-03-07,8172439.0,True,4.2,11.0,-2.3
2015-03-08,7464507.0,True,7.7,15.1,0.4
2015-03-09,8480865.0,True,2.2,8.2,-5.4
2015-03-10,10275962.0,True,-3.4,1.0,-6.9
2015-03-11,9662448.0,True,0.4,7.5,-5.1
2015-03-12,9040181.0,True,2.1,6.7,-3.5
2015-03-13,7990079.0,True,5.6,11.0,1.8
2015-03-14,7720304.0,True,4.3,11.6,-1.2
2015-03-15,7328102.0,True,5.5,12.5,0.0
2015-03-16,6904128.0,True,9.8,18.6,1.3
2015-03-17,6442315.0,True,10.7,16.1,6.9
2015-03-18,6327363.0,True,10.7,14.4,8.4
2015-03-19,5662426.0,True,12.4,21.0,6.5
2015-03-20,5216950.0,True,13.4,21.9,7.6
2015-03-21,5087721.0,True,11.7,17.8,6.9
2015-03-22,5486329.0,True,8.3,14.9,2.2
2015-03-23,6694472.0,True,4.6,10.1,0.0
2015-03-24,6718056.0,True,5.4,12.4,-0.9
2015-03-25,6519425.0,True,6.5,14.2,0.1
2015-03-26,6261497.0,True,7.9,14.8,1.6
2015-03-27,5975067.0,True,9.1,16.2,3.2
2015-03-28,5717179.0,True,9.7,17.0,2.5
2015-03-29,5421372.0,True,10.5,16.5,7.0
2015-03-30,5079204.0,True,13.2,20.8,5.9
2015-03-31,4995252.0,True,12.9,14.9,10.0
2015-04-01,4816955.0,True,12.9,17.6,10.0
2015-04-02,4759415.0,True,14.8,21.8,8.5
2015-04-03,4732982.0,True,10.6,15.1,6.9
2015-04-04,4537196.0,True,13.5,18.5,8.9
2015-04-05,4703514.0,True,10.5,12.2,10.1
2015-04-06,4986277.0,True,10.3,15.4,6.9
2015-04-07,5369550.0,True,8.4,12.2,5.5
2015-04-08,5445171.0,True,8.3,13.7,3.5
2015-04-09,5318884.0,True,9.6,16.3,3.8
2015-04-10,4992936.0,True,11.6,19.2,4.6
2015-04-11,4536482.0,True,13.5,20.7,6.7
2015-04-12,4281632.0,True,14.9,20.4,9.1
2015-04-13,4719919.0,True,12.0,17.6,7.4
2015-04-14,5449509.0,True,6.9,8.0,5.8
2015-04-15,4923426.0,True,11.1,17.0,5.6
2015-04-16,5159279.0,True,9.9,14.8,6.9
2015-04-17,4966964.0,True,10.5,16.1,4.8
2015-04-18,4411401.0,True,15.2,23.7,5.2
2015-04-19,4248277.0,True,14.5,17.3,11.2
2015-04-20,4434329.0,True,12.2,16.8,10.3
2015-04-21,4179969.0,True,14.0,20.9,7.7
2015-04-22,4054921.0,True,14.2,20.7,9.3
2015-04-23,3967339.0,True,14.5,20.1,8.0
2015-04-24,3759786.0,True,15.7,22.8,10.4
2015-04-25,3569886.0,True,15.9,23.0,9.2
2015-04-26,3305724.0,True,17.3,24.4,9.9
2015-04-27,3262028.0,True,18.5,24.9,12.7
2015-04-28,3140891.0,True,20.3,26.9,12.3
2015-04-29,3153554.0,True,17.0,18.4,15.8
2015-04-30,2977762.0,True,21.2,28.3,15.1
2015-05-01,2716802.0,True,21.0,27.2,15.9
2015-05-02,2535826.0,True,20.7,26.0,15.8
2015-05-03,2509911.0,True,18.3,19.6,17.1
2015-05-04,2792306.0,True,16.1,20.1,12.5
2015-05-05,2955469.0,True,14.2,19.9,8.3
2015-05-06,3131995.0,True,15.4,22.0,9.8
2015-05-07,3118552.0,True,16.5,24.0,10.6
2015-05-08,3040506.0,True,16.7,22.7,11.7
2015-05-09,2843400.0,True,17.6,24.0,12.6
2015-05-10,2674235.0,True,19.1,25.9,13.5
2015-05-11,2940380.0,True,18.4,24.1,14.4
2015-05-12,3253924.0,True,13.3,17.5,10.3
2015-05-13,3077859.0,True,17.4,21.4,11.8
2015-05-14,2894467.0,True,20.4,26.6,15.3
2015-05-15,2753329.0,True,19.1,23.7,16.3
2015-05-16,2661866.0,True,18.0,25.2,11.6
2015-05-17,2544733.0,True,18.6,25.2,11.7
2015-05-18,2760482.0,True,17.7,22.2,13.7
2015-05-19,2969105.0,True,14.8,16.2,13.0
2015-05-20,2936831.0,True,16.3,21.9,10.6
2015-05-21,2846629.0,True,18.7,26.0,12.6
2015-05-22,2750132.0,True,20.0,27.2,13.7
2015-05-23,2510682.0,True,20.6,28.3,13.6
2015-05-24,2270731.0,True,21.0,28.5,14.0
2015-05-25,2317688.0,True,20.8,28.7,14.4
2015-05-26,2582008.0,True,21.5,30.3,14.1
2015-05-27,2633963.0,True,23.2,31.5,14.4
2015-05-28,2599776.0,True,24.3,32.2,16.7
2015-05-29,2521587.0,True,23.8,29.8,18.5
2015-05-30,2301421.0,True,19.8,23.2,17.0
2015-05-31,2180272.0,True,22.1,30.4,15.3
2015-06-01,2492883.0,True,21.7,28.5,15.8
2015-06-02,2543058.0,True,23.1,29.8,18.1
2015-06-03,2520432.0,True,23.3,29.4,17.1
2015-06-04,2532437.0,True,24.2,31.5,17.1
2015-06-05,2472497.0,True,19.1,22.0,17.5
2015-06-06,2205683.0,True,22.4,28.9,16.4
2015-06-07,2111180.0,True,23.4,31.5,18.7
2015-06-08,2424941.0,True,22.4,27.8,18.2
2015-06-09,2479264.0,True,22.2,28.1,18.8
2015-06-10,2508290.0,True,25.3,34.9,17.6
2015-06-11,2482452.0,True,24.6,30.2,20.7
2015-06-12,2455623.0,True,23.6,29.9,19.4
2015-06-13,2229727.0,True,24.7,30.9,20.1
2015-06-14,1997289.0,True,22.8,27.7,17.8
2015-06-15,2420412.0,True,24.2,30.6,19.6
2015-06-16,2476515.0,True,25.0,30.9,20.0
2015-06-17,2472724.0,True,23.4,30.8,20.2
2015-06-18,2409452.0,True,24.8,31.3,19.6
2015-06-19,2357599.0,True,24.5,29.9,20.0
2015-06-20,2106343.0,True,19.6,22.6,17.0
2015-06-21,1983444.0,True,22.4,29.6,15.6
2015-06-22,2354386.0,True,24.0,29.1,19.4
2015-06-23,2394956.0,True,24.7,31.0,19.7
2015-06-24,2413441.0,True,25.7,30.6,21.1
2015-06-25,2391001.0,True,24.8,29.1,21.0
2015-06-26,2301475.0,True,21.0,25.3,18.0
2015-06-27,2097494.0,True,25.2,31.1,19.2
2015-06-28,1932383.0,True,25.4,31.1,21.0
2015-06-29,2353074.0,True,25.7,30.6,21.2
2015-06-30,2341694.0,True,24.4,29.2,21.9
2015-07-01,2322968.0,True,23.7,27.9,21.0
2015-07-02,2330525.0,True,23.7,29.3,20.4
2015-07-03,2323937.0,True,23.3,28.3,19.2
2015-07-04,2061975.0,True,24.1,29.9,18.2
2015-07-05,1953389.0,True,24.2,29.6,20.1
2015-07-06,2344559.0,True,25.3,32.5,20.2
2015-07-07,2346872.0,True,25.6,29.7,21.4
2015-07-08,2337474.0,True,23.4,26.3,20.7
2015-07-09,2377204.0,True,26.5,31.8,22.1
2015-07-10,2388535.0,True,29.2,34.3,23.6
2015-07-11,2078671.0,True,30.4,36.0,25.7
2015-07-12,1934286.0,True,24.8,28.0,24.0
2015-07-13,2373216.0,True,23.1,24.9,21.4
2015-07-14,2378146.0,True,26.1,31.4,22.5
2015-07-15,2384294.0,True,27.9,33.9,22.7
2015-07-16,2313870.0,True,24.7,28.9,20.6
2015-07-17,2274102.0,True,23.6,28.6,18.4
2015-07-18,2026489.0,True,24.3,27.8,22.3
2015-07-19,1892701.0,True,25.1,29.8,21.3
2015-07-20,2324997.0,True,27.5,31.2,24.4
2015-07-21,2363687.0,True,27.0,29.6,24.6
2015-07-22,2369386.0,True,27.7,31.7,25.3
2015-07-23,2373237.0,True,26.9,32.1,24.9
2015-07-24,2356003.0,True,24.7,25.4,22.6
2015-07-25,2109226.0,True,25.0,26.4,24.4
2015-07-26,1918729.0,True,26.0,30.0,23.5
2015-07-27,2308105.0,True,26.2,30.0,24.4
2015-07-28,2343749.0,True,27.7,31.2,24.6
2015-07-29,2366119.0,True,26.7,28.8,24.8
2015-07-30,2367550.0,True,28.6,33.1,25.5
2015-07-31,2315486.0,True,27.9,32.4,26.2
2015-08-01,1993457.0,True,28.2,31.6,26.0
2015-08-02,1864415.0,True,26.5,29.2,24.1
2015-08-03,2243181.0,True,27.9,31.5,25.6
2015-08-04,2276511.0,True,27.5,30.8,25.4
2015-08-05,2288205.0,True,28.6,32.7,25.9
2015-08-06,2304220.0,True,29.3,34.4,24.5
2015-08-07,2313074.0,True,28.9,34.4,26.0
2015-08-08,1987365.0,True,26.6,33.0,24.3
2015-08-09,1777608.0,True,26.7,31.0,23.3
2015-08-10,2239933.0,True,27.0,32.0,23.9
2015-08-11,2268871.0,True,26.8,30.6,24.5
2015-08-12,2276073.0,True,27.3,32.9,22.1
2015-08-13,2251658.0,True,26.5,31.1,23.9
2015-08-14,2005007.0,True,26.9,32.5,22.7
2015-08-15,1830939.0,True,27.1,30.8,23.1
2015-08-16,1801039.0,True,25.8,31.2,20.7
2015-08-17,2236527.0,True,26.6,32.9,19.8
2015-08-18,2302971.0,True,27.9,32.2,24.1
2015-08-19,2313890.0,True,26.8,29.7,24.2
2015-08-20,2291834.0,True,25.4,28.1,24.2
2015-08-21,2278652.0,True,25.2,29.3,23.0
2015-08-22,1986827.0,True,25.5,29.6,23.4
2015-08-23,1815322.0,True,26.3,31.7,20.9
2015-08-24,2273410.0,True,26.3,30.3,23.3
2015-08-25,2283500.0,True,21.7,24.5,19.2
2015-08-26,2245168.0,True,21.9,25.3,18.9
2015-08-27,2306124.0,True,24.7,30.0,21.2
2015-08-28,2311398.0,True,23.2,28.1,19.0
2015-08-29,2033529.0,True,24.4,30.8,19.0
2015-08-30,1904975.0,True,24.9,31.0,19.9
2015-08-31,2293479.0,True,25.9,31.2,21.0
2015-09-01,2337722.0,True,25.9,30.7,22.6
2015-09-02,2331681.0,True,23.9,27.7,22.0
2015-09-03,2251014.0,True,23.9,28.2,19.8
2015-09-04,2257035.0,True,24.8,30.7,20.6
2015-09-05,1958446.0,True,21.9,23.6,19.4
2015-09-06,1808418.0,True,22.2,26.2,19.3
2015-09-07,2196941.0,True,22.6,28.7,16.8
2015-09-08,2221827.0,True,22.7,28.9,16.2
2015-09-09,2320849.0,True,22.4,30.1,15.3
2015-09-10,2398320.0,True,22.4,28.4,17.0
2015-09-11,2393453.0,True,21.0,24.4,16.8
2015-09-12,2169999.0,True,19.2,24.0,15.5
2015-09-13,2046417.0,True,20.2,26.0,15.2
2015-09-14,2342222.0,True,22.1,27.8,16.4
2015-09-15,2420116.0,True,22.8,28.7,17.4
2015-09-16,2546540.0,True,21.6,26.7,16.0
2015-09-17,2396307.0,True,21.4,27.6,15.5
2015-09-18,2390626.0,True,21.9,29.2,15.9
2015-09-19,2183382.0,True,22.3,29.0,17.0
2015-09-20,2049449.0,True,22.1,28.3,17.9
2015-09-21,2345628.0,True,22.6,29.4,16.5
2015-09-22,2384574.0,True,23.9,31.0,18.0
2015-09-23,2357287.0,True,22.0,26.1,19.0
2015-09-24,2388897.0,True,23.4,30.6,17.5
2015-09-25,2358632.0,True,23.4,29.8,19.0
2015-09-26,2005014.0,True,22.4,28.0,17.9
2015-09-27,1647788.0,True,21.9,29.8,14.2
2015-09-28,1759282.0,True,21.4,28.3,15.5
2015-09-29,1959048.0,True,22.1,28.2,15.9
2015-09-30,2270996.0,True,21.3,26.2,19.4
2015-10-01,2507340.0,True,16.3,19.7,10.7
2015-10-02,2568111.0,True,16.5,21.5,8.6
2015-10-03,2314330.0,True,19.2,24.5,13.3
2015-10-04,2404899.0,True,16.6,22.4,11.2
2015-10-05,2579037.0,True,18.0,25.6,11.0
2015-10-06,2626786.0,True,18.7,26.3,12.1
2015-10-07,2594260.0,True,19.6,25.7,14.1
2015-10-08,2533125.0,True,20.1,26.4,15.7
2015-10-09,2535770.0,True,16.2,20.5,12.8
2015-10-10,2901141.0,True,12.8,17.2,10.4
2015-10-11,3344814.0,True,10.8,14.4,8.1
2015-10-12,3552447.0,True,12.3,17.9,8.2
2015-10-13,3406117.0,True,15.0,21.3,7.8
2015-10-14,3129751.0,True,17.1,24.5,10.9
2015-10-15,3033552.0,True,17.9,26.1,12.1
2015-10-16,2907065.0,True,17.5,24.2,13.2
2015-10-17,2710780.0,True,18.7,26.6,12.4
2015-10-18,2627134.0,True,17.9,24.2,12.4
2015-10-19,2803976.0,True,18.1,23.9,13.6
2015-10-20,2748071.0,True,18.8,25.1,15.4
2015-10-21,2745626.0,True,17.9,22.7,13.9
2015-10-22,2771880.0,True,17.5,23.1,14.5
2015-10-23,2803559.0,True,17.5,21.4,15.2
2015-10-24,2773225.0,True,16.9,22.0,13.2
2015-10-25,2795459.0,True,16.3,22.8,12.1
2015-10-26,3208413.0,True,15.0,18.7,12.0
2015-10-27,3676936.0,True,12.1,15.9,7.7
2015-10-28,4058937.0,True,9.9,15.8,5.6
2015-10-29,4637019.0,True,8.4,14.7,3.2
2015-10-30,5296016.0,True,5.4,10.4,1.7
2015-10-31,5451153.0,True,5.7,12.3,1.1
2015-11-01,5478317.0,True,7.0,12.6,1.3
2015-11-02,5059433.0,True,10.8,15.2,6.1
2015-11-03,4738305.0,True,11.8,18.7,6.6
2015-11-04,4560366.0,True,12.2,19.8,5.8
2015-11-05,4321701.0,True,13.2,19.2,8.6
2015-11-06,4416479.0,True,13.5,19.2,9.6
2015-11-07,4909765.0,True,10.5,11.7,9.3
2015-11-08,4785456.0,True,11.1,11.8,10.3
2015-11-09,4883774.0,True,10.8,12.1,9.8
2015-11-10,4986659.0,True,10.0,13.5,7.7
2015-11-11,4920635.0,True,11.6,17.7,6.6
2015-11-12,4582403.0,True,14.5,21.0,10.2
2015-11-13,4923530.0,True,11.5,13.1,10.5
2015-11-14,4648563.0,True,12.8,14.2,11.0
2015-11-15,4241709.0,True,13.4,17.2,10.6
2015-11-16,4659320.0,True,12.2,14.0,10.7
2015-11-17,4366271.0,True,13.9,19.3,11.0
2015-11-18,4973053.0,True,10.4,12.6,8.4
2015-11-19,5411469.0,True,8.9,10.8,6.7
2015-11-20,5153624.0,True,9.8,14.4,7.1
2015-11-21,5236058.0,True,9.2,15.4,5.0
2015-11-22,5263551.0,True,10.2,15.7,5.9
2015-11-23,5742464.0,True,8.5,11.0,6.5
2015-11-24,6471380.0,True,5.6,8.8,2.7
2015-11-25,7349088.0,True,2.4,5.3,0.9
2015-11-26,9060785.0,True,-2.7,0.9,-4.8
2015-11-27,9996834.0,True,-2.8,2.0,-7.3
2015-11-28,9475864.0,True,0.1,2.6,-2.7
2015-11-29,8666490.0,True,2.5,3.9,1.0
2015-11-30,7974045.0,True,4.1,8.5,0.9
2015-12-01,8012644.0,True,4.0,10.4,-1.3
2015-12-02,7798556.0,True,6.0,8.5,2.9
2015-12-03,9184398.0,True,-0.7,3.3,-3.2
2015-12-04,9711099.0,True,-0.4,3.1,-4.4
2015-12-05,8797176.0,True,3.4,7.2,0.6
2015-12-06,8787759.0,True,1.3,7.8,-2.0
2015-12-07,8755593.0,True,1.9,6.7,-3.4
2015-12-08,8460282.0,True,2.9,9.6,-1.4
2015-12-09,8171237.0,True,5.0,10.9,-0.8
2015-12-10,7568139.0,True,7.8,9.2,5.8
2015-12-11,7680453.0,True,6.4,12.2,3.3
2015-12-12,7707824.0,True,5.2,11.0,1.1
2015-12-13,7222069.0,True,5.2,12.2,0.9
2015-12-14,7718982.0,True,5.0,6.4,2.6
2015-12-15,7867662.0,True,4.7,8.2,2.0
2015-12-16,9096153.0,True,-1.0,2.8,-5.0
2015-12-17,10282307.0,True,-4.6,-0.4,-7.4
2015-12-18,10424944.0,True,-3.3,-1.0,-7.0
2015-12-19,9415444.0,True,-0.1,6.8,-4.6
2015-12-20,9047100.0,True,1.5,6.0,-3.4
2015-12-21,9051357.0,True,2.2,5.0,-0.2
2015-12-22,8842782.0,True,3.1,7.7,-1.5
2015-12-23,8142305.0,True,5.9,10.6,2.9
2015-12-24,8600171.0,True,1.5,5.3,-1.6
2015-12-25,8786413.0,True,-0.8,3.7,-4.9
2015-12-26,8687834.0,True,0.9,4.7,-3.2
2015-12-27,10236008.0,True,-5.7,-1.0,-8.9
2015-12-28,11280529.0,True,-5.7,-1.0,-9.5
2015-12-29,10894140.0,True,-3.2,2.9,-8.7
2015-12-30,10130853.0,True,0.3,4.3,-3.5
2015-12-31,9518827.0,True,0.7,2.8,-1.9
2016-01-01,8739176.0,True,1.2,4.0,-3.3
2016-01-02,7752309.0,True,5.7,9.5,1.0
2016-01-03,7426199.0,True,6.5,9.4,5.1
2016-01-04,8408349.0,True,2.0,5.3,-2.5
2016-01-05,9629911.0,True,-2.7,1.5,-4.8
2016-01-06,9883998.0,True,-1.7,1.7,-4.9
2016-01-07,10276421.0,True,-3.4,1.4,-5.9
2016-01-08,10460518.0,True,-3.3,1.0,-6.9
2016-01-09,10084890.0,True,-2.1,2.4,-6.2
2016-01-10,9427252.0,True,0.3,3.8,-2.7
2016-01-11,10574246.0,True,-3.8,0.9,-6.5
2016-01-12,11023845.0,True,-5.2,0.7,-9.1
2016-01-13,11326400.0,True,-4.5,0.1,-8.2
2016-01-14,11196088.0,True,-3.4,1.3,-8.4
2016-01-15,10210084.0,True,-0.4,5.3,-4.3
2016-01-16,9730562.0,True,-0.2,2.8,-2.1
2016-01-17,9240041.0,True,1.7,5.4,-0.7
2016-01-18,11480565.0,True,-6.3,0.4,-12.3
2016-01-19,14007767.0,True,-12.8,-8.9,-15.1
2016-01-20,14097264.0,True,-10.5,-5.2,-14.5
2016-01-21,13146929.0,True,-7.1,-2.3,-10.2
2016-01-22,13300516.0,True,-7.6,-3.8,-11.1
2016-01-23,14379992.0,True,-11.5,-8.3,-16.0
2016-01-24,15449608.0,True,-14.4,-10.5,-18.0
2016-01-25,14458244.0,True,-9.4,-3.4,-14.3
2016-01-26,12462513.0,True,-3.3,1.7,-8.5
2016-01-27,11378904.0,True,-1.1,4.3,-4.7
2016-01-28,11020893.0,True,-0.5,3.5,-5.6
2016-01-29,10175343.0,True,1.9,5.4,-1.4
2016-01-30,9672107.0,True,0.6,5.2,-2.5
2016-01-31,10408564.0,True,-3.9,0.3,-6.5
2016-02-01,11665451.0,True,-6.0,-1.0,-9.1
2016-02-02,11665015.0,True,-5.3,0.9,-10.0
2016-02-03,11082195.0,True,-2.4,4.0,-8.3
2016-02-04,10414788.0,True,-0.7,3.9,-4.0
2016-02-05,10800299.0,True,-2.2,3.4,-6.8
2016-02-06,10373005.0,True,-3.1,2.0,-6.2
2016-02-07,9794752.0,True,-2.9,3.5,-8.3
2016-02-08,8946488.0,True,1.3,5.5,-4.3
2016-02-09,9039295.0,True,0.3,5.5,-3.9
2016-02-10,8906429.0,True,2.7,10.7,-4.3
2016-02-11,8570838.0,True,8.1,13.5,1.6
2016-02-12,7701014.0,True,8.4,10.0,6.8
2016-02-13,6579978.0,True,11.0,14.4,5.8
2016-02-14,8768437.0,True,-2.6,5.8,-6.8
2016-02-15,10829326.0,True,-5.8,-2.3,-10.0
2016-02-16,10658437.0,True,-2.7,1.1,-6.7
2016-02-17,9912172.0,True,0.0,5.4,-5.2
2016-02-18,9218659.0,True,3.5,7.8,-1.4
2016-02-19,8983971.0,True,2.3,4.4,0.1
2016-02-20,8799525.0,True,1.3,6.3,-2.5
2016-02-21,9162735.0,True,-0.6,4.4,-4.2
2016-02-22,9418833.0,True,1.1,4.2,-2.2
2016-02-23,9242126.0,True,0.7,4.5,-4.5
2016-02-24,10061367.0,True,-3.0,2.2,-6.8
2016-02-25,9767530.0,True,-0.2,5.7,-5.8
2016-02-26,8924743.0,True,2.2,7.5,-3.2
2016-02-27,8245359.0,True,3.3,8.1,0.5
2016-02-28,8622315.0,True,0.7,6.9,-2.6
2016-02-29,10329344.0,True,-3.8,-1.1,-5.9
2016-03-01,9923724.0,True,-2.7,2.1,-7.5
2016-03-02,9315272.0,True,3.1,8.1,-2.2
2016-03-03,7890206.0,True,8.1,13.9,4.4
2016-03-04,6491707.0,True,13.2,20.3,6.4
2016-03-05,6067115.0,True,11.3,13.5,9.1
2016-03-06,5959792.0,True,7.9,12.9,4.3
2016-03-07,6508053.0,True,8.1,12.2,4.8
2016-03-08,7574402.0,True,2.7,7.0,-1.4
2016-03-09,8652610.0,True,0.3,5.3,-2.7
2016-03-10,9149418.0,True,-1.1,3.1,-4.3
2016-03-11,9091614.0,True,-0.5,4.6,-5.5
2016-03-12,8529665.0,True,2.0,6.4,-3.3
2016-03-13,7994401.0,True,3.7,6.5,1.9
2016-03-14,7817286.0,True,4.7,9.6,1.3
2016-03-15,7589554.0,True,5.2,12.4,-1.0
2016-03-16,6925942.0,True,7.5,13.8,2.7
2016-03-17,6562276.0,True,9.3,14.7,2.0
2016-03-18,5636581.0,True,13.4,20.1,8.8
2016-03-19,5207090.0,True,11.4,18.1,6.6
2016-03-20,5153654.0,True,10.6,17.5,4.9
2016-03-21,5369283.0,True,9.9,16.1,5.5
2016-03-22,5743781.0,True,8.0,13.8,3.5
2016-03-23,5976400.0,True,8.2,13.8,3.8
2016-03-24,6141410.0,True,7.2,12.7,1.6
2016-03-25,6126265.0,True,7.1,12.6,2.1
2016-03-26,6100331.0,True,6.5,12.6,2.1
2016-03-27,6016000.0,True,7.2,13.1,2.2
2016-03-28,5782390.0,True,9.8,17.4,2.3
2016-03-29,5508983.0,True,11.3,17.1,7.6
2016-03-30,5193473.0,True,11.5,18.3,7.0
2016-03-31,4845243.0,True,13.5,21.4,6.0
2016-04-01,4343982.0,True,15.3,23.8,7.3
2016-04-02,3983501.0,True,15.0,21.7,9.6
2016-04-03,4526170.0,True,10.7,12.7,8.2
2016-04-04,4456034.0,True,12.3,19.8,5.1
2016-04-05,4526907.0,True,11.4,18.1,5.9
2016-04-06,4324040.0,True,14.4,22.9,6.6
2016-04-07,4112447.0,True,14.1,20.6,10.5
2016-04-08,4229170.0,True,11.1,18.7,7.8
2016-04-09,4335557.0,True,10.7,14.1,7.4
2016-04-10,3912032.0,True,13.4,20.7,9.3
2016-04-11,4172259.0,True,12.5,19.4,5.7
2016-04-12,3953221.0,True,14.1,19.4,10.3
2016-04-13,3665355.0,True,15.6,21.4,11.4
2016-04-14,3904600.0,True,12.4,18.6,9.3
2016-04-15,3766799.0,True,15.0,23.1,8.1
2016-04-16,3748391.0,True,14.9,20.7,9.8
2016-04-17,4025471.0,True,10.8,14.5,8.3
2016-04-18,4317925.0,True,11.2,18.6,7.1
2016-04-19,4100668.0,True,12.0,19.2,6.5
2016-04-20,3972970.0,True,14.3,20.9,10.1
2016-04-21,4060206.0,True,13.5,16.9,10.3
2016-04-22,3896994.0,True,13.5,18.6,10.1
2016-04-23,3655417.0,True,13.5,19.8,7.8
2016-04-24,3392012.0,True,15.5,23.7,8.1
2016-04-25,3471710.0,True,17.2,25.3,10.2
2016-04-26,3234174.0,True,21.1,29.6,12.1
2016-04-27,3138983.0,True,17.2,20.7,14.5
2016-04-28,3117997.0,True,17.2,23.0,12.4
2016-04-29,3073581.0,True,16.2,22.6,10.9
2016-04-30,3100087.0,True,15.9,20.4,10.8
2016-05-01,2931015.0,True,18.8,26.0,12.2
2016-05-02,3021847.0,True,21.1,28.4,16.5
2016-05-03,3692550.0,True,12.9,17.6,8.9
2016-05-04,3664310.0,True,15.7,20.6,10.2
2016-05-05,2974583.0,True,18.9,26.9,10.2
2016-05-06,3072246.0,True,16.3,18.6,13.0
2016-05-07,2944081.0,True,16.5,22.6,10.7
2016-05-08,2791879.0,True,19.4,26.8,11.6
2016-05-09,2927059.0,True,20.2,25.4,16.3
2016-05-10,3244520.0,True,14.5,18.1,12.5
2016-05-11,3131752.0,True,16.4,23.5,10.4
2016-05-12,3062640.0,True,17.8,24.0,12.1
2016-05-13,2971189.0,True,18.6,25.4,12.7
2016-05-14,2659608.0,True,20.2,26.9,15.1
2016-05-15,2768013.0,True,17.4,24.2,12.3
2016-05-16,3003656.0,True,15.9,21.9,10.8
2016-05-17,2927407.0,True,19.3,26.6,10.9
2016-05-18,2867485.0,True,22.3,29.5,13.5
2016-05-19,2786469.0,True,24.3,31.9,16.3
2016-05-20,2715440.0,True,24.0,31.6,16.8
2016-05-21,2437301.0,True,24.1,30.4,17.8
2016-05-22,2266289.0,True,24.7,31.7,17.6
2016-05-23,2597857.0,True,23.3,29.4,18.3
2016-05-24,2607581.0,True,16.8,21.8,15.4
2016-05-25,2599043.0,True,19.7,24.4,15.3
2016-05-26,2588958.0,True,19.4,22.9,17.5
2016-05-27,2598662.0,True,20.9,27.1,14.8
2016-05-28,2364922.0,True,21.7,28.0,17.2
2016-05-29,2223686.0,True,21.5,27.6,17.2
2016-05-30,2544749.0,True,22.1,28.9,16.9
2016-05-31,2569115.0,True,21.6,27.6,17.4
2016-06-01,2560958.0,True,23.3,29.9,17.1
2016-06-02,2622565.0,True,23.2,29.1,17.2
2016-06-03,2623920.0,True,22.2,27.7,17.6
2016-06-04,2317913.0,True,21.2,26.3,18.2
2016-06-05,2126513.0,True,24.7,32.2,17.3
2016-06-06,2229302.0,True,23.3,28.4,20.8
2016-06-07,2592257.0,True,21.7,25.9,19.6
2016-06-08,2606699.0,True,22.1,27.7,18.2
2016-06-09,2635425.0,True,24.1,31.3,17.8
2016-06-10,2622760.0,True,24.6,31.3,20.2
2016-06-11,2337670.0,True,23.5,26.5,20.9
2016-06-12,2198949.0,True,23.5,26.7,19.9
2016-06-13,2558866.0,True,23.5,29.6,19.4
2016-06-14,2728524.0,True,23.8,29.5,19.7
2016-06-15,2552761.0,True,20.9,24.5,17.4
2016-06-16,2565195.0,True,20.9,24.9,18.6
2016-06-17,2590437.0,True,23.8,29.1,18.6
2016-06-18,2295970.0,True,24.5,29.9,20.1
2016-06-19,2136268.0,True,24.1,29.3,20.3
2016-06-20,2548242.0,True,24.7,30.7,19.6
2016-06-21,2586345.0,True,26.0,31.3,21.0
2016-06-22,2599201.0,True,24.3,30.2,20.9
2016-06-23,2594846.0,True,24.7,29.4,19.6
2016-06-24,2529412.0,True,23.1,25.7,21.1
2016-06-25,2233867.0,True,22.8,26.7,19.2
2016-06-26,2087699.0,True,24.4,30.3,19.4
2016-06-27,2504425.0,True,24.4,29.5,19.9
2016-06-28,2559100.0,True,24.7,29.7,20.4
2016-06-29,2560510.0,True,25.3,30.2,20.9
2016-06-30,2591562.0,True,24.6,26.9,23.0
2016-07-01,2608719.0,True,24.0,26.6,22.0
2016-07-02,2266636.0,True,23.5,27.7,20.6
2016-07-03,2090608.0,True,23.5,26.8,21.1
2016-07-04,2547349.0,True,21.8,24.1,20.2
2016-07-05,2749519.0,True,23.1,24.8,20.2
2016-07-06,2612272.0,True,22.9,26.9,20.3
2016-07-07,2619942.0,True,24.0,28.5,20.1
2016-07-08,2638700.0,True,27.3,32.4,21.2
2016-07-09,2321959.0,True,27.7,32.7,23.2
2016-07-10,2139010.0,True,27.9,33.1,23.2
2016-07-11,2618230.0,True,28.4,33.4,24.8
2016-07-12,2574439.0,True,26.3,30.9,22.1
2016-07-13,2564629.0,True,26.3,29.5,23.2
2016-07-14,2537782.0,True,27.5,32.4,24.0
2016-07-15,2485636.0,True,26.2,29.2,23.7
2016-07-16,2239842.0,True,20.8,23.8,19.8
2016-07-17,2035589.0,True,21.7,23.1,20.4
2016-07-18,2504046.0,True,24.4,28.4,20.7
2016-07-19,2553009.0,True,27.1,32.4,20.9
2016-07-20,2565325.0,True,28.6,32.9,24.0
2016-07-21,2517087.0,True,28.3,32.2,24.9
2016-07-22,2492188.0,True,29.1,34.1,25.3
2016-07-23,2190093.0,True,28.7,31.6,27.2
2016-07-24,1960077.0,True,28.0,30.1,27.0
2016-07-25,2403463.0,True,28.4,31.4,26.4
2016-07-26,2472479.0,True,28.4,31.9,25.6
2016-07-27,2489554.0,True,27.6,28.9,26.7
2016-07-28,2439004.0,True,28.0,30.5,26.7
2016-07-29,2406241.0,True,26.3,28.4,23.4
2016-07-30,2049540.0,True,28.6,33.0,26.4
2016-07-31,1901286.0,True,28.9,32.8,26.6
2016-08-01,2311748.0,True,28.4,32.4,25.8
2016-08-02,2318597.0,True,27.2,31.1,25.0
2016-08-03,2311569.0,True,29.1,34.2,24.0
2016-08-04,2335348.0,True,30.7,35.7,26.0
2016-08-05,2338694.0,True,31.2,36.0,26.5
2016-08-06,2003357.0,True,30.5,34.0,26.6
2016-08-07,1789735.0,True,30.6,35.0,27.0
2016-08-08,2303852.0,True,30.5,35.5,26.4
2016-08-09,2323781.0,True,29.3,33.6,26.4
2016-08-10,2310154.0,True,29.4,34.8,26.1
2016-08-11,2335640.0,True,30.5,36.4,26.1
2016-08-12,2323508.0,True,30.4,35.9,26.4
2016-08-13,1922873.0,True,30.2,35.1,26.8
2016-08-14,1701798.0,True,28.9,31.8,27.3
2016-08-15,1737459.0,True,29.1,34.0,25.8
2016-08-16,2305795.0,True,29.3,34.9,26.2
2016-08-17,2311801.0,True,29.9,34.7,25.1
2016-08-18,2341745.0,True,29.9,34.3,26.2
2016-08-19,2366413.0,True,28.9,33.2,26.6
2016-08-20,1937548.0,True,30.1,34.9,26.5
2016-08-21,1740948.0,True,30.7,36.6,26.9
2016-08-22,2315344.0,True,30.7,36.3,25.8
2016-08-23,2348815.0,True,28.3,33.0,26.0
2016-08-24,2326166.0,True,29.1,32.9,26.4
2016-08-25,2329808.0,True,27.1,32.2,24.0
2016-08-26,2179814.0,True,23.0,28.2,19.5
2016-08-27,1865845.0,True,23.4,29.7,16.9
2016-08-28,1750410.0,True,21.0,24.5,18.3
2016-08-29,2380615.0,True,22.2,27.1,17.4
2016-08-30,2212268.0,True,20.6,24.5,17.9
2016-08-31,2209215.0,True,17.7,19.2,16.1
2016-09-01,2338335.0,True,23.2,28.6,15.8
2016-09-02,2311365.0,True,24.2,29.0,20.6
2016-09-03,2039386.0,True,23.9,28.6,20.4
2016-09-04,1907749.0,True,25.6,29.6,22.1
2016-09-05,2351152.0,True,26.4,31.1,23.0
2016-09-06,2363509.0,True,24.7,29.0,21.0
2016-09-07,2350317.0,True,24.3,28.6,20.9
2016-09-08,2340353.0,True,23.0,26.5,21.5
2016-09-09,2343977.0,True,23.9,29.3,19.7
2016-09-10,2095707.0,True,24.4,29.1,20.0
2016-09-11,1940736.0,True,24.5,28.2,22.1
2016-09-12,2301582.0,True,23.4,27.5,21.4
2016-09-13,2290503.0,True,24.6,30.8,19.6
2016-09-14,1834281.0,True,24.6,28.9,21.4
2016-09-15,1473936.0,True,23.9,29.5,18.8
2016-09-16,1557244.0,True,24.6,29.5,20.4
2016-09-17,1737797.0,True,23.1,28.2,18.5
2016-09-18,1815698.0,True,23.5,28.3,20.2
2016-09-19,2243669.0,True,21.9,27.8,18.2
2016-09-20,2305382.0,True,20.6,26.8,15.4
2016-09-21,2325552.0,True,20.2,25.3,14.3
2016-09-22,2332239.0,True,21.9,27.2,17.5
2016-09-23,2334584.0,True,21.4,27.9,16.4
2016-09-24,2089328.0,True,22.3,28.9,16.5
2016-09-25,1942679.0,True,23.0,29.7,18.6
2016-09-26,2255166.0,True,23.6,28.9,19.7
2016-09-27,2355857.0,True,21.0,23.8,19.1
2016-09-28,2313253.0,True,19.9,21.8,18.7
2016-09-29,2405927.0,True,20.4,24.8,18.2
2016-09-30,2351083.0,True,20.5,23.5,17.7
2016-10-01,2124669.0,True,21.1,25.6,17.5
2016-10-02,2107841.0,True,19.0,22.4,16.7
2016-10-03,2096558.0,True,22.7,27.9,19.6
2016-10-04,2344430.0,True,22.0,29.0,15.6
2016-10-05,2354492.0,True,21.1,27.2,17.5
2016-10-06,2422099.0,True,18.0,23.5,13.6
2016-10-07,2422910.0,True,19.7,24.8,16.5
2016-10-08,2448954.0,True,16.8,21.8,10.3
2016-10-09,2910431.0,True,11.3,16.6,6.5
2016-10-10,3150538.0,True,14.0,21.4,7.4
2016-10-11,3076467.0,True,15.4,21.1,10.0
2016-10-12,3085099.0,True,15.5,20.7,11.4
2016-10-13,3201134.0,True,15.2,21.9,9.3
2016-10-14,3069970.0,True,16.7,23.5,10.5
2016-10-15,2743546.0,True,19.1,27.1,12.4
2016-10-16,2704333.0,True,17.2,19.5,15.4
2016-10-17,2835480.0,True,17.5,21.7,14.5
2016-10-18,2913132.0,True,17.0,24.0,11.2
2016-10-19,2852966.0,True,18.0,24.3,14.0
2016-10-20,2844894.0,True,18.6,25.8,12.9
2016-10-21,2845535.0,True,17.9,22.0,15.7
2016-10-22,2693652.0,True,18.3,22.8,14.5
2016-10-23,3229167.0,True,13.3,17.8,10.6
2016-10-24,3346636.0,True,15.1,20.6,9.0
2016-10-25,3480926.0,True,14.1,17.5,12.5
2016-10-26,3608261.0,True,13.3,16.3,10.5
2016-10-27,3643079.0,True,14.6,20.9,8.6
2016-10-28,3709160.0,True,14.6,18.4,10.2
2016-10-29,4753872.0,True,7.8,11.2,3.5
2016-10-30,5104415.0,True,7.9,15.1,1.6
2016-10-31,6025794.0,True,5.7,8.2,0.7
2016-11-01,7258368.0,True,1.5,6.6,-2.4
2016-11-02,7132011.0,True,4.1,10.5,-2.7
2016-11-03,6090633.0,True,9.1,14.1,4.2
2016-11-04,5432474.0,True,12.3,15.7,8.2
2016-11-05,4534268.0,True,15.0,18.1,12.2
2016-11-06,4308967.0,True,14.0,18.3,11.9
2016-11-07,4666532.0,True,12.8,17.8,8.5
2016-11-08,6332425.0,True,4.1,8.4,0.4
2016-11-09,7307248.0,True,2.1,8.6,-3.2
2016-11-10,7121306.0,True,6.0,9.8,1.5
2016-11-11,6056785.0,True,9.1,14.2,6.2
2016-11-12,5456241.0,True,11.4,16.7,5.1
2016-11-13,4640773.0,True,14.4,18.1,12.1
2016-11-14,4800773.0,True,13.2,15.8,10.2
2016-11-15,6127181.0,True,5.2,10.2,2.5
2016-11-16,6687158.0,True,5.2,12.0,0.0
2016-11-17,6073986.0,True,9.1,16.5,4.0
2016-11-18,5764083.0,True,10.3,14.6,4.9
2016-11-19,4990184.0,True,13.0,18.6,9.9
2016-11-20,5124489.0,True,9.8,15.3,6.4
2016-11-21,5839776.0,True,9.5,14.6,5.1
2016-11-22,7522488.0,True,2.0,8.4,-2.1
2016-11-23,9140200.0,True,-1.8,3.6,-4.8
2016-11-24,9693350.0,True,-2.5,2.4,-6.2
2016-11-25,9030195.0,True,1.0,6.0,-3.5
2016-11-26,8819337.0,True,0.9,2.7,-0.7
2016-11-27,8104212.0,True,3.3,6.6,0.5
2016-11-28,8782538.0,True,1.4,5.6,-1.4
2016-11-29,8811495.0,True,1.7,8.6,-2.8
2016-11-30,8269729.0,True,6.0,9.8,0.7
2016-12-01,8186881.0,True,4.1,7.0,-1.0
2016-12-02,8506924.0,True,1.6,7.9,-3.5
2016-12-03,7677122.0,True,4.5,11.3,-0.7
2016-12-04,7527547.0,True,5.5,9.5,2.0
2016-12-05,7628790.0,True,5.9,10.3,0.5
2016-12-06,9137426.0,True,-1.1,4.3,-4.2
2016-12-07,8770242.0,True,1.7,7.5,-2.7
2016-12-08,8802332.0,True,2.1,6.1,-3.0
2016-12-09,8841974.0,True,1.4,4.2,-2.9
2016-12-10,9489349.0,True,-1.6,3.6,-5.9
2016-12-11,9453527.0,True,-1.1,6.4,-6.1
2016-12-12,9339963.0,True,2.3,6.3,-3.0
2016-12-13,8965618.0,True,3.4,8.8,-0.4
2016-12-14,10314175.0,True,-1.4,-0.1,-2.3
2016-12-15,11300787.0,True,-5.0,-1.5,-7.6
2016-12-16,11516956.0,True,-4.7,0.0,-9.8
2016-12-17,9294754.0,True,2.7,8.0,-2.7
2016-12-18,8308808.0,True,4.9,8.1,2.7
2016-12-19,8044393.0,True,7.2,12.0,4.3
2016-12-20,7470832.0,True,7.6,13.6,4.4
2016-12-21,7576868.0,True,7.9,12.6,4.1
2016-12-22,7752101.0,True,5.5,11.0,1.5
2016-12-23,9646393.0,True,-2.5,1.5,-4.4
2016-12-24,9699900.0,True,-2.4,1.1,-4.3
2016-12-25,9209054.0,True,1.0,6.4,-4.5
2016-12-26,9251354.0,True,2.5,4.4,1.3
2016-12-27,10199356.0,True,-2.3,1.3,-6.3
2016-12-28,10932964.0,True,-3.7,2.6,-8.4
2016-12-29,11014923.0,True,-4.2,-1.1,-7.2
2016-12-30,11161159.0,True,-3.9,1.0,-9.1
2016-12-31,9787512.0,True,0.7,5.7,-3.6
2017-01-01,8999701.0,True,2.7,6.9,-1.6
2017-01-02,8639477.0,True,5.0,9.2,1.8
2017-01-03,8954111.0,True,2.0,7.7,-2.3
2017-01-04,8470687.0,True,3.9,8.9,1.0
2017-01-05,8661509.0,True,3.8,7.3,-0.1
2017-01-06,8069412.0,True,5.4,11.4,2.5
2017-01-07,7829484.0,True,4.6,10.5,0.0
2017-01-08,7441758.0,True,6.5,10.9,4.0
2017-01-09,8594479.0,True,1.5,4.3,-3.1
2017-01-10,10215068.0,True,-3.7,1.1,-7.4
2017-01-11,11002396.0,True,-3.8,1.5,-9.4
2017-01-12,10424334.0,True,-2.2,1.0,-6.1
2017-01-13,11698893.0,True,-6.0,-1.4,-8.6
2017-01-14,13006388.0,True,-8.4,-5.4,-10.5
2017-01-15,12576193.0,True,-6.6,-0.9,-11.5
2017-01-16,12114760.0,True,-3.8,4.0,-8.9
2017-01-17,11397774.0,True,-2.0,3.4,-7.1
2017-01-18,10730571.0,True,-0.5,2.8,-3.0
2017-01-19,10788753.0,True,-1.2,4.7,-4.9
2017-01-20,11762742.0,True,-4.4,-1.4,-7.8
2017-01-21,12070348.0,True,-5.2,-0.9,-10.0
2017-01-22,12583508.0,True,-8.3,-3.3,-10.9
2017-01-23,13583047.0,True,-8.9,-4.1,-12.6
2017-01-24,13185771.0,True,-7.0,-1.3,-11.6
2017-01-25,12536941.0,True,-5.2,0.9,-10.2
2017-01-26,11771618.0,True,-1.3,3.4,-7.9
2017-01-27,10440734.0,True,-2.6,3.1,-5.7
2017-01-28,9527937.0,True,-1.6,4.3,-8.2
2017-01-29,9552311.0,True,0.8,2.5,-0.9
2017-01-30,11022610.0,True,-4.8,-0.9,-7.9
2017-01-31,12268198.0,True,-5.4,0.2,-9.9
2017-02-01,11841168.0,True,-4.0,0.7,-7.5
2017-02-02,11619481.0,True,-2.7,3.3,-9.2
2017-02-03,10202253.0,True,1.5,6.7,-2.3
2017-02-04,9843845.0,True,0.9,3.2,-2.9
2017-02-05,9605111.0,True,1.2,2.3,-1.5
2017-02-06,10606874.0,True,-1.7,2.6,-4.4
2017-02-07,10887402.0,True,-2.0,3.0,-5.6
2017-02-08,11080597.0,True,-2.2,0.6,-4.9
2017-02-09,11923307.0,True,-5.3,-2.1,-7.1
2017-02-10,12581867.0,True,-6.6,-2.5,-9.3
2017-02-11,11779549.0,True,-4.8,0.8,-9.2
2017-02-12,10786895.0,True,-2.2,4.2,-7.4
2017-02-13,10683135.0,True,0.1,6.1,-5.4
2017-02-14,10185236.0,True,0.3,6.5,-4.0
2017-02-15,9771574.0,True,1.8,8.0,-3.9
2017-02-16,9063497.0,True,5.5,10.3,-1.9
2017-02-17,9205591.0,True,0.8,9.0,-5.2
2017-02-18,9970723.0,True,-2.6,2.9,-7.0
2017-02-19,9511710.0,True,2.3,5.7,-3.4
2017-02-20,10210711.0,True,-1.5,5.4,-5.2
2017-02-21,10258386.0,True,-0.6,6.9,-7.6
2017-02-22,9973726.0,True,1.7,2.9,-0.9
2017-02-23,10280146.0,True,-1.5,2.1,-4.2
2017-02-24,10310016.0,True,-0.8,4.4,-5.8
2017-02-25,9197051.0,True,2.6,8.4,-2.8
2017-02-26,8659717.0,True,3.6,10.1,-1.5
2017-02-27,8762721.0,True,3.7,10.7,-1.8
2017-02-28,8195195.0,True,5.6,12.3,-1.3
2017-03-01,7878233.0,True,5.0,11.4,2.0
2017-03-02,8644610.0,True,1.8,6.6,-1.1
2017-03-03,8410254.0,True,3.3,10.4,-3.1
2017-03-04,7559391.0,True,5.7,12.7,0.1
2017-03-05,7545722.0,True,5.2,10.4,1.2
2017-03-06,8987612.0,True,0.1,4.0,-2.8
2017-03-07,9602265.0,True,-1.3,2.9,-4.0
2017-03-08,9624804.0,True,-0.1,5.0,-5.3
2017-03-09,8847717.0,True,3.2,10.7,-2.7
2017-03-10,8157265.0,True,4.8,12.2,-1.2
2017-03-11,7241013.0,True,7.3,16.7,-0.2
2017-03-12,6789328.0,True,8.2,14.0,4.4
2017-03-13,7062616.0,True,6.9,12.2,1.5
2017-03-14,7160068.0,True,5.8,10.9,1.0
2017-03-15,7106477.0,True,6.3,13.3,0.4
2017-03-16,7033925.0,True,6.2,13.4,1.0
2017-03-17,6760233.0,True,7.7,15.7,1.2
2017-03-18,6248693.0,True,9.5,16.1,5.9
2017-03-19,5833533.0,True,10.9,18.9,3.2
2017-03-20,5959674.0,True,10.2,15.5,6.0
2017-03-21,6183858.0,True,7.4,12.6,4.3
2017-03-22,6287260.0,True,7.6,14.1,1.9
2017-03-23,6050112.0,True,9.1,15.0,5.1
2017-03-24,6038238.0,True,8.7,15.2,3.9
2017-03-25,5993251.0,True,8.1,12.6,5.0
2017-03-26,6067802.0,True,7.3,11.6,4.8
2017-03-27,6623599.0,True,6.1,10.9,4.4
2017-03-28,6558254.0,True,7.1,12.7,2.5
2017-03-29,6231232.0,True,8.8,14.4,4.7
2017-03-30,5826404.0,True,10.6,17.1,4.1
2017-03-31,5947489.0,True,8.6,12.4,4.9
2017-04-01,5701304.0,True,9.0,15.1,4.8
2017-04-02,5550355.0,True,9.0,15.8,3.1
2017-04-03,5350510.0,True,11.4,19.2,4.3
2017-04-04,4909053.0,True,14.1,21.8,6.7
2017-04-05,5286793.0,True,12.0,14.2,10.8
2017-04-06,5255178.0,True,10.4,12.4,9.4
2017-04-07,4607429.0,True,14.5,23.5,9.0
2017-04-08,4386403.0,True,13.0,19.9,8.6
2017-04-09,4194885.0,True,14.8,20.5,10.6
2017-04-10,4173027.0,True,16.5,23.3,10.1
2017-04-11,4090469.0,True,15.3,20.2,11.5
2017-04-12,4505756.0,True,11.5,16.4,8.8
2017-04-13,4387549.0,True,12.7,19.6,6.3
2017-04-14,4555194.0,True,13.0,17.7,10.1
2017-04-15,3862017.0,True,16.8,24.3,10.9
2017-04-16,3437888.0,True,18.7,24.4,12.9
2017-04-17,3822492.0,True,14.7,18.0,11.2
2017-04-18,4249072.0,True,11.7,17.4,9.4
2017-04-19,4234102.0,True,12.6,18.4,7.0
2017-04-20,4235976.0,True,12.9,18.2,9.9
2017-04-21,4129592.0,True,13.1,19.3,7.6
2017-04-22,3814366.0,True,14.8,22.5,8.5
2017-04-23,3620227.0,True,14.9,21.7,8.9
2017-04-24,3792319.0,True,15.1,21.3,8.3
2017-04-25,3632144.0,True,16.0,20.4,12.9
2017-04-26,3670166.0,True,15.1,20.2,10.5
2017-04-27,3742055.0,True,13.6,19.8,7.9
2017-04-28,3634754.0,True,14.4,21.5,8.9
2017-04-29,3329663.0,True,17.1,23.7,9.6
2017-04-30,2909617.0,True,19.3,27.8,13.7
2017-05-01,2895309.0,True,20.1,28.3,12.8
2017-05-02,2867680.0,True,20.7,28.0,15.2
2017-05-03,2627944.0,True,21.5,30.2,14.5
2017-05-04,2678578.0,True,21.0,27.5,14.8
2017-05-05,2453501.0,True,20.9,27.0,15.5
2017-05-06,2602282.0,True,14.9,19.3,10.0
2017-05-07,2622905.0,True,16.6,22.8,10.9
2017-05-08,2825943.0,True,17.9,23.5,11.1
2017-05-09,2796887.0,True,17.1,22.6,15.3
2017-05-10,2969691.0,True,16.4,20.8,14.2
2017-05-11,2919827.0,True,19.3,24.8,13.1
2017-05-12,2847207.0,True,19.1,21.1,16.8
2017-05-13,2828765.0,True,16.4,22.6,12.4
2017-05-14,2791577.0,True,15.7,20.7,11.0
2017-05-15,3001785.0,True,16.0,20.1,12.3
2017-05-16,2970528.0,True,17.1,22.3,13.3
2017-05-17,2925933.0,True,18.6,25.9,12.3
2017-05-18,2851471.0,True,20.4,26.9,13.9
2017-05-19,2765161.0,True,21.1,27.9,15.1
2017-05-20,2534475.0,True,20.9,27.3,15.4
2017-05-21,2390082.0,True,21.5,27.6,16.0
2017-05-22,2637562.0,True,21.8,28.0,15.9
2017-05-23,2659848.0,True,20.0,24.4,17.2
2017-05-24,2655493.0,True,21.8,27.8,16.9
2017-05-25,2652859.0,True,19.2,24.4,14.4
2017-05-26,2681666.0,True,17.7,23.2,12.4
2017-05-27,2496412.0,True,19.5,26.4,13.7
2017-05-28,2363536.0,True,21.2,27.9,14.4
2017-05-29,2615253.0,True,22.9,29.3,18.1
2017-05-30,2653323.0,True,23.6,30.3,18.6
2017-05-31,2645045.0,True,23.3,29.6,17.7
2017-06-01,2597331.0,True,23.3,27.0,20.0
2017-06-02,2599229.0,True,20.5,25.6,15.5
2017-06-03,2335363.0,True,20.5,26.5,16.1
2017-06-04,2232362.0,True,21.7,28.1,15.1
2017-06-05,2514817.0,True,24.2,30.3,16.4
2017-06-06,2320178.0,True,19.4,23.9,14.5
2017-06-07,2635433.0,True,17.6,19.2,15.1
2017-06-08,2671904.0,True,20.1,25.9,15.1
2017-06-09,2610763.0,True,21.2,25.7,17.9
2017-06-10,2398663.0,True,21.5,27.5,16.7
2017-06-11,2239887.0,True,22.8,29.6,14.8
2017-06-12,2584545.0,True,22.1,28.0,17.0
2017-06-13,2602246.0,True,21.5,25.9,18.3
2017-06-14,2601183.0,True,21.8,26.8,17.8
2017-06-15,2612643.0,True,23.1,29.6,18.0
2017-06-16,2630464.0,True,25.5,32.7,20.0
2017-06-17,2289614.0,True,24.2,29.9,20.6
2017-06-18,2126365.0,True,24.3,31.8,18.6
2017-06-19,2524041.0,True,24.8,30.2,19.5
2017-06-20,2571015.0,True,26.0,32.7,20.0
2017-06-21,2592540.0,True,25.4,31.6,21.7
2017-06-22,2611838.0,True,25.3,30.4,21.2
2017-06-23,2603277.0,True,26.7,34.1,21.3
2017-06-24,2252022.0,True,24.5,27.8,21.5
2017-06-25,2149359.0,True,23.8,28.4,21.0
2017-06-26,2532255.0,True,23.1,29.9,20.1
2017-06-27,2580626.0,True,25.2,30.5,20.8
2017-06-28,2536107.0,True,26.0,30.5,22.5
2017-06-29,2598864.0,True,26.2,31.5,21.9
2017-06-30,2557870.0,True,25.9,30.9,22.2
2017-07-01,2214715.0,True,25.3,30.7,22.4
2017-07-02,2129102.0,True,24.3,26.8,21.9
2017-07-03,2541564.0,True,24.7,27.4,21.9
2017-07-04,2558972.0,True,26.7,31.6,23.8
2017-07-05,2531463.0,True,27.4,32.6,23.3
2017-07-06,2560710.0,True,27.6,34.6,23.9
2017-07-07,2568060.0,True,26.4,28.4,24.4
2017-07-08,2248724.0,True,26.0,27.6,24.6
2017-07-09,2103353.0,True,26.3,30.3,23.8
2017-07-10,2602195.0,True,24.0,25.4,22.6
2017-07-11,2611949.0,True,26.0,30.9,22.2
2017-07-12,2665326.0,True,27.1,31.1,24.9
2017-07-13,2602084.0,True,27.6,32.1,23.1
2017-07-14,2609212.0,True,28.7,33.0,26.1
2017-07-15,2240277.0,True,25.0,27.3,23.4
2017-07-16,2106144.0,True,26.2,28.8,23.4
2017-07-17,2573980.0,True,26.8,29.0,24.0
2017-07-18,2602372.0,True,26.5,30.7,23.9
2017-07-19,2602258.0,True,28.3,34.1,24.5
2017-07-20,2628933.0,True,29.9,34.9,26.0
2017-07-21,2637147.0,True,29.8,32.4,27.3
2017-07-22,2243959.0,True,29.3,32.5,27.5
2017-07-23,2044713.0,True,27.0,28.1,26.1
2017-07-24,2486040.0,True,26.2,27.3,25.6
2017-07-25,2524506.0,True,29.4,35.4,24.6
2017-07-26,2511216.0,True,28.7,32.8,24.2
2017-07-27,2463368.0,True,27.1,29.7,24.9
2017-07-28,2531715.0,True,25.5,26.9,24.8
2017-07-29,2163749.0,True,27.2,30.1,25.0
2017-07-30,1986890.0,True,27.9,32.6,24.7
2017-07-31,2392235.0,True,25.7,27.1,24.8
2017-08-01,2443424.0,True,28.6,33.0,24.1
2017-08-02,2496956.0,True,30.0,33.0,26.6
2017-08-03,2474340.0,True,30.2,33.9,27.2
2017-08-04,2439515.0,True,30.3,35.3,25.9
2017-08-05,2138578.0,True,31.4,34.8,27.6
2017-08-06,1970375.0,True,29.8,34.0,28.2
2017-08-07,2416166.0,True,29.2,34.4,26.4
2017-08-08,2452428.0,True,28.2,31.0,25.5
2017-08-09,2407725.0,True,27.6,32.0,24.6
2017-08-10,2464265.0,True,24.8,26.3,23.9
2017-08-11,2454374.0,True,27.0,32.4,23.9
2017-08-12,2049055.0,True,27.8,32.6,23.2
2017-08-13,1863467.0,True,26.3,28.4,24.2
2017-08-14,2278621.0,True,24.6,27.1,23.1
2017-08-15,2027121.0,True,21.9,24.0,20.8
2017-08-16,2417443.0,True,23.3,26.8,20.5
2017-08-17,2425684.0,True,24.8,27.7,21.2
2017-08-18,2444925.0,True,26.3,30.6,23.9
2017-08-19,2134817.0,True,26.1,28.7,23.1
2017-08-20,2057529.0,True,23.2,25.8,22.0
2017-08-21,2503583.0,True,25.8,29.2,23.7
2017-08-22,2523144.0,True,27.3,31.5,23.4
2017-08-23,2623546.0,True,27.2,30.2,24.6
2017-08-24,2646680.0,True,26.5,28.1,23.9
2017-08-25,2497550.0,True,25.3,30.6,22.2
2017-08-26,2168428.0,True,24.2,29.2,19.0
2017-08-27,2035481.0,True,22.7,26.7,19.0
2017-08-28,2510234.0,True,21.5,26.5,18.3
2017-08-29,2486863.0,True,19.5,24.0,17.0
2017-08-30,2474548.0,True,19.8,23.9,16.1
2017-08-31,2553660.0,True,22.2,27.6,16.6
2017-09-01,2552277.0,True,23.3,29.7,17.1
2017-09-02,2286441.0,True,23.8,29.6,18.6
2017-09-03,2141960.0,True,23.7,29.2,19.0
2017-09-04,2515096.0,True,24.6,30.1,19.7
2017-09-05,2504031.0,True,21.9,23.7,20.4
2017-09-06,2636103.0,True,20.6,24.0,18.5
2017-09-07,2661304.0,True,22.4,27.5,17.8
2017-09-08,2572014.0,True,24.3,29.9,20.4
2017-09-09,2301377.0,True,23.8,28.2,19.2
2017-09-10,2128815.0,True,23.0,26.1,19.9
2017-09-11,2477890.0,True,21.2,24.6,18.6
2017-09-12,2579962.0,True,22.1,27.9,17.7
2017-09-13,2731048.0,True,21.4,27.5,15.9
2017-09-14,2560158.0,True,22.4,29.5,14.8
2017-09-15,2540227.0,True,22.6,27.9,17.8
2017-09-16,2305411.0,True,22.0,27.6,16.7
2017-09-17,2160779.0,True,23.1,29.2,19.0
2017-09-18,2519162.0,True,21.9,27.6,16.4
2017-09-19,2555055.0,True,22.6,25.8,20.1
2017-09-20,2524214.0,True,19.5,24.9,14.1
2017-09-21,2552143.0,True,20.3,27.0,14.2
2017-09-22,2556285.0,True,20.6,26.8,15.4
2017-09-23,2330314.0,True,21.8,27.3,17.6
2017-09-24,2217257.0,True,22.4,27.9,18.8
2017-09-25,2511294.0,True,23.4,30.1,17.4
2017-09-26,2572954.0,True,25.1,31.4,19.4
2017-09-27,2806058.0,True,22.7,27.3,19.9
2017-09-28,2565230.0,True,19.2,25.3,14.2
2017-09-29,2605586.0,True,17.4,23.5,11.2
2017-09-30,2384874.0,True,20.0,25.9,14.7
2017-10-01,2335313.0,True,18.2,21.2,15.5
2017-10-02,2282660.0,True,22.0,29.4,15.6
2017-10-03,2316962.0,True,17.6,23.6,13.4
2017-10-04,2202561.0,True,16.7,24.3,10.7
2017-10-05,2159338.0,True,18.7,23.4,13.9
2017-10-06,2301440.0,True,18.9,23.3,16.2
2017-10-07,2315321.0,True,21.9,28.8,16.9
2017-10-08,2218133.0,True,23.0,28.7,19.3
2017-10-09,2345055.0,True,22.5,27.6,19.8
2017-10-10,2585241.0,True,21.4,24.8,18.6
2017-10-11,2899562.0,True,15.5,21.7,12.2
2017-10-12,3428281.0,True,11.4,,8.8
2017-10-13,3648667.0,True,12.8,18.9,6.1
2017-10-14,3499808.0,True,14.4,20.5,9.0
2017-10-15,3620203.0,True,15.8,23.0,9.0
2017-10-16,3393665.0,True,16.6,22.0,13.6
2017-10-17,3441499.0,True,16.2,23.9,9.2
2017-10-18,3477551.0,True,16.5,19.1,14.2
2017-10-19,3370711.0,True,17.0,23.2,11.9
2017-10-20,3334499.0,True,17.0,24.2,11.1
2017-10-21,3102427.0,True,17.6,25.2,11.0
2017-10-22,3151289.0,True,16.3,23.5,11.0
2017-10-23,3653803.0,True,13.7,20.6,8.6
2017-10-24,3674605.0,True,14.4,20.9,9.9
2017-10-25,3681185.0,True,14.4,20.6,9.5
2017-10-26,3759193.0,True,14.5,18.1,10.7
2017-10-27,3557392.0,True,16.9,24.2,11.9
2017-10-28,3415164.0,True,17.2,24.8,10.6
2017-10-29,4011662.0,True,11.5,17.2,6.3
2017-10-30,5218692.0,True,7.7,13.2,2.5
2017-10-31,5087349.0,True,10.4,16.0,3.6
2017-11-01,4496203.0,True,14.4,18.1,11.5
2017-11-02,4212572.0,True,15.5,18.0,14.0
2017-11-03,4596852.0,True,12.3,16.6,6.1
2017-11-04,5223441.0,True,7.8,13.7,4.5
2017-11-05,5331545.0,True,8.4,15.4,2.6
2017-11-06,5071007.0,True,11.4,16.5,8.0
2017-11-07,4745489.0,True,14.4,18.4,9.2
2017-11-08,4709960.0,True,13.1,17.2,6.9
2017-11-09,5292073.0,True,9.4,16.8,3.7
2017-11-10,5526598.0,True,9.8,15.9,5.3
2017-11-11,6096451.0,True,5.9,10.7,2.7
2017-11-12,6300868.0,True,5.3,11.4,0.3
2017-11-13,6658086.0,True,8.4,11.8,3.1
2017-11-14,6585456.0,True,7.5,11.4,2.9
2017-11-15,7905951.0,True,3.2,6.5,-1.1
2017-11-16,8654222.0,True,1.0,6.4,-3.4
2017-11-17,8994771.0,True,3.0,5.8,-1.6
2017-11-18,10156585.0,True,-2.1,2.6,-4.8
2017-11-19,10370079.0,True,-1.6,3.5,-6.6
2017-11-20,10582145.0,True,-0.4,4.2,-3.9
2017-11-21,10075509.0,True,1.3,8.1,-4.2
2017-11-22,9139989.0,True,4.3,10.8,0.6
2017-11-23,9697114.0,True,0.9,4.7,-2.5
2017-11-24,10023116.0,True,-0.4,2.9,-2.5
2017-11-25,9526930.0,True,3.0,7.3,-3.3
2017-11-26,8743164.0,True,3.3,7.6,-0.3
2017-11-27,9519382.0,True,2.5,9.5,-2.9
2017-11-28,8865408.0,True,6.4,11.2,1.3
2017-11-29,8985817.0,True,3.2,8.1,-1.8
2017-11-30,10616757.0,True,-2.4,2.7,-5.2
2017-12-01,11282595.0,True,-2.2,3.1,-7.6
2017-12-02,9925162.0,True,1.9,8.1,-4.6
2017-12-03,8694594.0,True,4.9,8.1,3.1
2017-12-04,10466428.0,True,-1.2,4.5,-6.1
2017-12-05,11761559.0,True,-4.2,-0.4,-8.2
2017-12-06,10758400.0,True,0.2,6.0,-4.5
2017-12-07,10379567.0,True,0.7,4.6,-3.5
2017-12-08,11413959.0,True,-3.8,-0.5,-7.1
2017-12-09,10496920.0,True,-0.5,5.4,-5.6
2017-12-10,10251440.0,True,1.1,6.7,-2.5
2017-12-11,12764788.0,True,-7.0,-2.5,-11.0
2017-12-12,14529325.0,True,-9.4,-5.2,-12.3
2017-12-13,14372694.0,True,-8.7,-4.4,-12.0
2017-12-14,14324512.0,True,-6.6,-1.9,-11.2
2017-12-15,13482799.0,True,-3.0,0.9,-7.5
2017-12-16,13093809.0,True,-5.7,-2.6,-8.1
2017-12-17,13390887.0,True,-6.7,-2.3,-10.8
2017-12-18,12879310.0,True,-1.6,3.3,-5.9
2017-12-19,13104512.0,True,-3.9,-1.0,-6.5
2017-12-20,13273331.0,True,-3.9,-0.1,-8.5
2017-12-21,12011888.0,True,-0.9,4.6,-5.6
2017-12-22,11012329.0,True,3.4,6.6,-1.9
2017-12-23,9263451.0,True,6.1,8.7,5.0
2017-12-24,9096300.0,True,2.9,5.7,-0.6
2017-12-25,10623781.0,True,-2.1,0.6,-4.9
2017-12-26,12190779.0,True,-3.8,-1.1,-7.9
2017-12-27,13219333.0,True,-6.9,-2.6,-10.3
2017-12-28,12335467.0,True,-2.1,0.8,-6.8
2017-12-29,10714792.0,True,2.1,6.0,-0.4
2017-12-30,10059411.0,True,1.4,4.5,-1.2
2017-12-31,9889392.0,True,-0.3,3.3,-3.2
2018-01-01,10483581.0,True,-1.3,3.8,-5.1
2018-01-02,11540988.0,True,-1.8,1.8,-4.3
2018-01-03,12328508.0,True,-4.7,-0.4,-7.1
2018-01-04,12650851.0,True,-4.7,-0.7,-8.7
2018-01-05,12008778.0,True,-3.0,1.6,-5.6
2018-01-06,11523344.0,True,-2.8,2.9,-6.8
2018-01-07,11185494.0,True,-0.8,2.8,-5.7
2018-01-08,11225955.0,True,1.3,4.0,-1.2
2018-01-09,12129228.0,True,-4.2,-1.2,-6.1
2018-01-10,13717772.0,True,-7.5,-4.8,-10.3
2018-01-11,15389485.0,True,-11.1,-7.4,-13.6
2018-01-12,15662293.0,True,-10.2,-5.4,-15.3
2018-01-13,13482957.0,True,-4.4,-1.2,-6.6
2018-01-14,11989289.0,True,0.6,5.4,-4.4
2018-01-15,10557994.0,True,4.7,7.7,1.8
2018-01-16,10192852.0,True,3.5,6.8,0.1
2018-01-17,9557914.0,True,4.5,8.7,2.4
2018-01-18,9864221.0,True,2.1,4.5,0.3
2018-01-19,10042280.0,True,1.0,5.5,-2.5
2018-01-20,9588064.0,True,2.2,6.9,-1.0
2018-01-21,9741930.0,True,0.4,5.5,-3.7
2018-01-22,10811115.0,True,0.2,4.0,-5.3
2018-01-23,14600275.0,True,-11.7,-5.3,-14.6
2018-01-24,16646949.0,True,-14.2,-10.7,-16.3
2018-01-25,17427636.0,True,-14.0,-9.5,-16.4
2018-01-26,18173417.0,True,-14.8,-10.7,-17.8
2018-01-27,16714795.0,True,-9.9,-3.5,-15.9
2018-01-28,14754020.0,True,-6.3,-1.2,-9.3
2018-01-29,15557820.0,True,-8.5,-4.7,-11.6
2018-01-30,14877482.0,True,-5.3,-0.8,-11.4
2018-01-31,13876899.0,True,-2.6,0.0,-5.2
2018-02-01,13465178.0,True,-4.0,1.2,-8.8
2018-02-02,12980220.0,True,-2.4,3.8,-7.6
2018-02-03,13600733.0,True,-7.3,-2.1,-10.4
2018-02-04,14369735.0,True,-9.5,-5.2,-12.8
2018-02-05,15214599.0,True,-9.4,-5.1,-11.8
2018-02-06,15739328.0,True,-10.1,-5.8,-12.8
2018-02-07,15242806.0,True,-8.0,-1.6,-13.4
2018-02-08,13928706.0,True,-4.4,2.0,-9.7
2018-02-09,12600511.0,True,0.4,6.1,-5.3
2018-02-10,11756150.0,True,-0.5,3.2,-6.9
2018-02-11,12910593.0,True,-6.1,-2.2,-9.5
2018-02-12,13680961.0,True,-5.8,-1.8,-9.6
2018-02-13,12456846.0,True,-0.8,4.3,-7.4
2018-02-14,10926450.0,True,3.5,8.7,-0.7
2018-02-15,10206466.0,True,-0.7,4.0,-3.7
2018-02-16,9723313.0,True,-1.1,4.9,-5.5
2018-02-17,10760958.0,True,-3.0,1.4,-7.1
2018-02-18,11054446.0,True,-0.4,5.2,-4.9
2018-02-19,10874839.0,True,1.8,6.8,-1.9
2018-02-20,10594246.0,True,0.9,5.5,-2.4
2018-02-21,11024076.0,True,-0.9,4.4,-4.5
2018-02-22,10623693.0,True,1.3,5.4,-3.9
2018-02-23,9857865.0,True,4.2,8.6,-0.3
2018-02-24,9239389.0,True,2.4,7.2,-1.1
2018-02-25,9108500.0,True,1.9,7.9,-1.6
2018-02-26,9454005.0,True,3.1,10.4,-3.2
2018-02-27,9195844.0,True,4.2,6.9,0.6
2018-02-28,9234800.0,True,4.6,7.8,1.8
2018-03-01,9649853.0,True,-0.2,3.0,-4.3
2018-03-02,10391664.0,True,-0.7,5.4,-6.7
2018-03-03,8324934.0,True,7.9,16.2,-0.1
2018-03-04,7421771.0,True,9.8,11.9,7.6
2018-03-05,8101221.0,True,5.5,11.4,1.3
2018-03-06,8200210.0,True,4.5,10.9,-1.1
2018-03-07,8164899.0,True,6.4,10.7,2.2
2018-03-08,8290439.0,True,4.6,9.7,2.7
2018-03-09,8149429.0,True,4.5,9.6,1.4
2018-03-10,7875064.0,True,4.6,9.7,0.7
2018-03-11,7243035.0,True,6.4,12.2,2.7
2018-03-12,7264174.0,True,8.0,15.5,2.2
2018-03-13,6422302.0,True,12.4,18.8,5.2
2018-03-14,5294678.0,True,17.0,22.1,13.6
2018-03-15,5487364.0,True,12.4,16.6,8.4
2018-03-16,6098312.0,True,7.1,12.2,3.6
2018-03-17,6218503.0,True,6.6,14.0,0.5
2018-03-18,6277476.0,True,8.2,12.5,5.4
2018-03-19,7046845.0,True,8.0,10.4,6.2
2018-03-20,7701221.0,True,4.7,9.1,1.6
2018-03-21,8756643.0,True,2.1,5.3,1.1
2018-03-22,7943830.0,True,4.9,11.6,0.6
2018-03-23,7350277.0,True,6.1,12.5,1.8
2018-03-24,6731002.0,True,7.6,13.1,4.0
2018-03-25,6175310.0,True,9.6,16.9,4.6
2018-03-26,6074725.0,True,11.0,18.1,5.3
2018-03-27,5502935.0,True,13.3,20.0,7.7
2018-03-28,5074806.0,True,14.0,19.0,9.4
2018-03-29,4678947.0,True,15.4,21.1,11.8
2018-03-30,4511250.0,True,14.8,21.9,9.8
2018-03-31,4377577.0,True,14.0,20.1,9.3
2018-04-01,4175311.0,True,15.6,18.5,11.7
2018-04-02,3965521.0,True,18.4,23.7,14.9
2018-04-03,3830968.0,True,17.8,21.2,14.9
2018-04-04,4214889.0,True,13.4,18.2,9.5
2018-04-05,5395735.0,True,7.6,9.5,6.7
2018-04-06,6179550.0,True,5.8,8.6,3.0
2018-04-07,6838056.0,True,4.2,8.6,1.4
2018-04-08,7190155.0,True,3.9,7.9,0.6
2018-04-09,6510272.0,True,7.9,15.4,0.1
2018-04-10,5399531.0,True,15.1,21.9,6.9
2018-04-11,4885289.0,True,12.6,17.3,8.7
2018-04-12,4702169.0,True,13.3,19.6,6.8
2018-04-13,4556566.0,True,14.6,19.3,8.3
2018-04-14,5181179.0,True,9.0,14.8,7.5
2018-04-15,5035661.0,True,9.5,14.2,5.6
2018-04-16,4914887.0,True,11.6,18.8,4.9
2018-04-17,4684322.0,True,12.9,20.1,6.8
2018-04-18,4566927.0,True,12.4,19.3,6.2
2018-04-19,4351164.0,True,14.0,20.5,7.4
2018-04-20,3874758.0,True,18.4,26.3,11.0
2018-04-21,3423490.0,True,18.7,25.6,12.3
2018-04-22,3581494.0,True,15.5,21.0,10.7
2018-04-23,4844294.0,True,9.3,10.7,8.4
2018-04-24,4618366.0,True,12.1,16.1,8.9
2018-04-25,4274715.0,True,14.6,23.3,5.7
2018-04-26,3966693.0,True,14.9,22.1,10.0
2018-04-27,3692113.0,True,15.7,23.3,9.7
2018-04-28,3463329.0,True,15.4,21.7,10.5
2018-04-29,3316481.0,True,16.2,22.9,9.4
2018-04-30,3234796.0,True,19.2,25.0,14.1
2018-05-01,3014084.0,True,20.4,23.3,17.8
2018-05-02,3467540.0,True,15.1,19.7,8.7
2018-05-03,3954706.0,True,11.2,14.7,6.9
2018-05-04,3852049.0,True,14.1,20.0,8.8
2018-05-05,3292452.0,True,18.3,24.6,11.6
2018-05-06,3164298.0,True,16.6,20.7,15.0
2018-05-07,3068093.0,True,19.2,25.5,14.0
2018-05-08,3270409.0,True,17.5,22.9,11.6
2018-05-09,3392234.0,True,15.7,21.8,9.2
2018-05-10,3381543.0,True,15.4,21.4,11.3
2018-05-11,3327019.0,True,16.1,21.3,11.9
2018-05-12,3553133.0,True,14.2,16.1,11.8
2018-05-13,3219382.0,True,15.8,20.0,12.7
2018-05-14,3246450.0,True,18.2,24.5,11.9
2018-05-15,3096851.0,True,23.2,29.3,15.4
2018-05-16,3223678.0,True,22.3,24.4,21.8
2018-05-17,3251132.0,True,20.9,23.5,18.8
2018-05-18,3179414.0,True,16.3,19.3,12.2
2018-05-19,2970363.0,True,17.6,24.7,10.3
2018-05-20,2893336.0,True,17.0,22.6,11.5
2018-05-21,3082404.0,True,17.8,23.7,11.3
2018-05-22,3022302.0,True,18.1,23.2,15.4
2018-05-23,3167418.0,True,17.3,23.3,13.6
2018-05-24,3147998.0,True,18.3,23.7,11.2
2018-05-25,3050420.0,True,19.7,26.2,13.8
2018-05-26,2772535.0,True,21.8,29.6,14.0
2018-05-27,2591604.0,True,20.3,24.7,17.3
2018-05-28,2885784.0,True,22.3,29.1,16.2
2018-05-29,2894099.0,True,21.4,25.9,19.1
2018-05-30,2862510.0,True,20.2,24.7,15.8
2018-05-31,2864130.0,True,20.9,27.6,14.2
2018-06-01,2828183.0,True,23.8,30.2,17.5
2018-06-02,2561992.0,True,23.4,30.1,17.6
2018-06-03,2407784.0,True,24.0,30.8,16.9
2018-06-04,3073235.0,True,22.6,27.5,18.9
2018-06-05,3231327.0,True,23.7,29.2,17.7
2018-06-06,2904547.0,True,23.0,27.9,18.4
2018-06-07,3193944.0,True,22.2,29.4,17.8
2018-06-08,3212803.0,True,21.9,27.0,18.5
2018-06-09,2915235.0,True,23.7,30.1,18.9
2018-06-10,2756926.0,True,21.3,24.9,18.3
2018-06-11,3072797.0,True,20.2,23.9,18.0
2018-06-12,3107512.0,True,21.3,27.1,16.6
2018-06-13,2825586.0,True,22.0,27.0,18.3
2018-06-14,3026632.0,True,21.6,25.1,18.8
2018-06-15,3086026.0,True,21.7,27.0,17.2
2018-06-16,2532452.0,True,22.5,28.7,16.3
2018-06-17,2329144.0,True,22.8,27.5,18.9
2018-06-18,2744768.0,True,24.8,30.8,19.9
2018-06-19,2754580.0,True,22.4,27.2,19.1
2018-06-20,2755756.0,True,22.7,28.4,19.1
2018-06-21,2758562.0,True,23.7,28.7,19.4
2018-06-22,2721804.0,True,25.0,32.0,18.2
2018-06-23,2457054.0,True,24.5,28.9,20.9
2018-06-24,2345918.0,True,25.2,32.1,20.1
2018-06-25,2737590.0,True,27.1,32.9,21.3
2018-06-26,2820820.0,True,22.3,26.9,20.2
2018-06-27,2767151.0,True,22.3,25.5,19.1
2018-06-28,2796037.0,True,23.3,27.3,20.6
2018-06-29,2791253.0,True,24.7,29.1,21.9
2018-06-30,2458342.0,True,24.4,27.9,21.6
2018-07-01,2370248.0,True,21.9,22.8,21.0
2018-07-02,2823858.0,True,22.6,25.3,20.6
2018-07-03,2878729.0,True,27.4,32.6,22.5
2018-07-04,2874609.0,True,27.3,31.8,24.0
2018-07-05,2811589.0,True,25.3,29.0,23.4
2018-07-06,2728617.0,True,23.9,27.1,21.5
2018-07-07,2428227.0,True,23.7,29.2,19.5
2018-07-08,2273496.0,True,23.3,28.1,17.7
2018-07-09,2738655.0,True,20.8,24.2,20.1
2018-07-10,2833980.0,True,23.7,26.5,20.4
2018-07-11,2938049.0,True,26.8,29.5,24.4
2018-07-12,2927960.0,True,26.6,28.2,25.1
2018-07-13,2868497.0,True,27.3,30.9,24.7
2018-07-14,2475159.0,True,27.9,31.9,24.6
2018-07-15,2327791.0,True,28.3,33.2,24.5
2018-07-16,2821484.0,True,28.7,34.0,24.0
2018-07-17,2839495.0,True,28.1,32.1,23.9
2018-07-18,2744514.0,True,28.2,33.2,23.7
2018-07-19,2774487.0,True,28.7,34.1,23.2
2018-07-20,2760947.0,True,29.5,34.7,24.6
2018-07-21,2358316.0,True,30.6,36.9,24.9
2018-07-22,2165327.0,True,31.8,38.0,25.3
2018-07-23,2674220.0,True,31.7,35.7,29.2
2018-07-24,2703050.0,True,31.4,36.8,27.2
2018-07-25,2674319.0,True,30.1,34.1,27.7
2018-07-26,2638199.0,True,30.1,33.7,27.3
2018-07-27,2670957.0,True,30.9,35.4,27.2
2018-07-28,2233291.0,True,29.5,35.2,28.0
2018-07-29,2017789.0,True,31.3,36.7,26.4
2018-07-30,2490619.0,True,31.7,36.9,26.2
2018-07-31,2534992.0,True,32.6,38.3,27.8
2018-08-01,2524053.0,True,33.6,39.6,27.8
2018-08-02,2515967.0,True,33.7,37.9,30.3
2018-08-03,2494233.0,True,33.1,37.9,30.0
2018-08-04,2072437.0,True,31.1,34.9,28.0
2018-08-05,1981037.0,True,30.0,33.9,27.2
2018-08-06,2485904.0,True,30.5,35.3,28.3
2018-08-07,2484974.0,True,30.5,35.9,26.8
2018-08-08,2506339.0,True,31.0,35.3,27.6
2018-08-09,2517004.0,True,28.8,32.5,27.1
2018-08-10,2504976.0,True,30.7,36.8,25.7
2018-08-11,2096916.0,True,31.0,36.0,26.4
2018-08-12,1899051.0,True,30.6,35.3,27.2
2018-08-13,2462324.0,True,30.5,34.4,26.7
2018-08-14,2536119.0,True,31.7,37.2,27.7
2018-08-15,2126816.0,True,31.7,38.0,28.3
2018-08-16,2562520.0,True,29.9,35.6,24.1
2018-08-17,2425940.0,True,27.2,33.8,21.7
2018-08-18,2076494.0,True,26.7,32.1,21.5
2018-08-19,1961989.0,True,28.2,34.4,23.0
2018-08-20,2471432.0,True,29.1,33.3,25.1
2018-08-21,2548331.0,True,26.6,31.0,23.4
2018-08-22,2539434.0,True,30.7,37.6,23.4
2018-08-23,2531196.0,True,29.4,32.2,25.7
2018-08-24,2441374.0,True,24.4,26.3,23.2
2018-08-25,2103782.0,True,25.2,29.3,22.7
2018-08-26,1956978.0,True,23.2,29.0,20.3
2018-08-27,2410161.0,True,22.7,24.9,20.2
2018-08-28,2524589.0,True,23.7,26.1,22.5
2018-08-29,2692565.0,True,25.2,27.4,22.7
2018-08-30,2712159.0,True,25.3,28.2,23.9
2018-08-31,2631968.0,True,25.6,30.3,22.8
2018-09-01,2275363.0,True,25.5,30.9,20.8
2018-09-02,2108975.0,True,25.1,29.6,20.1
2018-09-03,2608919.0,True,23.3,25.8,21.4
2018-09-04,2633135.0,True,23.2,27.8,20.0
2018-09-05,2662532.0,True,24.0,28.5,19.6
2018-09-06,2690685.0,True,24.1,28.2,20.9
2018-09-07,2616746.0,True,22.0,25.5,19.1
2018-09-08,2331279.0,True,21.7,27.7,15.9
2018-09-09,2203440.0,True,22.2,28.9,15.6
2018-09-10,2588492.0,True,22.9,28.4,18.6
2018-09-11,2636605.0,True,21.6,26.1,16.8
2018-09-12,2612151.0,True,22.8,28.2,16.8
2018-09-13,2579740.0,True,23.5,28.3,20.3
2018-09-14,2596730.0,True,23.5,26.8,20.3
2018-09-15,2318145.0,True,23.3,26.0,21.0
2018-09-16,2179499.0,True,22.2,23.9,21.0
2018-09-17,2537266.0,True,22.3,27.7,18.5
2018-09-18,2662980.0,True,22.0,26.5,17.7
2018-09-19,2560792.0,True,22.1,26.6,18.9
2018-09-20,2612963.0,True,19.0,20.1,17.8
2018-09-21,2596323.0,True,19.4,21.9,17.6
2018-09-22,2318432.0,True,20.8,25.5,17.2
2018-09-23,2160718.0,True,19.4,25.3,15.6
2018-09-24,1979539.0,True,17.6,22.1,14.2
2018-09-25,2126203.0,True,17.8,24.3,10.8
2018-09-26,2346958.0,True,19.4,24.8,16.2
2018-09-27,2677835.0,True,18.9,25.0,13.2
2018-09-28,2796382.0,True,17.5,22.2,14.3
2018-09-29,2593842.0,True,20.2,27.0,14.6
2018-09-30,2587219.0,True,17.6,21.6,14.0
2018-10-01,3018502.0,True,15.4,19.7,13.0
2018-10-02,3010871.0,True,15.9,22.0,10.3
2018-10-03,2823564.0,True,17.3,24.2,11.2
2018-10-04,2875754.0,True,19.3,25.6,13.0
2018-10-05,3059054.0,True,16.9,19.0,15.7
2018-10-06,2914032.0,True,18.0,21.7,16.3
2018-10-07,2793324.0,True,16.4,21.1,12.3
2018-10-08,3149386.0,True,14.8,20.9,9.2
2018-10-09,3209828.0,True,15.3,19.8,10.7
2018-10-10,3823768.0,True,12.0,16.7,7.9
2018-10-11,4376406.0,True,9.7,13.9,6.1
2018-10-12,4355167.0,True,10.9,17.4,5.2
2018-10-13,4099470.0,True,12.5,19.8,6.1
2018-10-14,4091532.0,True,13.2,20.3,6.8
2018-10-15,3858510.0,True,15.2,21.0,10.9
2018-10-16,3810317.0,True,14.5,20.3,9.9
2018-10-17,4040576.0,True,12.4,18.6,8.4
2018-10-18,4253562.0,True,12.7,19.0,7.5
2018-10-19,4159301.0,True,13.1,20.4,7.2
2018-10-20,4004487.0,True,13.4,21.4,6.9
2018-10-21,3895248.0,True,13.4,21.1,7.2
2018-10-22,4013200.0,True,14.0,20.6,8.8
2018-10-23,4205921.0,True,12.2,16.9,9.8
2018-10-24,4203228.0,True,12.5,18.7,7.6
2018-10-25,4124987.0,True,13.8,21.2,7.0
2018-10-26,4408176.0,True,12.2,14.7,9.9
2018-10-27,4943921.0,True,8.7,11.6,6.2
2018-10-28,5234303.0,True,8.3,13.5,5.2
2018-10-29,5905935.0,True,7.2,11.7,3.4
2018-10-30,6221930.0,True,6.1,11.6,0.7
2018-10-31,6144461.0,True,7.4,12.6,3.0
2018-11-01,5955279.0,True,8.4,15.2,2.5
2018-11-02,5557443.0,True,10.6,19.0,4.0
2018-11-03,5072233.0,True,11.2,19.1,5.0
2018-11-04,4876952.0,True,11.6,19.4,5.3
2018-11-05,4996398.0,True,11.9,18.3,6.6
2018-11-06,5120466.0,True,12.2,17.5,8.0
2018-11-07,4998143.0,True,12.8,15.7,10.3
2018-11-08,5254707.0,True,11.8,14.7,10.5
2018-11-09,5093686.0,True,12.1,15.4,9.5
2018-11-10,4683027.0,True,11.9,17.1,8.8
2018-11-11,5320772.0,True,8.1,10.9,5.4
2018-11-12,5832971.0,True,8.1,15.1,3.1
2018-11-13,5831799.0,True,8.8,15.4,4.1
2018-11-14,5809884.0,True,9.8,16.6,4.8
2018-11-15,5697223.0,True,9.7,16.2,4.7
2018-11-16,5860780.0,True,8.8,14.5,4.2
2018-11-17,6609599.0,True,4.9,11.4,0.6
2018-11-18,6647050.0,True,6.1,10.7,1.9
2018-11-19,6811709.0,True,6.5,11.3,3.3
2018-11-20,7192603.0,True,6.5,12.7,0.0
2018-11-21,7627221.0,True,5.8,8.2,3.1
2018-11-22,8636154.0,True,2.3,7.1,-1.3
2018-11-23,9376197.0,True,1.9,7.6,-3.1
2018-11-24,9305889.0,True,2.6,3.8,0.3
2018-11-25,8166163.0,True,4.8,9.8,1.3
2018-11-26,7847206.0,True,6.3,13.6,1.6
2018-11-27,7437471.0,True,7.1,12.5,3.1
2018-11-28,7806976.0,True,5.0,11.1,2.1
2018-11-29,8411707.0,True,3.5,6.7,0.6
2018-11-30,8694639.0,True,2.7,8.0,-1.5
2018-12-01,8032205.0,True,5.5,12.4,0.8
2018-12-02,7476357.0,True,8.2,11.8,2.8
2018-12-03,6948636.0,True,11.5,13.5,9.3
2018-12-04,7473336.0,True,6.7,11.8,-0.3
2018-12-05,10039839.0,True,0.0,3.4,-4.3
2018-12-06,9645073.0,True,2.4,6.8,-1.0
2018-12-07,12716593.0,True,-7.3,-1.1,-9.6
2018-12-08,13474025.0,True,-8.3,-4.4,-11.4
2018-12-09,13464696.0,True,-7.2,-2.1,-11.8
2018-12-10,12883114.0,True,-2.5,4.6,-8.1
2018-12-11,11927021.0,True,0.2,2.9,-2.4
2018-12-12,12026695.0,True,-1.9,2.4,-5.0
2018-12-13,12351203.0,True,-2.2,2.1,-5.9
2018-12-14,12844104.0,True,-4.4,0.6,-7.8
2018-12-15,12050172.0,True,-2.4,3.2,-7.8
2018-12-16,11154926.0,True,0.0,2.1,-2.6
2018-12-17,10716003.0,True,1.6,5.9,-1.5
2018-12-18,10486543.0,True,2.6,7.4,-2.8
2018-12-19,9513858.0,True,4.0,9.5,1.3
2018-12-20,9376285.0,True,3.4,10.4,-1.1
2018-12-21,9021314.0,True,5.6,9.8,0.4
2018-12-22,8124714.0,True,6.9,12.4,2.9
2018-12-23,8711504.0,True,2.4,7.5,-3.4
2018-12-24,10443006.0,True,-2.3,3.1,-5.9
2018-12-25,9898812.0,True,0.6,5.2,-4.0
2018-12-26,11166610.0,True,-1.5,3.0,-7.1
2018-12-27,14517320.0,True,-10.1,-6.5,-12.5
2018-12-28,15361865.0,True,-10.5,-6.6,-14.4
2018-12-29,14351932.0,True,-7.6,-3.0,-10.5
2018-12-30,13820272.0,True,-6.8,-0.9,-11.3
2018-12-31,14105039.0,True,-5.4,-0.5,-10.5
2019-01-01,13608922.0,True,-5.0,-0.6,-8.2
2019-01-02,13964503.0,True,-4.9,0.2,-8.8
2019-01-03,13503896.0,True,-3.5,3.2,-8.4
2019-01-04,12663689.0,True,-1.1,4.1,-6.2
2019-01-05,11998479.0,True,-2.8,1.1,-5.5
2019-01-06,11966874.0,True,-2.8,2.7,-6.3
2019-01-07,12384237.0,True,-1.9,3.1,-6.2
2019-01-08,12880429.0,True,-3.5,0.5,-7.2
2019-01-09,13456167.0,True,-4.7,1.3,-9.4
2019-01-10,12420518.0,True,-0.6,3.0,-4.5
2019-01-11,11086367.0,True,2.4,7.2,-0.4
2019-01-12,10092664.0,True,2.8,8.0,-0.6
2019-01-13,10026271.0,True,1.2,7.6,-3.0
2019-01-14,10617386.0,True,1.4,5.3,-2.4
2019-01-15,11414459.0,True,-1.7,2.6,-7.2
2019-01-16,13037999.0,True,-5.2,-1.1,-10.1
2019-01-17,11530372.0,True,-0.3,4.0,-3.2
2019-01-18,11132096.0,True,0.6,6.7,-4.6
2019-01-19,9929535.0,True,3.6,8.5,0.0
2019-01-20,10403785.0,True,-1.4,4.0,-5.5
2019-01-21,11774820.0,True,-1.2,4.2,-6.7
2019-01-22,10766900.0,True,1.7,7.1,-3.3
2019-01-23,10381756.0,True,2.0,7.0,-0.8
2019-01-24,10799022.0,True,0.1,6.5,-4.6
2019-01-25,11193927.0,True,-1.2,2.6,-3.8
2019-01-26,11335195.0,True,-2.5,2.4,-6.5
2019-01-27,10932670.0,True,-0.1,5.1,-6.6
2019-01-28,10874260.0,True,1.2,4.5,-2.4
2019-01-29,11117146.0,True,-0.2,7.0,-5.6
2019-01-30,10467857.0,True,1.8,6.6,-2.8
2019-01-31,11521842.0,True,-2.0,2.3,-6.2
2019-02-01,11864691.0,True,-2.1,2.8,-7.4
2019-02-02,10394222.0,True,1.4,6.1,-3.2
2019-02-03,9451497.0,True,3.3,4.9,2.0
2019-02-04,10118846.0,True,-0.6,3.0,-3.3
2019-02-05,9648475.0,True,2.8,10.1,-3.6
2019-02-06,9819710.0,True,5.1,9.3,0.1
2019-02-07,11366109.0,True,-2.1,6.3,-8.2
2019-02-08,13119162.0,True,-6.1,-1.3,-10.2
2019-02-09,12610050.0,True,-5.4,-1.9,-8.6
2019-02-10,12853334.0,True,-5.0,-1.9,-9.1
2019-02-11,12764271.0,True,-3.0,2.0,-7.5
2019-02-12,11977320.0,True,-0.6,3.7,-4.1
2019-02-13,12030872.0,True,-2.1,2.5,-5.7
2019-02-14,11669014.0,True,-0.5,6.3,-5.9
2019-02-15,11786080.0,True,-0.8,0.9,-2.9
2019-02-16,11484028.0,True,-2.7,1.5,-5.1
2019-02-17,11162617.0,True,-1.8,4.6,-6.8
2019-02-18,11234116.0,True,0.9,5.9,-4.7
2019-02-19,10945500.0,True,1.4,3.0,0.2
2019-02-20,10547008.0,True,1.7,4.5,-0.1
2019-02-21,10068631.0,True,2.4,9.0,-2.6
2019-02-22,9371373.0,True,4.0,10.8,-1.6
2019-02-23,8209493.0,True,6.8,14.5,0.5
2019-02-24,7546913.0,True,6.3,13.7,1.2
2019-02-25,8018785.0,True,4.7,10.2,1.3
2019-02-26,8244687.0,True,5.2,12.0,-1.5
2019-02-27,7540025.0,True,7.8,14.0,4.7
2019-02-28,7384825.0,True,6.6,12.8,2.0
2019-03-01,6897809.0,True,6.6,13.0,1.2
2019-03-02,6667783.0,True,7.8,14.7,1.3
2019-03-03,6392135.0,True,9.4,16.1,2.5
2019-03-04,6336927.0,True,9.9,16.3,5.0
2019-03-05,6509397.0,True,8.4,12.9,5.6
2019-03-06,6581400.0,True,8.4,12.4,5.7
2019-03-07,6734061.0,True,7.0,12.7,3.1
2019-03-08,6998646.0,True,6.1,13.4,0.6
2019-03-09,6693904.0,True,7.2,14.9,-0.4
2019-03-10,6244916.0,True,10.1,15.3,6.7
2019-03-11,6828136.0,True,6.6,10.0,3.5
2019-03-12,7780068.0,True,3.9,7.9,-0.3
2019-03-13,8642283.0,True,3.5,8.5,-0.4
2019-03-14,8171549.0,True,5.0,10.0,-1.7
2019-03-15,7718144.0,True,5.5,11.3,1.6
2019-03-16,7592233.0,True,4.3,9.2,0.2
2019-03-17,7066418.0,True,6.3,12.4,2.6
2019-03-18,7211260.0,True,7.1,14.4,1.4
2019-03-19,6547664.0,True,10.0,16.7,3.4
2019-03-20,6513438.0,True,10.3,14.6,7.1
2019-03-21,6837252.0,True,7.1,11.1,1.9
2019-03-22,7816706.0,True,3.3,8.3,-0.7
2019-03-23,7739434.0,True,3.3,8.2,-0.4
2019-03-24,7426818.0,True,4.3,9.7,-0.8
2019-03-25,7315169.0,True,7.3,11.5,2.9
2019-03-26,6216570.0,True,11.4,17.6,7.4
2019-03-27,5976530.0,True,11.6,16.2,8.9
2019-03-28,5924555.0,True,9.4,14.6,5.6
2019-03-29,5948841.0,True,9.2,15.1,5.5
2019-03-30,6807941.0,True,5.2,8.4,3.5
2019-03-31,7364773.0,True,4.4,8.4,2.6
2019-04-01,7420085.0,True,5.5,11.3,0.3
2019-04-02,7033519.0,True,6.7,13.0,1.3
2019-04-03,6699202.0,True,7.6,13.6,1.9
2019-04-04,6386455.0,True,9.2,15.7,3.0
2019-04-05,5803606.0,True,11.4,17.2,7.0
2019-04-06,5844081.0,True,9.3,12.2,5.9
2019-04-07,5217224.0,True,12.6,20.3,5.6
2019-04-08,5296220.0,True,11.6,17.2,7.6
2019-04-09,5883164.0,True,9.2,13.9,4.7
2019-04-10,6372828.0,True,7.1,10.2,4.7
2019-04-11,5789938.0,True,9.5,15.7,4.3
2019-04-12,5316500.0,True,11.4,18.4,5.5
2019-04-13,4968752.0,True,11.8,17.9,6.2
2019-04-14,5333154.0,True,9.6,13.6,6.9
2019-04-15,5216532.0,True,11.6,18.1,3.9
2019-04-16,4636261.0,True,14.9,22.6,6.8
2019-04-17,4295384.0,True,15.3,21.8,9.1
2019-04-18,4433117.0,True,12.6,16.2,10.4
2019-04-19,4306839.0,True,13.8,19.7,9.6
2019-04-20,4054470.0,True,14.3,19.1,9.7
2019-04-21,3974482.0,True,14.8,20.2,12.2
2019-04-22,3643242.0,True,19.3,28.2,10.7
2019-04-23,3357227.0,True,20.4,25.5,15.3
2019-04-24,3270177.0,True,19.5,25.9,15.8
2019-04-25,3742556.0,True,13.2,17.2,9.4
2019-04-26,4554555.0,True,8.4,9.9,6.2
2019-04-27,4317250.0,True,11.6,18.2,4.1
2019-04-28,4059712.0,True,12.9,16.6,9.9
2019-04-29,4196930.0,True,13.0,17.3,8.3
2019-04-30,3881665.0,True,15.5,22.5,9.0
2019-05-01,3575439.0,True,16.4,22.2,11.2
2019-05-02,3511898.0,True,17.1,25.3,10.6
2019-05-03,3375050.0,True,17.9,26.1,10.1
2019-05-04,2999288.0,True,19.5,27.4,12.0
2019-05-05,2694855.0,True,19.2,26.5,13.6
2019-05-06,3118112.0,True,14.5,19.8,9.8
2019-05-07,3379163.0,True,15.0,21.9,8.4
2019-05-08,3346458.0,True,15.6,21.3,10.1
2019-05-09,3289861.0,True,16.6,22.9,11.7
2019-05-10,3193912.0,True,17.8,26.8,10.3
2019-05-11,2855236.0,True,20.3,28.3,13.2
2019-05-12,2639645.0,True,21.6,28.9,14.7
2019-05-13,2895185.0,True,18.7,22.8,15.5
2019-05-14,2890590.0,True,19.6,26.9,12.9
2019-05-15,2835118.0,True,20.7,28.0,14.8
2019-05-16,2815686.0,True,23.5,30.0,16.7
2019-05-17,2782676.0,True,23.6,28.3,17.6
2019-05-18,2491977.0,True,22.8,25.9,19.1
2019-05-19,2492347.0,True,19.4,21.6,17.9
2019-05-20,2782442.0,True,16.4,20.2,13.0
2019-05-21,2837292.0,True,17.2,23.8,11.7
2019-05-22,2821653.0,True,19.5,26.5,12.3
2019-05-23,2812049.0,True,22.1,29.2,15.0
2019-05-24,2805282.0,True,24.2,33.4,16.2
2019-05-25,2478120.0,True,23.4,28.6,18.4
2019-05-26,2332729.0,True,24.5,31.1,18.6
2019-05-27,2719126.0,True,17.8,22.3,14.3
2019-05-28,2737823.0,True,18.1,24.6,11.9
2019-05-29,2714232.0,True,20.3,26.5,13.3
2019-05-30,2723539.0,True,19.6,24.5,14.6
2019-05-31,2689415.0,True,19.1,23.3,16.1
2019-06-01,2498918.0,True,18.9,23.7,14.8
2019-06-02,2360444.0,True,21.1,27.8,14.1
2019-06-03,2668396.0,True,23.1,29.5,16.0
2019-06-04,2696785.0,True,22.6,29.0,17.6
2019-06-05,2753339.0,True,23.0,29.6,17.8
2019-06-06,2360529.0,True,21.2,25.1,18.6
2019-06-07,2574630.0,True,20.0,24.7,17.0
2019-06-08,2341073.0,True,21.9,27.6,16.0
2019-06-09,2252727.0,True,21.6,26.5,17.1
2019-06-10,2611411.0,True,18.4,21.9,15.7
2019-06-11,2754242.0,True,20.5,26.1,15.5
2019-06-12,2656117.0,True,21.5,26.4,16.1
2019-06-13,2584697.0,True,23.0,28.8,16.6
2019-06-14,2633571.0,True,23.0,28.4,19.1
2019-06-15,2286250.0,True,21.9,27.4,17.9
2019-06-16,2149517.0,True,22.0,27.2,16.1
2019-06-17,2530790.0,True,21.7,26.2,18.1
2019-06-18,2670230.0,True,20.8,24.8,17.0
2019-06-19,2703249.0,True,21.4,25.4,18.9
2019-06-20,2589223.0,True,22.7,27.8,19.8
2019-06-21,2562256.0,True,22.1,26.1,19.4
2019-06-22,2271697.0,True,24.2,30.6,17.7
2019-06-23,2134984.0,True,25.0,31.0,19.1
2019-06-24,2543816.0,True,25.2,30.9,20.9
2019-06-25,2682606.0,True,25.6,32.8,19.5
2019-06-26,2650261.0,True,25.5,29.5,20.7
2019-06-27,2567756.0,True,25.5,31.2,21.9
2019-06-28,2553882.0,True,24.7,29.0,22.3
2019-06-29,2218015.0,True,23.1,27.7,19.6
2019-06-30,2119424.0,True,23.9,28.5,20.9
2019-07-01,2494263.0,True,23.9,28.9,20.6
2019-07-02,2671650.0,True,24.4,30.1,20.8
2019-07-03,2644437.0,True,24.1,27.4,21.2
2019-07-04,2521061.0,True,25.4,32.8,20.0
2019-07-05,2571765.0,True,27.6,35.0,20.2
2019-07-06,2223627.0,True,29.7,36.1,24.6
2019-07-07,2057227.0,True,26.7,32.5,22.7
2019-07-08,2470817.0,True,25.1,31.0,21.2
2019-07-09,2608961.0,True,25.0,30.0,19.7
2019-07-10,2590659.0,True,22.7,27.3,19.3
2019-07-11,2508990.0,True,21.9,25.9,19.5
2019-07-12,2546639.0,True,23.6,28.7,20.0
2019-07-13,2205774.0,True,24.9,29.7,22.1
2019-07-14,2046712.0,True,25.9,31.6,21.2
2019-07-15,2500778.0,True,23.8,27.4,22.1
2019-07-16,2638878.0,True,24.7,28.8,21.4
2019-07-17,2634063.0,True,25.6,29.2,22.3
2019-07-18,2524620.0,True,26.9,32.1,23.3
2019-07-19,2534005.0,True,28.6,35.0,22.8
2019-07-20,2193944.0,True,28.0,31.9,25.1
2019-07-21,2062426.0,True,25.1,27.0,24.2
2019-07-22,2507204.0,True,26.7,31.0,24.2
2019-07-23,2633981.0,True,28.1,32.9,24.4
2019-07-24,2640281.0,True,26.5,27.2,25.2
2019-07-25,2545567.0,True,26.3,27.4,25.6
2019-07-26,2549706.0,True,25.1,25.9,23.7
2019-07-27,2196484.0,True,28.4,33.4,24.9
2019-07-28,2071477.0,True,26.1,28.2,25.0
2019-07-29,2482429.0,True,27.5,30.0,25.6
2019-07-30,2526029.0,True,28.1,30.8,26.3
2019-07-31,2529759.0,True,25.8,27.5,24.0
2019-08-01,2484326.0,True,26.3,30.1,23.5
2019-08-02,2460180.0,True,28.4,33.1,24.7
2019-08-03,2142918.0,True,29.4,36.0,25.6
2019-08-04,2042808.0,True,28.3,34.4,25.0
2019-08-05,2501730.0,True,30.5,35.9,25.6
2019-08-06,2500859.0,True,31.6,36.8,27.9
2019-08-07,2534388.0,True,26.9,30.3,23.9
2019-08-08,2570444.0,True,28.9,32.7,25.9
2019-08-09,2571287.0,True,29.8,34.6,26.0
2019-08-10,2187145.0,True,31.5,36.5,26.6
2019-08-11,1963833.0,True,30.4,35.7,26.3
2019-08-12,2521905.0,True,26.6,28.5,24.8
2019-08-13,2457104.0,True,29.2,35.3,25.1
2019-08-14,2453462.0,True,30.4,35.7,25.9
2019-08-15,2004673.0,True,25.9,28.6,23.9
2019-08-16,2393815.0,True,25.9,29.5,23.0
2019-08-17,2049615.0,True,25.9,28.8,23.4
2019-08-18,1937449.0,True,25.6,30.7,22.6
2019-08-19,2408158.0,True,26.3,31.3,21.2
2019-08-20,2468967.0,True,28.2,32.8,23.2
2019-08-21,2487149.0,True,27.0,30.4,24.4
2019-08-22,2493664.0,True,26.9,31.4,23.0
2019-08-23,2468371.0,True,26.2,30.5,22.7
2019-08-24,2093895.0,True,24.1,27.3,21.5
2019-08-25,2001547.0,True,25.0,29.9,20.2
2019-08-26,2485589.0,True,26.4,32.1,21.5
2019-08-27,2449546.0,True,25.7,29.3,22.2
2019-08-28,2493913.0,True,26.1,30.2,23.6
2019-08-29,2493178.0,True,23.4,26.4,20.1
2019-08-30,2557170.0,True,22.6,27.0,19.5
2019-08-31,2132151.0,True,23.5,28.9,18.5
2019-09-01,2005412.0,True,23.7,27.8,19.2
2019-09-02,2440945.0,True,24.4,29.7,19.4
2019-09-03,2552247.0,True,24.1,28.0,22.0
2019-09-04,2657452.0,True,22.8,25.5,21.2
2019-09-05,2560981.0,True,23.0,27.6,21.5
2019-09-06,2542205.0,True,25.3,29.1,21.6
2019-09-07,2177053.0,True,25.7,29.5,22.6
2019-09-08,2072868.0,True,24.7,27.3,22.9
2019-09-09,2492136.0,True,25.1,28.0,22.4
2019-09-10,2596617.0,True,23.8,26.5,22.1
2019-09-11,2512782.0,True,24.3,28.7,20.4
2019-09-12,2096952.0,True,21.0,22.9,18.7
2019-09-13,1714637.0,True,23.3,29.3,18.3
2019-09-14,1888491.0,True,22.4,24.1,20.8
2019-09-15,2223968.0,True,24.2,30.0,19.5
2019-09-16,2598672.0,True,24.5,30.5,20.7
2019-09-17,2496720.0,True,23.5,29.0,18.0
2019-09-18,2519955.0,True,21.0,25.4,16.0
2019-09-19,2523100.0,True,19.5,26.0,13.6
2019-09-20,2482346.0,True,19.6,24.2,15.8
2019-09-21,2288125.0,True,19.6,22.1,18.3
2019-09-22,2292239.0,True,18.6,19.6,17.3
2019-09-23,2534611.0,True,20.0,24.6,16.9
2019-09-24,2687713.0,True,19.8,26.5,13.9
2019-09-25,2584788.0,True,20.9,27.4,14.8
2019-09-26,2559009.0,True,22.9,29.0,17.7
2019-09-27,2642509.0,True,22.9,27.0,19.6
2019-09-28,2299756.0,True,23.7,29.2,19.4
2019-09-29,2227359.0,True,22.6,28.6,17.9
2019-09-30,2510565.0,True,22.4,29.9,16.4
2019-10-01,2647403.0,True,23.1,28.2,17.6
2019-10-02,2565586.0,True,21.6,24.2,20.0
2019-10-03,2245710.0,True,22.4,27.3,19.8
2019-10-04,2555619.0,True,22.4,27.8,18.0
2019-10-05,2320455.0,True,18.7,21.9,14.7
2019-10-06,2319644.0,True,18.1,22.7,13.2
2019-10-07,2840928.0,True,14.8,17.9,13.3
2019-10-08,3110241.0,True,14.7,19.8,10.6
2019-10-09,3069043.0,True,13.6,20.4,7.7
2019-10-10,3167076.0,True,15.2,19.8,10.7
2019-10-11,3045577.0,True,18.8,26.1,13.0
2019-10-12,2805561.0,True,17.9,23.3,13.3
2019-10-13,2750160.0,True,17.2,23.8,12.1
2019-10-14,3268760.0,True,14.4,19.6,9.5
2019-10-15,3489286.0,True,14.5,20.4,8.8
2019-10-16,3530163.0,True,14.6,20.8,9.0
2019-10-17,3447396.0,True,15.4,21.6,11.2
2019-10-18,3238437.0,True,17.0,22.7,12.0
2019-10-19,2991977.0,True,17.0,23.1,12.1
2019-10-20,2918411.0,True,16.5,22.9,12.0
2019-10-21,3108054.0,True,17.1,24.6,10.9
2019-10-22,3065424.0,True,18.1,24.4,13.3
2019-10-23,3211437.0,True,17.0,20.7,14.3
2019-10-24,3096955.0,True,18.3,23.8,15.3
2019-10-25,3255497.0,True,16.7,22.0,13.1
2019-10-26,3916321.0,True,10.0,14.9,6.6
2019-10-27,4003957.0,True,11.0,17.4,4.7
2019-10-28,4126356.0,True,12.9,17.7,7.4
2019-10-29,4147632.0,True,12.5,17.6,8.2
2019-10-30,4393821.0,True,11.2,17.7,5.0
2019-10-31,4186446.0,True,14.8,19.7,8.4
2019-11-01,3882311.0,True,14.9,20.5,11.4
2019-11-02,3813658.0,True,13.6,18.7,8.3
2019-11-03,3665598.0,True,14.7,22.1,9.4
2019-11-04,3934643.0,True,13.8,20.3,9.2
2019-11-05,4174897.0,True,12.4,18.4,8.4
2019-11-06,4627741.0,True,11.0,16.5,6.3
2019-11-07,5132735.0,True,9.2,13.6,5.0
2019-11-08,5972101.0,True,6.8,13.0,1.1
2019-11-09,5468021.0,True,9.5,17.2,3.5
2019-11-10,5464864.0,True,10.0,15.3,6.2
2019-11-11,5235715.0,True,11.2,15.1,7.9
2019-11-12,5523339.0,True,9.3,14.5,4.8
2019-11-13,6289030.0,True,7.2,11.3,3.0
2019-11-14,8126565.0,True,1.3,5.0,-2.5
2019-11-15,7782304.0,True,5.6,7.6,1.4
2019-11-16,6764119.0,True,6.8,12.7,3.8
2019-11-17,6817236.0,True,8.3,10.5,5.6
2019-11-18,7916004.0,True,4.6,12.7,0.4
2019-11-19,9246566.0,True,0.2,4.0,-3.5
2019-11-20,9311847.0,True,0.5,6.3,-4.6
2019-11-21,8698000.0,True,4.2,9.0,-2.3
2019-11-22,7315663.0,True,9.7,17.3,3.0
2019-11-23,6220502.0,True,12.1,17.7,7.7
2019-11-24,6254451.0,True,9.8,15.6,4.6
2019-11-25,8395467.0,True,1.9,6.0,-1.2
2019-11-26,7699791.0,True,6.6,13.7,1.2
2019-11-27,8223731.0,True,3.1,6.8,0.3
2019-11-28,8380741.0,True,3.5,10.4,-0.6
2019-11-29,8885238.0,True,1.5,6.9,-3.4
2019-11-30,8297187.0,True,4.1,9.3,-1.4
2019-12-01,8062390.0,True,4.6,6.2,2.3
2019-12-02,9535769.0,True,-0.1,2.8,-3.2
2019-12-03,10245878.0,True,0.5,4.2,-5.0
2019-12-04,9544188.0,True,2.0,7.2,-2.0
2019-12-05,11334280.0,True,-4.4,-0.2,-8.5
2019-12-06,12586516.0,True,-5.9,-1.0,-10.6
2019-12-07,11509560.0,True,-2.4,1.2,-5.5
2019-12-08,10621037.0,True,-0.9,4.9,-5.5
2019-12-09,10357139.0,True,3.2,8.0,-1.3
2019-12-10,8630583.0,True,8.1,10.8,6.0
2019-12-11,8453196.0,True,6.3,9.8,0.1
2019-12-12,9906118.0,True,-0.7,3.4,-3.5
2019-12-13,9863618.0,True,2.1,5.9,-3.7
2019-12-14,8907771.0,True,2.7,6.4,-0.1
2019-12-15,8490612.0,True,5.3,11.0,0.4
2019-12-16,8188228.0,True,7.8,12.9,2.1
2019-12-17,7823450.0,True,7.7,10.2,3.2
2019-12-18,9070324.0,True,0.8,5.2,-1.7
2019-12-19,9909533.0,True,-0.8,3.1,-4.5
2019-12-20,10205746.0,True,-1.1,2.0,-3.5
2019-12-21,10414206.0,True,-1.2,1.5,-5.1
2019-12-22,9112197.0,True,4.1,8.4,0.3
2019-12-23,9347211.0,True,3.4,5.2,0.3
2019-12-24,9664918.0,True,0.8,6.5,-2.9
2019-12-25,9212207.0,True,2.0,6.6,-2.7
2019-12-26,9697065.0,True,2.0,4.1,-2.4
2019-12-27,10563651.0,True,-1.7,2.6,-4.6
2019-12-28,9814357.0,True,1.1,6.1,-3.6
2019-12-29,9056611.0,True,3.8,6.2,1.1
2019-12-30,9706508.0,True,2.7,6.8,-5.7
2019-12-31,12602151.0,True,-7.9,-4.5,-10.9
2020-01-01,11110102.0,True,-2.2,0.3,-6.5
2020-01-02,10654190.0,True,1.0,3.8,-0.7
2020-01-03,10452388.0,True,-0.1,4.6,-3.4
2020-01-04,9643634.0,True,1.2,6.1,-2.8
2020-01-05,9497454.0,True,1.3,6.6,-3.2
2020-01-06,9926767.0,True,3.1,4.6,0.6
2020-01-07,9369534.0,True,6.3,7.7,4.2
2020-01-08,9534907.0,True,2.4,8.9,-0.4
2020-01-09,10183938.0,True,-1.2,2.0,-3.1
2020-01-10,10241941.0,True,-0.6,4.2,-4.3
2020-01-11,9784466.0,True,-0.1,3.9,-2.6
2020-01-12,9950357.0,True,-1.0,2.8,-3.5
2020-01-13,11076871.0,True,-2.9,0.2,-4.7
2020-01-14,11277631.0,True,-2.3,2.6,-5.7
2020-01-15,11409976.0,True,-2.7,2.2,-6.4
2020-01-16,11293218.0,True,-1.7,3.2,-5.5
2020-01-17,11015662.0,True,-0.6,4.9,-4.8
2020-01-18,10084641.0,True,0.3,5.9,-4.1
2020-01-19,9673858.0,True,1.9,5.3,-0.4
2020-01-20,10305121.0,True,0.7,5.5,-3.3
2020-01-21,10688290.0,True,-0.4,5.5,-5.6
2020-01-22,10099304.0,True,3.0,7.8,-0.1
2020-01-23,9192877.0,True,4.6,9.9,0.0
2020-01-24,8570873.0,True,2.8,7.4,-1.3
2020-01-25,7740381.0,True,4.3,8.8,0.6
2020-01-26,7875488.0,True,5.5,11.9,-0.2
2020-01-27,8401256.0,True,5.9,7.5,4.8
2020-01-28,8587800.0,True,6.8,9.9,4.3
2020-01-29,8339224.0,True,6.0,9.6,3.2
2020-01-30,8247781.0,True,5.2,10.4,1.4
2020-01-31,8480581.0,True,3.9,8.9,1.4
2020-02-01,8610461.0,True,2.6,7.6,-1.2
2020-02-02,8952429.0,True,1.5,5.3,-2.1
2020-02-03,9992953.0,True,-0.4,3.0,-2.9
2020-02-04,10982324.0,True,-1.6,3.9,-6.0
2020-02-05,13293204.0,True,-8.3,-4.9,-11.0
2020-02-06,13250642.0,True,-6.4,0.4,-11.8
2020-02-07,12157246.0,True,-1.7,2.2,-7.2
2020-02-08,10576706.0,True,-0.1,3.7,-2.3
2020-02-09,10180245.0,True,-0.5,4.1,-5.6
2020-02-10,9487587.0,True,4.0,9.6,-0.7
2020-02-11,8605210.0,True,6.8,14.6,-0.5
2020-02-12,8204194.0,True,7.4,8.2,6.5
2020-02-13,7944767.0,True,6.5,8.7,4.9
2020-02-14,7331971.0,True,8.1,14.7,3.2
2020-02-15,6794777.0,True,9.8,15.6,6.2
2020-02-16,9029482.0,True,-1.4,7.7,-4.3
2020-02-17,11634388.0,True,-5.9,-3.9,-7.1
2020-02-18,11593270.0,True,-4.1,1.3,-8.3
2020-02-19,10367386.0,True,1.0,6.4,-4.4
2020-02-20,9086703.0,True,4.6,10.8,-0.6
2020-02-21,8550471.0,True,6.7,10.9,2.1
2020-02-22,8444846.0,True,4.0,7.9,0.0
2020-02-23,8431773.0,True,2.5,8.0,-2.5
2020-02-24,8023361.0,True,7.0,12.2,0.8
2020-02-25,7969524.0,True,6.7,9.4,4.7
2020-02-26,7671767.0,True,6.4,10.4,2.8
2020-02-27,7522251.0,True,6.1,12.5,1.3
2020-02-28,8079713.0,True,4.5,5.9,3.6
2020-02-29,6928736.0,True,7.7,13.0,4.5
2020-03-01,7065614.0,True,5.8,10.1,3.2
2020-03-02,7922267.0,True,3.4,7.6,0.0
2020-03-03,7901752.0,True,4.8,10.5,0.3
2020-03-04,8672339.0,True,2.2,4.6,-1.3
2020-03-05,8836843.0,True,1.4,6.3,-2.8
2020-03-06,8318349.0,True,3.7,10.1,-2.5
2020-03-07,7410398.0,True,7.0,14.2,1.3
2020-03-08,6575608.0,True,9.3,16.9,2.3
2020-03-09,6411964.0,True,11.1,17.6,4.8
2020-03-10,7165039.0,True,6.4,10.8,3.2
2020-03-11,7720413.0,True,3.8,8.3,0.0
2020-03-12,7395065.0,True,6.8,13.3,0.2
2020-03-13,7564590.0,True,4.9,8.7,-0.1
2020-03-14,7595946.0,True,3.6,8.6,-2.7
2020-03-15,7531106.0,True,4.0,8.5,0.2
2020-03-16,8194281.0,True,3.6,9.1,-2.1
2020-03-17,7440441.0,True,6.6,12.3,3.1
2020-03-18,6616982.0,True,10.0,17.0,2.7
2020-03-19,6742636.0,True,9.1,12.1,5.8
2020-03-20,6455980.0,True,8.8,14.0,3.1
2020-03-21,5409048.0,True,12.8,19.5,7.9
2020-03-22,5150931.0,True,11.0,16.5,6.1
2020-03-23,5421863.0,True,10.6,17.0,5.4
2020-03-24,5191536.0,True,11.4,17.9,5.3
2020-03-25,4983701.0,True,12.5,19.2,6.1
2020-03-26,4586402.0,True,14.8,20.6,8.1
2020-03-27,4741656.0,True,11.9,15.8,6.7
2020-03-28,5423635.0,True,7.7,12.8,4.5
2020-03-29,5387281.0,True,8.7,16.1,1.3
2020-03-30,5327972.0,True,10.2,16.9,4.3
2020-03-31,5097639.0,True,11.9,18.6,4.7
2020-04-01,5034613.0,True,11.3,17.4,6.0
2020-04-02,5253542.0,True,9.3,15.5,3.4
2020-04-03,5138460.0,True,10.0,16.3,5.3
2020-04-04,5280265.0,True,8.9,13.3,5.0
2020-04-05,5571412.0,True,7.2,13.7,1.9
2020-04-06,5555915.0,True,9.3,16.1,2.9
2020-04-07,5271376.0,True,10.6,16.8,6.0
2020-04-08,5537734.0,True,9.4,14.2,5.2
2020-04-09,5462606.0,True,8.9,14.7,4.3
2020-04-10,5214451.0,True,10.7,16.8,5.8
2020-04-11,5050521.0,True,9.9,16.0,6.2
2020-04-12,5052621.0,True,9.9,15.6,4.4
2020-04-13,5008096.0,True,12.4,20.4,4.3
2020-04-14,4608258.0,True,13.0,19.6,7.6
2020-04-15,4263763.0,True,13.2,20.2,7.2
2020-04-16,4025928.0,True,16.0,23.8,8.9
2020-04-17,4292170.0,True,12.5,15.4,10.4
2020-04-18,3912205.0,True,13.5,19.6,8.5
2020-04-19,4148307.0,True,12.3,15.5,9.5
2020-04-20,4826308.0,True,10.0,13.1,7.6
2020-04-21,5529648.0,True,7.4,10.4,4.8
2020-04-22,6160732.0,True,6.0,8.3,4.1
2020-04-23,5899880.0,True,7.9,12.8,2.9
2020-04-24,5459643.0,True,9.9,14.3,4.1
2020-04-25,4659146.0,True,13.1,17.1,9.9
2020-04-26,4398447.0,True,12.3,19.0,6.8
2020-04-27,4386994.0,True,12.9,18.3,8.7
2020-04-28,4209820.0,True,13.9,19.9,7.8
2020-04-29,3840038.0,True,14.9,21.0,9.3
2020-04-30,3372755.0,True,17.1,23.4,9.3
2020-05-01,2889583.0,True,20.2,26.2,16.4
2020-05-02,2736658.0,True,20.3,23.9,18.0
2020-05-03,2556439.0,True,21.8,27.4,17.0
2020-05-04,2672038.0,True,20.2,25.3,14.8
2020-05-05,2724520.0,True,16.0,19.3,13.1
2020-05-06,2834714.0,True,19.4,27.6,11.1
2020-05-07,2780927.0,True,20.7,26.5,14.9
2020-05-08,2772464.0,True,19.9,27.3,14.3
2020-05-09,2992116.0,True,14.2,16.8,12.7
2020-05-10,2974087.0,True,14.4,16.6,12.8
2020-05-11,3036406.0,True,16.5,22.0,12.4
2020-05-12,3245657.0,True,14.3,18.9,10.5
2020-05-13,3176592.0,True,16.1,21.8,10.2
2020-05-14,2949285.0,True,19.3,25.4,12.4
2020-05-15,3162020.0,True,16.1,20.2,14.1
2020-05-16,2935105.0,True,16.7,20.3,15.0
2020-05-17,2693991.0,True,19.1,24.9,14.6
2020-05-18,2919927.0,True,19.1,26.8,13.2
2020-05-19,3290467.0,True,13.0,17.1,10.1
2020-05-20,3217591.0,True,14.4,20.1,9.2
2020-05-21,3037105.0,True,17.4,22.9,10.9
2020-05-22,2896290.0,True,18.5,22.7,14.8
2020-05-23,2589430.0,True,20.1,25.0,16.6
2020-05-24,2659622.0,True,17.1,20.2,14.3
2020-05-25,2853583.0,True,16.6,21.3,13.7
2020-05-26,2963455.0,True,16.2,22.9,12.7
2020-05-27,2905343.0,True,17.4,23.9,11.8
2020-05-28,2790226.0,True,18.7,23.4,14.2
2020-05-29,2717676.0,True,20.7,27.6,14.6
2020-05-30,2428955.0,True,22.6,30.0,16.5
2020-05-31,2303709.0,True,21.2,28.0,17.6
2020-06-01,2599313.0,True,19.7,24.5,16.6
2020-06-02,2658464.0,True,17.9,21.8,14.8
2020-06-03,2635253.0,True,22.0,28.4,17.6
2020-06-04,2624730.0,True,21.9,26.5,19.7
2020-06-05,2572340.0,True,23.0,28.7,18.4
2020-06-06,2239326.0,True,24.6,30.9,19.2
2020-06-07,2169005.0,True,22.7,29.2,19.2
2020-06-08,2540793.0,True,25.0,32.0,19.8
2020-06-09,2546598.0,True,26.7,32.8,20.3
2020-06-10,2540924.0,True,25.8,32.1,22.5
2020-06-11,2524814.0,True,26.1,31.6,21.7
2020-06-12,2466948.0,True,24.7,27.6,21.6
2020-06-13,2136074.0,True,26.9,33.5,20.6
2020-06-14,2028851.0,True,24.0,28.8,20.1
2020-06-15,2430766.0,True,23.0,28.6,18.2
2020-06-16,2439555.0,True,24.4,30.7,20.0
2020-06-17,2427108.0,True,24.3,30.3,20.2
2020-06-18,2405788.0,True,23.4,27.3,20.3
2020-06-19,2404790.0,True,24.7,30.0,21.1
2020-06-20,2103182.0,True,24.9,29.7,20.7
2020-06-21,1995857.0,True,26.1,32.7,19.5
2020-06-22,2418451.0,True,28.6,35.4,21.7
2020-06-23,2420052.0,True,27.3,31.0,23.2
2020-06-24,2385094.0,True,22.3,26.3,19.9
2020-06-25,2395477.0,True,21.6,23.4,20.1
2020-06-26,2365910.0,True,21.8,25.7,19.2
2020-06-27,2086598.0,True,24.1,29.6,20.4
2020-06-28,1981131.0,True,25.2,30.1,21.5
2020-06-29,2395519.0,True,23.8,26.5,20.6
2020-06-30,2408261.0,True,20.1,23.1,18.4
2020-07-01,2506332.0,True,21.1,24.3,18.1
2020-07-02,2422468.0,True,24.2,29.8,20.4
2020-07-03,2448515.0,True,25.5,30.6,21.6
2020-07-04,2144964.0,True,24.2,29.5,20.4
2020-07-05,2030098.0,True,23.8,27.6,19.9
2020-07-06,2451325.0,True,25.6,30.9,21.8
2020-07-07,2432475.0,True,24.1,28.1,22.1
2020-07-08,2571004.0,True,25.5,30.4,21.3
2020-07-09,2476277.0,True,27.5,32.9,21.8
2020-07-10,2442474.0,True,24.5,27.7,22.7
2020-07-11,2114266.0,True,25.8,30.2,22.2
2020-07-12,2016576.0,True,23.5,26.0,21.7
2020-07-13,2439156.0,True,18.7,21.7,17.7
2020-07-14,2420707.0,True,20.3,24.3,17.2
2020-07-15,2466203.0,True,23.4,28.7,18.9
2020-07-16,2570591.0,True,25.0,29.7,20.4
2020-07-17,2532468.0,True,26.0,31.6,21.5
2020-07-18,2175810.0,True,26.1,31.0,22.8
2020-07-19,2070344.0,True,24.0,26.6,20.6
2020-07-20,2497449.0,True,23.8,26.6,22.4
2020-07-21,2496084.0,True,25.0,30.5,21.4
2020-07-22,2648875.0,True,23.7,25.7,22.6
2020-07-23,2568145.0,True,21.1,22.6,18.5
2020-07-24,2464568.0,True,22.5,26.8,18.7
2020-07-25,2160592.0,True,24.3,29.0,22.3
2020-07-26,2063285.0,True,25.4,29.6,21.6
2020-07-27,2476574.0,True,24.3,25.5,22.9
2020-07-28,2480878.0,True,24.4,26.4,22.7
2020-07-29,2593321.0,True,23.7,24.9,22.6
2020-07-30,2540510.0,True,25.3,28.4,23.4
2020-07-31,2501518.0,True,26.2,29.6,22.8
2020-08-01,2211018.0,True,25.3,26.9,24.3
2020-08-02,2146682.0,True,24.9,26.4,23.5
2020-08-03,2563635.0,True,25.0,26.3,23.9
2020-08-04,2621951.0,True,27.0,29.4,25.0
2020-08-05,2656035.0,True,26.5,29.1,25.5
2020-08-06,2551407.0,True,24.1,26.0,22.9
2020-08-07,2478623.0,True,24.3,26.1,22.6
2020-08-08,2226895.0,True,24.2,26.1,22.7
2020-08-09,2235513.0,True,24.9,25.8,23.7
2020-08-10,2700455.0,True,26.5,29.5,24.7
2020-08-11,2660753.0,True,24.6,27.3,22.4
2020-08-12,2709273.0,True,27.2,31.3,23.5
2020-08-13,2625313.0,True,28.0,30.3,26.3
2020-08-14,2651034.0,True,27.1,28.0,26.5
2020-08-15,2268410.0,True,26.1,27.0,25.0
2020-08-16,2093815.0,True,27.4,30.8,25.3
2020-08-17,2202374.0,True,28.2,32.2,26.1
2020-08-18,2587315.0,True,27.5,31.9,24.0
2020-08-19,2594659.0,True,27.1,31.4,23.6
2020-08-20,2579120.0,True,27.7,31.7,25.0
2020-08-21,2583694.0,True,26.6,29.2,25.2
2020-08-22,2157126.0,True,24.3,27.6,21.7
2020-08-23,1987261.0,True,25.3,29.9,21.5
2020-08-24,2521036.0,True,27.8,32.0,23.7
2020-08-25,2628674.0,True,29.9,34.5,26.0
2020-08-26,2620575.0,True,30.2,34.5,27.0
2020-08-27,2571797.0,True,27.1,28.6,25.6
2020-08-28,2595882.0,True,27.3,29.7,26.0
2020-08-29,2211573.0,True,26.8,29.0,25.5
2020-08-30,2062919.0,True,26.8,30.6,24.4
2020-08-31,2490395.0,True,26.4,30.0,23.8
2020-09-01,2458569.0,True,26.6,29.5,23.8
2020-09-02,2499248.0,True,24.3,26.4,22.6
2020-09-03,2430502.0,True,22.7,25.6,20.0
2020-09-04,2377335.0,True,23.3,27.5,19.9
2020-09-05,2089846.0,True,23.3,27.3,19.2
2020-09-06,2011706.0,True,21.7,24.4,19.5
2020-09-07,2495472.0,True,19.2,20.6,17.5
2020-09-08,2429438.0,True,23.4,26.5,20.6
2020-09-09,2446457.0,True,21.1,25.3,19.0
2020-09-10,2464009.0,True,22.8,27.0,18.8
2020-09-11,2464204.0,True,22.4,27.1,19.2
2020-09-12,2213832.0,True,20.2,23.2,18.1
2020-09-13,2083766.0,True,21.5,26.6,16.7
2020-09-14,2528431.0,True,21.3,24.9,17.6
2020-09-15,2494618.0,True,23.0,27.7,18.9
2020-09-16,2484400.0,True,22.5,24.9,21.3
2020-09-17,2455750.0,True,21.3,23.6,20.1
2020-09-18,2477383.0,True,21.5,25.8,18.1
2020-09-19,2259695.0,True,21.2,26.2,17.6
2020-09-20,2194603.0,True,19.7,24.9,15.6
2020-09-21,2559202.0,True,19.1,25.3,13.6
2020-09-22,2546335.0,True,20.2,25.6,15.5
2020-09-23,2596871.0,True,19.2,23.8,15.2
2020-09-24,2591577.0,True,20.6,25.4,16.8
2020-09-25,2559225.0,True,20.1,25.4,16.6
2020-09-26,2335055.0,True,19.3,24.8,14.8
2020-09-27,2221569.0,True,20.4,25.8,14.9
2020-09-28,2462122.0,True,20.7,26.5,15.7
2020-09-29,2493072.0,True,19.6,23.9,15.3
2020-09-30,2202925.0,True,19.6,25.7,16.2
2020-10-01,1996342.0,True,18.8,23.6,15.6
2020-10-02,2029353.0,True,19.2,21.9,16.3
2020-10-03,2095368.0,True,19.9,23.2,18.3
2020-10-04,2406879.0,True,16.6,21.8,10.6
2020-10-05,3057584.0,True,13.3,18.4,8.5
2020-10-06,3181047.0,True,14.2,19.7,9.3
2020-10-07,3154956.0,True,16.0,22.0,9.9
2020-10-08,3065661.0,True,17.2,23.1,12.1
2020-10-09,2846924.0,True,17.2,23.3,12.4
2020-10-10,2763759.0,True,16.9,21.5,12.3
2020-10-11,2730227.0,True,16.9,20.8,12.7
2020-10-12,3062363.0,True,16.2,21.3,12.1
2020-10-13,3471241.0,True,13.6,18.4,8.6
2020-10-14,3824434.0,True,12.8,18.0,8.5
2020-10-15,4251319.0,True,11.7,18.5,6.5
2020-10-16,4264821.0,True,11.8,15.4,8.6
2020-10-17,3908926.0,True,13.1,18.6,8.7
2020-10-18,3772586.0,True,13.6,20.2,7.2
2020-10-19,3695768.0,True,15.1,21.3,9.8
2020-10-20,3616084.0,True,15.2,21.7,9.9
2020-10-21,3797573.0,True,14.1,17.3,11.8
2020-10-22,3984975.0,True,13.5,18.2,8.4
2020-10-23,4893532.0,True,8.6,13.3,5.4
2020-10-24,5058546.0,True,8.7,14.0,3.2
2020-10-25,4529347.0,True,11.8,18.2,5.4
2020-10-26,4405675.0,True,12.9,19.0,8.0
2020-10-27,4231205.0,True,14.0,19.4,9.0
2020-10-28,4311564.0,True,13.8,18.2,8.6
2020-10-29,4905021.0,True,10.8,16.1,5.5
2020-10-30,4840500.0,True,11.9,19.6,5.8
2020-10-31,4591451.0,True,13.6,18.2,8.5
2020-11-01,4402421.0,True,13.7,15.0,11.6
2020-11-02,4879647.0,True,10.8,15.6,7.9
2020-11-03,6353898.0,True,5.1,8.6,2.7
2020-11-04,6905019.0,True,4.9,10.8,0.2
2020-11-05,6176134.0,True,9.6,15.9,3.4
2020-11-06,5425358.0,True,13.5,17.2,9.9
2020-11-07,4652990.0,True,14.6,18.1,12.2
2020-11-08,5494222.0,True,8.5,12.4,3.1
2020-11-09,6711612.0,True,5.5,8.9,0.7
2020-11-10,6443761.0,True,7.7,12.9,3.5
2020-11-11,6154621.0,True,9.3,16.5,3.5
2020-11-12,5905921.0,True,10.4,17.7,4.6
2020-11-13,5475076.0,True,12.2,17.6,8.5
2020-11-14,5133734.0,True,12.5,19.3,6.8
2020-11-15,5078955.0,True,11.1,14.9,8.2
2020-11-16,5298422.0,True,12.4,18.3,7.5
2020-11-17,4932067.0,True,15.9,20.0,11.7
2020-11-18,4490675.0,True,16.6,18.7,14.8
2020-11-19,4856445.0,True,13.6,19.1,6.9
2020-11-20,7068318.0,True,2.8,7.0,0.3
2020-11-21,6755765.0,True,6.5,12.8,-0.3
2020-11-22,6931328.0,True,5.6,9.1,1.5
2020-11-23,8227296.0,True,1.7,5.9,-1.5
2020-11-24,8396100.0,True,2.9,6.4,0.2
2020-11-25,8090176.0,True,4.6,9.5,0.0
2020-11-26,7854911.0,True,5.6,10.9,1.9
2020-11-27,8204911.0,True,4.1,7.7,0.6
2020-11-28,8842160.0,True,-0.1,2.8,-2.3
2020-11-29,9237863.0,True,-0.6,2.6,-3.6
2020-11-30,9839448.0,True,-0.2,4.3,-3.6
2020-12-01,9792121.0,True,1.1,6.7,-3.6
2020-12-02,9625048.0,True,2.4,6.1,0.5
2020-12-03,9718326.0,True,0.7,4.2,-2.3
2020-12-04,10009908.0,True,-0.6,4.4,-4.6
2020-12-05,9021444.0,True,2.1,6.6,-2.2
2020-12-06,8344065.0,True,4.5,9.1,1.2
2020-12-07,9051182.0,True,3.4,6.3,-0.7
2020-12-08,9819773.0,True,-0.5,4.1,-3.5
2020-12-09,9688620.0,True,1.5,6.2,-4.1
2020-12-10,8738043.0,True,5.8,9.3,3.2
2020-12-11,8449827.0,True,5.3,9.4,2.6
2020-12-12,8489096.0,True,2.3,6.1,-0.3
2020-12-13,9901866.0,True,-1.1,2.0,-6.0
2020-12-14,12898170.0,True,-7.7,-5.0,-9.7
2020-12-15,13677507.0,True,-8.3,-4.6,-11.1
2020-12-16,13951558.0,True,-8.3,-3.9,-11.2
2020-12-17,13492686.0,True,-4.9,0.8,-11.1
2020-12-18,12342393.0,True,-2.1,1.8,-6.4
2020-12-19,12524399.0,True,-5.1,-1.2,-9.6
2020-12-20,12140145.0,True,-3.7,1.1,-8.2
2020-12-21,11939321.0,True,-1.0,4.7,-6.0
2020-12-22,10732234.0,True,2.0,7.2,-2.5
2020-12-23,9825546.0,True,4.5,8.5,-0.4
2020-12-24,9619612.0,True,2.6,6.1,-2.0
2020-12-25,9710686.0,True,-0.8,3.5,-4.7
2020-12-26,9114191.0,True,2.2,8.0,-2.1
2020-12-27,8332746.0,True,5.8,10.0,1.4
2020-12-28,8353295.0,True,6.7,11.4,4.2
2020-12-29,10150897.0,True,0.1,4.3,-6.2
2020-12-30,13822172.0,True,-10.9,-6.2,-12.9
2020-12-31,14173763.0,True,-8.9,-5.0,-12.9
2021-01-01,12409148.0,True,-4.2,1.6,-9.8
2021-01-02,12327554.0,True,-5.0,-1.4,-8.4
2021-01-03,12633454.0,True,-5.6,-2.0,-9.1
2021-01-04,13195678.0,True,-3.5,0.3,-8.4
2021-01-05,13337987.0,True,-5.5,-2.1,-9.9
2021-01-06,14291623.0,True,-7.4,-1.9,-12.0
2021-01-07,16500837.0,True,-14.5,-8.4,-16.5
2021-01-08,17476158.0,True,-14.9,-10.7,-18.6
2021-01-09,16713807.0,True,-12.2,-7.5,-16.6
2021-01-10,15316856.0,True,-7.7,-2.7,-12.8
2021-01-11,15272204.0,True,-6.7,-4.0,-9.6
2021-01-12,14035822.0,True,-3.9,-0.5,-9.3
2021-01-13,12000187.0,True,2.0,8.3,-3.0
2021-01-14,11341539.0,True,1.7,7.0,-3.6
2021-01-15,10289758.0,True,4.5,9.9,-0.7
2021-01-16,12008106.0,True,-4.9,-0.7,-8.7
2021-01-17,12701993.0,True,-5.5,-1.3,-10.8
2021-01-18,13268684.0,True,-3.8,0.2,-9.1
2021-01-19,13925782.0,True,-6.3,-0.2,-11.6
2021-01-20,12184255.0,True,-0.1,7.1,-6.6
2021-01-21,10565932.0,True,4.5,7.0,2.5
2021-01-22,9455143.0,True,5.5,6.6,4.8
2021-01-23,8436895.0,True,7.6,12.2,4.8
2021-01-24,7784142.0,True,7.3,13.9,2.4
2021-01-25,7932746.0,True,7.9,13.9,3.0
2021-01-26,8310626.0,True,5.3,7.4,1.7
2021-01-27,9240699.0,True,1.7,6.5,-1.8
2021-01-28,11424276.0,True,-2.6,1.4,-9.7
2021-01-29,13700205.0,True,-8.8,-4.9,-11.6
2021-01-30,11548966.0,True,-1.6,5.2,-8.1
2021-01-31,10001591.0,True,3.2,8.7,-3.8
2021-02-01,9435733.0,True,5.0,9.5,-2.3
2021-02-02,12453426.0,True,-5.6,-2.4,-8.2
2021-02-03,12534413.0,True,-3.2,1.4,-9.4
2021-02-04,12178631.0,True,-3.6,0.7,-7.4
2021-02-05,11103861.0,True,1.4,6.7,-4.4
2021-02-06,8970272.0,True,6.8,9.5,4.3
2021-02-07,8922586.0,True,3.6,7.7,-2.6
2021-02-08,11563037.0,True,-3.1,0.2,-5.4
2021-02-09,11214109.0,True,-0.9,4.7,-6.1
2021-02-10,10194486.0,True,3.4,7.2,-1.5
2021-02-11,8415210.0,True,5.5,10.9,1.3
2021-02-12,7491508.0,True,6.5,14.0,0.6
2021-02-13,7197169.0,True,7.6,15.9,1.0
2021-02-14,7120125.0,True,9.5,13.8,6.4
2021-02-15,9540667.0,True,1.2,8.2,-5.2
2021-02-16,12328437.0,True,-5.1,-1.3,-7.0
2021-02-17,13973378.0,True,-8.3,-5.2,-10.4
2021-02-18,13563841.0,True,-5.8,-0.4,-10.6
2021-02-19,11574051.0,True,1.6,8.9,-7.1
2021-02-20,8284078.0,True,8.8,14.9,5.5
2021-02-21,7097684.0,True,10.8,17.4,4.7
2021-02-22,7631085.0,True,7.8,12.6,0.4
2021-02-23,9458588.0,True,0.0,4.3,-3.1
2021-02-24,9242171.0,True,2.9,10.1,-3.0
2021-02-25,9128040.0,True,4.2,8.2,0.7
2021-02-26,8096511.0,True,8.2,15.8,0.5
2021-02-27,7031811.0,True,9.5,16.2,4.3
2021-02-28,6941610.0,True,7.8,10.8,3.2
2021-03-01,7941416.0,True,4.7,9.0,0.5
2021-03-02,8953775.0,True,2.3,6.9,0.2
2021-03-03,8486327.0,True,4.4,9.9,-1.2
2021-03-04,7902662.0,True,7.2,13.0,2.5
2021-03-05,7065409.0,True,9.0,16.2,3.0
2021-03-06,7081050.0,True,6.6,11.6,3.2
2021-03-07,7194032.0,True,6.2,12.2,2.1
2021-03-08,7317475.0,True,7.0,13.9,1.5
2021-03-09,7341480.0,True,6.6,12.2,2.1
2021-03-10,6915224.0,True,8.8,17.1,1.7
2021-03-11,6442379.0,True,10.2,17.1,4.7
2021-03-12,6209115.0,True,10.5,14.9,7.2
2021-03-13,5973759.0,True,9.2,14.2,4.6
2021-03-14,5872859.0,True,9.1,14.7,4.9
2021-03-15,6012713.0,True,10.6,15.7,5.1
2021-03-16,6120030.0,True,8.4,13.1,4.9
2021-03-17,6188723.0,True,8.8,17.5,1.8
2021-03-18,5803765.0,True,11.7,18.4,5.0
2021-03-19,4996789.0,True,15.3,20.2,11.4
2021-03-20,5444719.0,True,9.9,14.7,7.4
2021-03-21,6343080.0,True,5.8,8.6,3.1
2021-03-22,6944829.0,True,6.2,11.1,1.1
2021-03-23,6357474.0,True,9.1,16.4,2.5
2021-03-24,5848164.0,True,10.8,16.9,5.7
2021-03-25,5336824.0,True,11.9,19.0,6.8
2021-03-26,5199977.0,True,12.6,20.6,4.8
2021-03-27,5248245.0,True,12.1,15.0,10.2
2021-03-28,5668347.0,True,9.0,13.0,7.7
2021-03-29,5489918.0,True,10.2,14.6,7.3
2021-03-30,5268496.0,True,10.8,18.2,4.1
2021-03-31,4795810.0,True,14.5,22.9,5.9
2021-04-01,4235931.0,True,17.7,24.0,12.0
2021-04-02,3994234.0,True,17.8,23.0,12.5
2021-04-03,4008376.0,True,14.9,18.0,10.9
2021-04-04,4249483.0,True,11.9,15.8,9.0
2021-04-05,4474920.0,True,11.9,19.3,5.4
2021-04-06,4226402.0,True,13.9,19.2,9.4
2021-04-07,4128394.0,True,14.1,20.4,8.1
2021-04-08,4285427.0,True,13.0,18.0,7.2
2021-04-09,4207875.0,True,13.6,19.6,7.6
2021-04-10,4071817.0,True,12.6,18.8,7.7
2021-04-11,3828461.0,True,15.0,21.8,7.5
2021-04-12,4380954.0,True,13.8,17.8,11.9
2021-04-13,4811198.0,True,10.4,13.5,5.7
2021-04-14,5273382.0,True,8.4,13.3,3.1
2021-04-15,4772234.0,True,11.6,18.3,6.3
2021-04-16,4898890.0,True,11.3,14.8,8.1
2021-04-17,4980628.0,True,9.6,14.6,6.0
2021-04-18,4856342.0,True,9.9,15.3,5.6
2021-04-19,4687444.0,True,12.2,19.4,5.8
2021-04-20,4221096.0,True,14.8,22.0,8.1
2021-04-21,3859992.0,True,19.1,28.2,10.3
2021-04-22,3361347.0,True,20.9,27.5,16.1
2021-04-23,3261577.0,True,19.0,21.7,17.0
2021-04-24,3099544.0,True,18.3,22.2,15.3
2021-04-25,3015752.0,True,18.2,24.0,12.6
2021-04-26,3266730.0,True,16.2,20.6,12.3
2021-04-27,3424491.0,True,15.4,20.0,12.5
2021-04-28,3525940.0,True,14.5,18.2,11.2
2021-04-29,3593950.0,True,14.6,20.1,10.9
2021-04-30,4116728.0,True,11.3,14.6,8.6
2021-05-01,4256370.0,True,10.2,15.3,8.5
2021-05-02,4123679.0,True,12.4,18.7,7.3
2021-05-03,3927185.0,True,14.1,20.3,8.4
2021-05-04,4200705.0,True,13.8,15.8,11.4
2021-05-05,3746659.0,True,13.9,18.4,10.3
2021-05-06,3664850.0,True,15.7,23.1,7.9
2021-05-07,3680791.0,True,14.4,17.2,10.7
2021-05-08,3423530.0,True,14.3,21.0,8.9
2021-05-09,3258421.0,True,15.7,21.8,10.0
2021-05-10,3775139.0,True,13.2,14.6,11.7
2021-05-11,3447786.0,True,18.5,25.7,9.4
2021-05-12,3076952.0,True,22.0,27.7,16.9
2021-05-13,2925933.0,True,22.9,29.6,16.6
2021-05-14,2841691.0,True,24.1,30.8,18.0
2021-05-15,2601111.0,True,22.1,26.2,20.8
2021-05-16,2645234.0,True,18.4,20.8,14.8
2021-05-17,3001806.0,True,15.3,16.7,14.2
2021-05-18,2906711.0,True,17.9,24.5,13.6
2021-05-19,2691057.0,True,19.9,26.6,12.4
2021-05-20,2869738.0,True,18.7,22.9,15.6
2021-05-21,3075583.0,True,16.0,18.2,14.2
2021-05-22,2752559.0,True,18.6,23.8,13.8
2021-05-23,2590880.0,True,19.5,25.1,14.3
2021-05-24,2798336.0,True,19.4,24.5,16.4
2021-05-25,3005239.0,True,15.3,19.3,11.9
2021-05-26,3002283.0,True,18.0,23.0,11.5
2021-05-27,3112486.0,True,15.8,18.7,13.9
2021-05-28,3275092.0,True,15.3,19.7,12.4
2021-05-29,3083712.0,True,15.4,19.1,12.8
2021-05-30,2887808.0,True,18.4,26.3,10.8
2021-05-31,2934275.0,True,19.9,23.8,16.5
2021-06-01,2858681.0,True,20.2,23.9,15.9
2021-06-02,2814377.0,True,23.2,29.7,16.6
2021-06-03,2849322.0,True,19.1,22.7,14.6
2021-06-04,2935507.0,True,18.5,23.6,13.3
2021-06-05,2529276.0,True,20.8,25.7,17.0
2021-06-06,2390150.0,True,23.0,28.2,18.4
2021-06-07,2694277.0,True,21.1,24.0,19.4
2021-06-08,2733251.0,True,23.6,29.5,18.8
2021-06-09,2747660.0,True,25.8,31.6,19.5
2021-06-10,2732301.0,True,24.9,29.8,20.5
2021-06-11,2675505.0,True,21.5,24.4,19.9
2021-06-12,2342687.0,True,24.2,30.2,18.2
2021-06-13,2204394.0,True,24.8,29.7,20.9
2021-06-14,2620435.0,True,24.8,30.2,18.9
2021-06-15,2591663.0,True,22.5,25.3,21.5
2021-06-16,2596525.0,True,24.3,28.9,20.3
2021-06-17,2570728.0,True,21.9,25.0,19.6
2021-06-18,2579843.0,True,20.0,21.4,19.0
2021-06-19,2259733.0,True,22.3,27.4,17.5
2021-06-20,2169544.0,True,22.9,29.0,17.6
2021-06-21,2659220.0,True,23.6,28.5,19.2
2021-06-22,2566973.0,True,22.8,28.6,19.7
2021-06-23,2559364.0,True,22.4,27.9,18.8
2021-06-24,2569685.0,True,23.0,28.0,18.5
2021-06-25,2703760.0,True,24.1,29.5,19.5
2021-06-26,2224104.0,True,22.8,26.7,19.9
2021-06-27,2109047.0,True,24.5,30.8,19.8
2021-06-28,2518435.0,True,23.7,29.2,21.0
2021-06-29,2575907.0,True,23.9,28.4,21.3
2021-06-30,2549460.0,True,24.3,28.8,21.0
2021-07-01,2504730.0,True,26.3,31.0,21.4
2021-07-02,2578929.0,True,27.1,31.8,23.6
2021-07-03,2141679.0,True,22.6,25.7,19.6
2021-07-04,2117272.0,True,21.4,23.1,19.8
2021-07-05,2468487.0,True,23.3,26.9,20.1
2021-07-06,2497056.0,True,25.3,30.1,21.0
2021-07-07,2539886.0,True,26.4,29.1,23.9
2021-07-08,2563543.0,True,26.0,29.8,23.8
2021-07-09,2497414.0,True,25.5,29.2,23.6
2021-07-10,2162872.0,True,25.9,29.2,23.1
2021-07-11,2100762.0,True,25.7,27.5,24.1
2021-07-12,2497699.0,True,28.1,32.5,23.8
2021-07-13,2527431.0,True,28.8,31.5,26.3
2021-07-14,2560267.0,True,29.7,33.5,26.1
2021-07-15,2596391.0,True,29.1,34.5,25.9
2021-07-16,2531963.0,True,28.8,35.2,24.2
2021-07-17,2084014.0,True,29.1,32.8,24.7
2021-07-18,1944652.0,True,29.6,34.1,25.7
2021-07-19,2517217.0,True,26.4,30.5,24.0
2021-07-20,2724338.0,True,27.9,31.8,23.6
2021-07-21,2613686.0,True,30.5,35.3,25.3
2021-07-22,2512420.0,True,31.2,35.9,26.5
2021-07-23,2484950.0,True,31.2,35.8,27.2
2021-07-24,2040588.0,True,31.7,36.5,26.9
2021-07-25,1896623.0,True,31.5,35.9,27.2
2021-07-26,2428259.0,True,31.2,35.4,27.4
2021-07-27,2508739.0,True,31.1,35.7,27.8
2021-07-28,2443830.0,True,30.4,34.7,27.1
2021-07-29,2389428.0,True,29.6,33.3,27.0
2021-07-30,2329428.0,True,30.5,35.4,25.8
2021-07-31,1953360.0,True,29.8,34.3,26.8
2021-08-01,1829823.0,True,27.1,28.8,25.1
2021-08-02,2287252.0,True,26.5,28.6,25.0
2021-08-03,2290958.0,True,28.0,31.4,24.1
2021-08-04,2338436.0,True,28.9,33.2,26.3
2021-08-05,2340526.0,True,29.4,33.7,25.6
2021-08-06,2334821.0,True,28.1,32.2,26.0
2021-08-07,1919868.0,True,28.0,32.3,23.4
2021-08-08,1869640.0,True,26.8,32.1,24.4
2021-08-09,2358569.0,True,28.3,33.6,23.3
2021-08-10,2411420.0,True,27.7,32.2,24.3
2021-08-11,2395695.0,True,27.4,31.6,24.1
2021-08-12,2392678.0,True,26.8,31.7,24.0
2021-08-13,2358869.0,True,26.6,30.1,23.4
2021-08-14,1934473.0,True,26.1,30.5,23.4
2021-08-15,1817780.0,True,26.9,32.4,21.7
2021-08-16,1938573.0,True,27.3,32.8,22.5
2021-08-17,2403126.0,True,25.9,31.3,21.9
2021-08-18,2291983.0,True,24.3,31.0,20.6
2021-08-19,2285156.0,True,26.0,31.5,21.0
2021-08-20,2301352.0,True,26.6,30.7,22.6
2021-08-21,2006761.0,True,23.8,25.5,21.0
2021-08-22,1877410.0,True,24.4,27.0,22.4
2021-08-23,2330527.0,True,22.4,24.0,21.0
2021-08-24,2453425.0,True,23.4,26.4,21.1
2021-08-25,2419201.0,True,25.0,27.3,23.5
2021-08-26,2444790.0,True,25.5,27.9,22.9
2021-08-27,2366661.0,True,22.4,25.5,20.4
2021-08-28,2058488.0,True,23.6,28.2,19.7
2021-08-29,1962385.0,True,23.7,26.3,21.9
2021-08-30,2364567.0,True,24.2,27.7,21.2
2021-08-31,2484933.0,True,20.5,23.1,18.1
2021-09-01,2401692.0,True,21.4,23.9,18.5
2021-09-02,2385827.0,True,23.5,26.7,20.7
2021-09-03,2401654.0,True,24.3,29.2,20.6
2021-09-04,2127100.0,True,23.2,28.6,18.5
2021-09-05,2040736.0,True,23.1,27.3,19.4
2021-09-06,2419579.0,True,22.3,26.4,18.0
2021-09-07,2540221.0,True,19.6,20.9,17.6
2021-09-08,2515926.0,True,22.2,26.9,19.0
2021-09-09,2485931.0,True,23.5,29.1,19.1
2021-09-10,2448398.0,True,23.6,28.9,19.5
2021-09-11,2163301.0,True,24.0,29.4,19.9
2021-09-12,2057152.0,True,24.2,29.8,19.2
2021-09-13,2443961.0,True,24.8,30.3,20.8
2021-09-14,2484189.0,True,24.6,29.5,20.0
2021-09-15,2479083.0,True,23.6,28.9,19.5
2021-09-16,2462501.0,True,22.9,27.3,18.0
2021-09-17,2416344.0,True,23.5,28.2,20.5
2021-09-18,2045061.0,True,23.9,29.8,18.9
2021-09-19,1896451.0,True,23.7,27.8,20.8
2021-09-20,1883991.0,True,23.7,28.4,19.0
2021-09-21,1776594.0,True,22.0,26.2,17.4
2021-09-22,1913603.0,True,20.2,24.3,16.8
2021-09-23,2344277.0,True,20.9,25.9,16.9
2021-09-24,2391010.0,True,21.8,26.9,16.7
2021-09-25,2151941.0,True,21.2,23.1,18.7
2021-09-26,2064593.0,True,22.6,27.3,18.4
2021-09-27,2407572.0,True,21.6,25.0,18.7
2021-09-28,2455282.0,True,21.5,24.4,19.6
2021-09-29,2521939.0,True,20.2,21.4,17.8
2021-09-30,2492636.0,True,20.3,25.9,16.0
2021-10-01,2526641.0,True,21.1,27.5,16.9
2021-10-02,2220699.0,True,20.7,26.6,16.4
2021-10-03,2066861.0,True,22.3,28.8,17.1
2021-10-04,2271036.0,True,22.9,25.6,19.2
2021-10-05,2555023.0,True,23.6,26.5,21.7
2021-10-06,2604782.0,True,18.8,21.7,17.9
2021-10-07,2595974.0,True,19.4,21.9,17.9
2021-10-08,2617476.0,True,18.8,20.0,17.5
2021-10-09,2314565.0,True,20.9,24.1,18.5
2021-10-10,2326187.0,True,19.9,24.3,14.9
2021-10-11,2655419.0,True,15.2,17.8,12.6
2021-10-12,2830521.0,True,17.9,21.3,15.8
2021-10-13,2783203.0,True,19.6,25.2,14.9
2021-10-14,2723391.0,True,19.7,23.9,17.4
2021-10-15,2767648.0,True,19.0,21.4,17.0
2021-10-16,3851951.0,True,10.7,18.1,4.2
2021-10-17,5000382.0,True,5.6,10.8,1.3
2021-10-18,5132913.0,True,9.6,16.1,2.8
2021-10-19,4862395.0,True,10.9,15.0,7.1
2021-10-20,5117784.0,True,9.5,15.8,4.6
2021-10-21,5228013.0,True,9.8,16.2,4.9
2021-10-22,5347839.0,True,10.8,17.2,5.2
2021-10-23,4843375.0,True,11.4,18.4,5.7
2021-10-24,4650480.0,True,11.4,18.1,6.0
2021-10-25,4774007.0,True,11.7,17.6,6.3
2021-10-26,4544350.0,True,13.0,19.0,7.7
2021-10-27,4438776.0,True,13.4,18.1,9.8
2021-10-28,4729089.0,True,12.7,20.0,7.1
2021-10-29,4339696.0,True,14.6,20.6,10.5
2021-10-30,4125032.0,True,13.8,18.0,11.0
2021-10-31,3972547.0,True,14.1,20.3,9.2
2021-11-01,4372472.0,True,12.9,16.9,10.3
2021-11-02,4640367.0,True,11.5,16.9,7.9
2021-11-03,4692612.0,True,12.1,17.1,7.6
2021-11-04,4704264.0,True,12.1,16.3,8.4
2021-11-05,4603472.0,True,13.0,20.2,7.8
2021-11-06,4267181.0,True,14.1,21.3,8.8
2021-11-07,4066310.0,True,15.3,21.3,9.7
2021-11-08,5521422.0,True,8.6,15.5,4.5
2021-11-09,6643436.0,True,4.9,6.5,3.0
2021-11-10,7321013.0,True,4.2,7.7,0.7
2021-11-11,7260794.0,True,5.3,9.7,2.1
2021-11-12,7478475.0,True,4.5,8.6,1.3
2021-11-13,6699812.0,True,7.3,13.4,0.5
2021-11-14,5698383.0,True,11.3,16.4,7.8
2021-11-15,5938514.0,True,10.1,15.7,5.8
2021-11-16,6160252.0,True,8.5,13.6,4.4
2021-11-17,6523127.0,True,7.5,12.5,2.7
2021-11-18,5891360.0,True,11.9,16.2,7.7
2021-11-19,5308778.0,True,12.9,16.7,10.2
2021-11-20,5332502.0,True,10.4,15.6,6.8
2021-11-21,5448443.0,True,10.4,13.1,7.6
2021-11-22,7899143.0,True,2.7,7.5,-0.6
2021-11-23,9655005.0,True,-0.6,2.3,-3.7
2021-11-24,8977499.0,True,4.1,9.1,-2.6
2021-11-25,8156830.0,True,5.7,9.9,2.6
2021-11-26,8569480.0,True,2.9,7.2,-0.5
2021-11-27,8252155.0,True,3.4,10.1,-1.4
2021-11-28,7928040.0,True,5.1,12.4,-1.3
2021-11-29,7731828.0,True,7.6,13.7,2.5
2021-11-30,8330007.0,True,5.7,8.9,0.7
2021-12-01,10098384.0,True,-1.3,1.5,-3.0
2021-12-02,10260416.0,True,1.3,5.0,-4.6
2021-12-03,9794692.0,True,1.9,4.6,-1.8
2021-12-04,9469631.0,True,1.4,7.0,-2.7
2021-12-05,8757401.0,True,2.9,9.6,-2.3
2021-12-06,8625179.0,True,5.4,12.1,-0.7
2021-12-07,8045437.0,True,6.8,13.3,2.6
2021-12-08,7853449.0,True,6.7,13.3,1.9
2021-12-09,7942497.0,True,6.5,9.7,2.7
2021-12-10,7714479.0,True,7.0,8.2,5.8
2021-12-11,7457833.0,True,6.0,9.8,4.4
2021-12-12,8800839.0,True,1.2,5.1,-3.8
2021-12-13,10974655.0,True,-2.2,1.9,-5.9
2021-12-14,9524312.0,True,3.7,8.2,-0.7
2021-12-15,8102991.0,True,7.2,10.0,5.4
2021-12-16,8109650.0,True,6.4,9.8,3.3
2021-12-17,11690855.0,True,-5.6,3.2,-10.1
2021-12-18,12568443.0,True,-5.7,-1.8,-11.2
2021-12-19,10742724.0,True,-0.8,4.2,-5.8
2021-12-20,9420164.0,True,5.2,11.1,-0.9
2021-12-21,8878183.0,True,5.2,8.9,0.8
2021-12-22,9572722.0,True,2.2,8.2,-2.6
2021-12-23,9572523.0,True,2.7,8.3,-1.5
2021-12-24,10868020.0,True,-0.3,3.2,-7.3
2021-12-25,13958823.0,True,-11.7,-7.3,-14.4
2021-12-26,15084102.0,True,-12.1,-7.3,-15.5
2021-12-27,15052469.0,True,-7.6,-3.9,-12.9
2021-12-28,13900937.0,True,-4.1,-0.9,-8.5
2021-12-29,12253840.0,True,0.4,5.9,-3.8
2021-12-30,13180412.0,True,-3.9,0.2,-6.8
2021-12-31,13928637.0,True,-6.7,-3.9,-8.8
2022-01-01,12561375.0,True,-4.3,2.3,-10.2
2022-01-02,11572406.0,True,-1.3,3.0,-5.2
2022-01-03,12473293.0,True,-1.9,2.5,-8.0
2022-01-04,12073441.0,True,-2.5,1.0,-5.6
2022-01-05,12710884.0,True,-2.8,1.9,-7.8
2022-01-06,12259997.0,True,-2.2,3.3,-5.9
2022-01-07,12132294.0,True,-1.6,4.5,-5.9
2022-01-08,11333082.0,True,0.3,3.7,-5.0
2022-01-09,10202939.0,True,1.3,5.6,-1.2
2022-01-10,11024379.0,True,0.5,4.4,-3.4
2022-01-11,13391910.0,True,-7.4,0.3,-10.3
2022-01-12,14012378.0,True,-7.7,-3.4,-11.3
2022-01-13,13931211.0,True,-6.4,-3.1,-8.9
2022-01-14,13548566.0,True,-4.8,1.3,-10.1
2022-01-15,12360225.0,True,-1.0,1.8,-5.3
2022-01-16,11827278.0,True,-2.0,2.4,-7.2
2022-01-17,13675978.0,True,-5.8,0.1,-9.2
2022-01-18,13594982.0,True,-5.6,-0.7,-9.9
2022-01-19,13881049.0,True,-5.3,-2.7,-7.7
2022-01-20,13751783.0,True,-5.0,0.9,-9.8
2022-01-21,12913935.0,True,-2.7,4.6,-8.7
2022-01-22,11699826.0,True,0.3,7.1,-5.0
2022-01-23,10490997.0,True,2.0,6.7,-0.6
2022-01-24,10250468.0,True,4.6,8.4,1.3
2022-01-25,9986386.0,True,2.8,4.5,1.9
2022-01-26,9996902.0,True,1.3,6.8,-1.9
2022-01-27,10745183.0,True,-1.1,4.0,-4.6
2022-01-28,11528546.0,True,-2.7,2.1,-5.9
2022-01-29,11447733.0,True,-3.6,0.9,-7.2
2022-01-30,11275229.0,True,-2.8,2.4,-8.0
2022-01-31,11118279.0,True,-0.7,4.8,-6.8
2022-02-01,10998888.0,True,-1.3,0.9,-2.7
2022-02-02,11954541.0,True,-3.4,0.0,-6.0
2022-02-03,12684056.0,True,-3.4,0.4,-6.9
2022-02-04,12926145.0,True,-5.2,-0.7,-8.2
2022-02-05,13171902.0,True,-6.6,-2.0,-9.7
2022-02-06,12587888.0,True,-3.9,1.7,-8.4
2022-02-07,12449172.0,True,-2.5,1.9,-7.3
2022-02-08,11366132.0,True,-0.1,5.6,-4.1
2022-02-09,10896996.0,True,1.0,7.2,-4.3
2022-02-10,10580294.0,True,1.4,6.7,-3.2
2022-02-11,9626567.0,True,2.9,8.8,-2.6
2022-02-12,8563942.0,True,4.8,10.4,-0.1
2022-02-13,8470104.0,True,4.8,9.5,1.6
2022-02-14,9752156.0,True,2.5,8.1,-1.3
2022-02-15,12163867.0,True,-4.7,-1.3,-7.7
2022-02-16,13838487.0,True,-7.3,-4.1,-9.6
2022-02-17,14040353.0,True,-6.2,-0.5,-10.7
2022-02-18,12686419.0,True,-1.2,5.7,-8.0
2022-02-19,11504507.0,True,-1.7,3.7,-6.2
2022-02-20,12643804.0,True,-4.8,-0.5,-8.4
2022-02-21,12957433.0,True,-3.0,3.6,-8.1
2022-02-22,12906117.0,True,-4.5,0.5,-8.0
2022-02-23,13186776.0,True,-5.6,-0.6,-10.0
2022-02-24,12342601.0,True,-2.4,3.7,-8.5
2022-02-25,10676714.0,True,3.0,8.4,-3.6
2022-02-26,9191462.0,True,5.4,9.3,1.0
2022-02-27,8910480.0,True,3.7,9.1,-1.6
2022-02-28,8491905.0,True,6.8,11.5,2.7
2022-03-01,8019128.0,True,5.8,9.7,0.3
2022-03-02,8906187.0,True,3.5,8.8,-2.3
2022-03-03,8161932.0,True,5.8,12.4,0.9
2022-03-04,8022433.0,True,6.9,14.6,0.6
2022-03-05,8275762.0,True,2.3,6.7,-0.7
2022-03-06,8708047.0,True,1.4,6.8,-3.0
2022-03-07,9140748.0,True,2.8,8.7,-2.7
2022-03-08,8302717.0,True,6.0,12.3,1.1
2022-03-09,7254627.0,True,7.1,14.8,1.7
2022-03-10,7084698.0,True,9.3,15.8,4.2
2022-03-11,6471640.0,True,11.2,18.4,5.1
2022-03-12,5600391.0,True,12.8,19.5,6.3
2022-03-13,5597268.0,True,11.7,12.6,10.7
2022-03-14,6673191.0,True,8.2,13.2,4.9
2022-03-15,6778245.0,True,7.2,13.3,2.3
2022-03-16,6355221.0,True,10.3,16.8,3.6
2022-03-17,6216471.0,True,10.7,15.1,7.8
2022-03-18,7011820.0,True,7.5,9.6,5.5
2022-03-19,7648652.0,True,3.4,6.1,0.9
2022-03-20,7352927.0,True,5.4,9.3,2.2
2022-03-21,7990208.0,True,5.0,10.9,-0.3
2022-03-22,7452275.0,True,7.1,13.6,1.1
2022-03-23,7828639.0,True,6.2,8.2,4.9
2022-03-24,7464121.0,True,8.2,12.4,3.9
2022-03-25,6579307.0,True,12.0,17.2,6.3
2022-03-26,5983946.0,True,11.8,14.7,9.5
2022-03-27,6211729.0,True,8.1,12.6,5.0
2022-03-28,6687868.0,True,8.2,15.1,1.5
2022-03-29,6272233.0,True,9.7,15.6,3.3
2022-03-30,6061658.0,True,10.8,15.7,5.9
2022-03-31,5803793.0,True,10.9,14.7,7.6
2022-04-01,5973433.0,True,9.2,14.9,4.5
2022-04-02,5908184.0,True,8.2,14.2,3.7
2022-04-03,5709167.0,True,9.6,17.0,3.5
2022-04-04,5754338.0,True,10.3,16.4,5.1
2022-04-05,5784937.0,True,10.3,15.8,4.9
2022-04-06,5488964.0,True,11.7,17.0,8.0
2022-04-07,5667289.0,True,10.9,15.7,7.4
2022-04-08,5428494.0,True,12.9,20.0,5.1
2022-04-09,4351092.0,True,17.8,24.2,12.4
2022-04-10,3703765.0,True,18.2,25.1,12.7
2022-04-11,3560565.0,True,19.6,26.6,13.4
2022-04-12,3444787.0,True,19.3,26.4,15.9
2022-04-13,4221595.0,True,13.1,15.9,12.0
2022-04-14,4482964.0,True,13.2,15.3,11.4
2022-04-15,4405348.0,True,13.3,19.3,7.5
2022-04-16,4225749.0,True,13.2,20.2,7.1
2022-04-17,4262831.0,True,14.0,21.9,7.2
2022-04-18,4317671.0,True,15.2,21.6,11.4
2022-04-19,4212607.0,True,15.2,22.1,8.9
2022-04-20,4084911.0,True,15.7,22.1,9.7
2022-04-21,3904708.0,True,16.3,22.7,9.6
2022-04-22,4002550.0,True,15.0,16.8,13.2
2022-04-23,3518929.0,True,17.7,25.3,10.4
2022-04-24,3144638.0,True,18.5,24.5,15.0
2022-04-25,3151581.0,True,20.0,23.6,17.0
2022-04-26,3039512.0,True,21.9,28.7,17.0
2022-04-27,3237908.0,True,17.7,23.9,12.6
2022-04-28,3245414.0,True,18.2,25.9,11.6
2022-04-29,3650365.0,True,13.4,16.5,10.7
2022-04-30,3666372.0,True,13.0,17.8,10.5
2022-05-01,3783951.0,True,13.4,19.2,7.9
2022-05-02,3842753.0,True,14.2,19.4,9.1
2022-05-03,3853460.0,True,14.8,20.8,9.1
2022-05-04,3518252.0,True,17.8,25.2,10.0
2022-05-05,3031637.0,True,18.9,25.8,12.5
2022-05-06,2951964.0,True,19.6,25.6,13.7
2022-05-07,2828524.0,True,18.4,23.1,15.3
2022-05-08,3063503.0,True,15.3,18.2,11.7
2022-05-09,3262385.0,True,17.9,25.3,11.0
2022-05-10,3190434.0,True,19.9,26.3,13.6
2022-05-11,3128516.0,True,19.7,25.2,16.6
2022-05-12,2862875.0,True,20.9,28.1,14.1
2022-05-13,2828306.0,True,19.4,25.2,15.0
2022-05-14,2794029.0,True,15.7,20.0,11.9
2022-05-15,2812749.0,True,16.2,22.4,10.5
2022-05-16,2979447.0,True,17.3,23.7,10.9
2022-05-17,2901508.0,True,20.0,27.4,13.0
2022-05-18,2861273.0,True,20.0,25.4,15.7
2022-05-19,2832227.0,True,19.9,24.2,16.1
2022-05-20,2763097.0,True,20.6,25.8,15.6
2022-05-21,2532705.0,True,20.1,26.0,16.1
2022-05-22,2417115.0,True,20.3,25.8,15.7
2022-05-23,2670893.0,True,23.0,30.7,17.8
2022-05-24,2663609.0,True,22.9,30.2,16.7
2022-05-25,2639974.0,True,21.0,26.7,16.7
2022-05-26,2629035.0,True,18.7,23.5,14.1
2022-05-27,2605237.0,True,20.0,25.6,16.0
2022-05-28,2354082.0,True,22.3,29.3,15.0
2022-05-29,2228603.0,True,23.1,29.7,19.3
2022-05-30,2528804.0,True,20.8,24.7,17.2
2022-05-31,2562090.0,True,20.7,27.2,14.2
2022-06-01,2299659.0,True,22.1,28.6,16.2
2022-06-02,2528655.0,True,21.5,26.9,17.1
2022-06-03,2533281.0,True,24.5,32.6,18.7
2022-06-04,2206589.0,True,25.6,29.7,20.3
2022-06-05,2006723.0,True,22.7,27.0,20.2
2022-06-06,2150214.0,True,19.7,24.5,16.7
2022-06-07,2483577.0,True,20.6,25.1,15.1
2022-06-08,2528706.0,True,21.2,25.8,16.2
2022-06-09,2520459.0,True,20.9,24.5,18.5
2022-06-10,2536683.0,True,20.9,26.6,17.2
2022-06-11,2236614.0,True,24.6,32.7,17.7
2022-06-12,2104268.0,True,24.6,31.5,18.9
2022-06-13,2489131.0,True,23.6,29.2,19.6
2022-06-14,2482118.0,True,21.5,27.1,17.7
2022-06-15,2525941.0,True,17.5,20.1,14.9
2022-06-16,2490568.0,True,20.3,24.8,17.6
2022-06-17,2510245.0,True,22.5,28.1,16.5
2022-06-18,2233896.0,True,23.3,25.1,22.0
2022-06-19,2118311.0,True,23.4,25.1,22.3
2022-06-20,2498937.0,True,25.2,29.0,22.0
2022-06-21,2590740.0,True,26.5,32.6,21.2
2022-06-22,2546451.0,True,25.9,31.0,21.9
2022-06-23,2575173.0,True,24.3,26.4,23.3
2022-06-24,2512528.0,True,22.6,24.9,20.6
2022-06-25,2195866.0,True,26.0,30.5,21.5
2022-06-26,2097356.0,True,26.5,28.1,24.8
2022-06-27,2593614.0,True,26.8,28.1,25.4
2022-06-28,2617708.0,True,26.9,27.9,25.7
2022-06-29,2690735.0,True,25.1,26.1,24.4
2022-06-30,2680821.0,True,22.3,24.5,21.2
2022-07-01,2625924.0,True,26.6,30.9,21.9
2022-07-02,2244851.0,True,28.8,33.8,24.0
2022-07-03,2095469.0,True,29.3,34.2,24.4
2022-07-04,2637866.0,True,29.3,32.6,26.4
2022-07-05,2698549.0,True,29.2,33.1,26.7
2022-07-06,2758615.0,True,29.5,33.3,26.2
2022-07-07,2755656.0,True,28.2,31.0,26.4
2022-07-08,2674664.0,True,25.8,27.9,24.0
2022-07-09,2252553.0,True,26.9,30.9,24.0
2022-07-10,2102026.0,True,29.2,35.1,24.6
2022-07-11,2639619.0,True,27.0,30.6,24.7
2022-07-12,2611065.0,True,26.8,29.4,23.2
2022-07-13,2695470.0,True,25.0,27.1,24.0
2022-07-14,2632391.0,True,25.7,29.9,23.3
2022-07-15,2536607.0,True,26.0,30.3,23.0
2022-07-16,2111068.0,True,24.8,28.2,23.2
2022-07-17,1984525.0,True,25.5,29.7,22.5
2022-07-18,2520364.0,True,26.8,30.1,23.1
2022-07-19,2544364.0,True,27.4,31.1,24.3
2022-07-20,2544673.0,True,27.1,30.4,24.3
2022-07-21,2459322.0,True,23.2,25.2,20.8
2022-07-22,2458763.0,True,25.1,27.5,22.9
2022-07-23,2098579.0,True,24.8,28.0,22.3
2022-07-24,1976999.0,True,25.0,28.4,22.0
2022-07-25,2450255.0,True,27.5,32.0,23.6
2022-07-26,2499199.0,True,28.9,33.1,24.4
2022-07-27,2455776.0,True,29.3,33.4,26.4
2022-07-28,2451968.0,True,29.7,34.4,25.1
2022-07-29,2474963.0,True,30.7,34.3,27.3
2022-07-30,2024599.0,True,30.9,36.1,27.3
2022-07-31,1899742.0,True,27.2,29.0,25.4
2022-08-01,2383093.0,True,28.6,32.4,25.4
2022-08-02,2400414.0,True,26.8,28.5,25.5
2022-08-03,2425636.0,True,27.1,30.0,25.2
2022-08-04,2425403.0,True,28.9,32.9,26.0
2022-08-05,2417131.0,True,29.4,32.7,27.0
2022-08-06,2018155.0,True,28.7,30.3,27.4
2022-08-07,1899403.0,True,28.9,31.7,27.2
2022-08-08,2456296.0,True,26.8,28.4,
2022-08-09,2484199.0,True,25.1,26.5,22.0
2022-08-10,2411861.0,True,24.7,28.8,21.4
2022-08-11,2426081.0,True,25.0,27.5,23.4
2022-08-12,2413924.0,True,27.0,32.4,23.0
2022-08-13,2060238.0,True,25.8,27.5,24.7
2022-08-14,1907880.0,True,27.6,31.5,24.5
2022-08-15,1990520.0,True,28.1,29.8,26.6
2022-08-16,2478023.0,True,26.7,30.0,24.1
2022-08-17,2478146.0,True,26.0,30.5,22.8
2022-08-18,2454633.0,True,25.6,29.8,22.4
2022-08-19,2487096.0,True,26.0,27.5,23.3
2022-08-20,2100856.0,True,28.2,32.0,25.7
2022-08-21,1945472.0,True,28.1,32.0,24.7
2022-08-22,2461200.0,True,26.8,30.2,22.9
2022-08-23,2449044.0,True,25.4,30.2,22.4
2022-08-24,2416067.0,True,24.8,27.9,22.4
2022-08-25,2394024.0,True,22.2,24.0,21.1
2022-08-26,2395022.0,True,23.8,28.4,19.9
2022-08-27,2047979.0,True,21.5,25.5,17.6
2022-08-28,1935653.0,True,22.6,28.4,16.1
2022-08-29,2355510.0,True,21.0,22.5,19.5
2022-08-30,2469103.0,True,19.1,20.3,17.9
2022-08-31,2401023.0,True,21.7,24.9,19.6
2022-09-01,2439238.0,True,24.0,30.4,18.3
2022-09-02,2424376.0,True,24.7,29.8,20.3
2022-09-03,2137622.0,True,24.2,29.2,20.5
2022-09-04,2061494.0,True,22.3,24.0,19.8
2022-09-05,2500249.0,True,19.2,22.7,17.7
2022-09-06,2465582.0,True,21.0,26.3,17.0
2022-09-07,2480205.0,True,22.8,28.1,17.9
2022-09-08,2457213.0,True,23.2,29.5,16.7
2022-09-09,1957228.0,True,24.3,30.8,18.9
2022-09-10,1706911.0,True,23.6,28.4,19.0
2022-09-11,1785771.0,True,23.3,26.4,20.6
2022-09-12,1936660.0,True,23.8,27.5,20.3
2022-09-13,2355155.0,True,24.3,26.4,21.8
2022-09-14,2385672.0,True,24.6,27.9,22.7
2022-09-15,2418367.0,True,25.2,28.3,22.0
2022-09-16,2459371.0,True,25.7,29.9,23.4
2022-09-17,2151471.0,True,25.6,29.4,23.3
2022-09-18,2027313.0,True,27.1,32.5,23.0
2022-09-19,2378847.0,True,24.6,29.6,19.5
2022-09-20,2366722.0,True,19.9,24.6,16.1
2022-09-21,2397536.0,True,19.4,25.6,13.0
2022-09-22,2395416.0,True,19.8,24.7,14.2
2022-09-23,2463108.0,True,17.5,22.2,14.7
2022-09-24,2278080.0,True,18.5,24.2,12.3
2022-09-25,2138200.0,True,19.6,25.2,15.4
2022-09-26,2425634.0,True,20.0,25.4,14.8
2022-09-27,2458717.0,True,20.9,28.0,14.0
2022-09-28,2451601.0,True,20.4,26.1,16.1
2022-09-29,2446857.0,True,20.4,26.5,16.4
2022-09-30,2439587.0,True,20.7,27.7,14.8
2022-10-01,2158737.0,True,20.9,27.6,14.4
2022-10-02,2068302.0,True,19.4,21.6,17.2
2022-10-03,2293282.0,True,21.4,23.4,17.5
2022-10-04,2507614.0,True,17.9,23.0,14.2
2022-10-05,2603206.0,True,16.6,21.6,14.1
2022-10-06,2751760.0,True,15.8,19.1,12.7
2022-10-07,2990436.0,True,14.3,18.6,11.0
2022-10-08,2849570.0,True,15.8,21.6,11.1
2022-10-09,3291481.0,True,13.1,14.5,10.7
2022-10-10,4297496.0,True,9.9,11.9,8.2
2022-10-11,4339758.0,True,11.1,16.4,7.4
2022-10-12,4056553.0,True,13.5,20.6,6.5
2022-10-13,3553589.0,True,16.3,22.7,10.7
2022-10-14,3303071.0,True,17.1,23.0,12.4
2022-10-15,2951950.0,True,18.2,24.4,12.6
2022-10-16,2954389.0,True,16.9,20.5,15.1
2022-10-17,4066190.0,True,11.2,15.1,7.4
2022-10-18,4581343.0,True,9.4,14.2,5.0
2022-10-19,4609407.0,True,10.5,16.8,4.4
2022-10-20,4326655.0,True,12.9,19.7,6.0
2022-10-21,4008950.0,True,14.0,20.9,8.8
2022-10-22,3614841.0,True,15.1,20.8,10.5
2022-10-23,3710711.0,True,14.0,18.6,10.4
2022-10-24,4597708.0,True,10.6,14.8,7.5
2022-10-25,4571310.0,True,11.3,17.6,5.9
2022-10-26,4450231.0,True,12.9,17.8,8.0
2022-10-27,4230622.0,True,13.2,18.9,8.6
2022-10-28,4159092.0,True,13.6,20.6,8.2
2022-10-29,3815163.0,True,14.8,21.3,10.2
2022-10-30,3675416.0,True,14.9,21.3,10.4
2022-10-31,3801626.0,True,14.9,21.1,11.2
2022-11-01,3977160.0,True,13.1,17.8,9.4
2022-11-02,4549444.0,True,11.1,17.9,5.5
2022-11-03,5267492.0,True,9.3,13.4,5.6
2022-11-04,6443885.0,True,4.9,9.8,1.6
2022-11-05,6120328.0,True,6.5,13.6,0.8
2022-11-06,5607667.0,True,9.6,16.4,3.7
2022-11-07,5765015.0,True,11.4,16.6,6.1
2022-11-08,5126139.0,True,12.9,17.9,9.7
2022-11-09,5079299.0,True,11.4,16.0,6.7
2022-11-10,4619126.0,True,13.5,19.1,8.8
2022-11-11,4261663.0,True,15.6,22.1,10.9
2022-11-12,3984021.0,True,16.3,22.0,11.6
2022-11-13,4608997.0,True,10.3,17.3,8.7
2022-11-14,5152943.0,True,9.7,13.8,5.9
2022-11-15,5730800.0,True,8.1,12.3,4.0
2022-11-16,5679412.0,True,8.5,13.0,5.5
2022-11-17,5446761.0,True,10.2,16.6,5.4
2022-11-18,5238297.0,True,11.0,18.1,5.3
2022-11-19,4785079.0,True,12.9,19.2,8.7
2022-11-20,4462253.0,True,13.7,20.2,9.5
2022-11-21,4862868.0,True,11.8,16.2,9.3
2022-11-22,5222859.0,True,10.7,13.7,7.0
2022-11-23,5201096.0,True,10.8,15.2,6.8
2022-11-24,5522396.0,True,9.4,14.1,5.9
2022-11-25,5228166.0,True,12.3,17.8,7.1
2022-11-26,5880468.0,True,6.7,12.9,1.0
2022-11-27,6811808.0,True,5.4,11.5,-1.1
2022-11-28,6087185.0,True,12.3,15.0,7.5
2022-11-29,7020543.0,True,6.9,15.0,-1.6
2022-11-30,10485503.0,True,-5.4,-1.6,-8.1
2022-12-01,11556855.0,True,-5.4,-1.2,-9.4
2022-12-02,11266878.0,True,-2.5,3.0,-7.6
2022-12-03,9648502.0,True,2.1,7.0,-0.3
2022-12-04,11211173.0,True,-3.5,-0.2,-5.2
2022-12-05,11615765.0,True,-3.1,1.9,-7.0
2022-12-06,10755294.0,True,0.9,5.3,-3.9
2022-12-07,9516432.0,True,4.9,9.0,1.2
2022-12-08,9091877.0,True,3.7,9.1,0.1
2022-12-09,8657500.0,True,4.5,10.2,0.9
2022-12-10,8873446.0,True,2.6,6.7,-0.6
2022-12-11,9025395.0,True,1.6,6.8,-1.5
2022-12-12,9877476.0,True,2.0,6.3,-2.0
2022-12-13,10707358.0,True,0.0,3.1,-6.4
2022-12-14,13268097.0,True,-8.4,-4.9,-11.0
2022-12-15,12915416.0,True,-4.5,-1.3,-8.5
2022-12-16,13236796.0,True,-6.3,-2.2,-9.6
2022-12-17,13108613.0,True,-7.0,-3.2,-9.8
2022-12-18,14089909.0,True,-9.5,-5.6,-12.4
2022-12-19,14427120.0,True,-7.0,-2.5,-12.0
2022-12-20,13411650.0,True,-3.2,2.9,-9.5
2022-12-21,12169492.0,True,-0.1,2.6,-2.6
2022-12-22,13929178.0,True,-7.8,-2.6,-11.3
2022-12-23,16131966.0,True,-11.8,-8.6,-13.7
2022-12-24,14713161.0,True,-8.4,-2.0,-13.5
2022-12-25,13452955.0,True,-5.4,0.2,-9.6
2022-12-26,13461682.0,True,-3.9,1.7,-7.9
2022-12-27,12530763.0,True,-2.6,3.3,-7.3
2022-12-28,12282472.0,True,-3.3,0.1,-6.0
2022-12-29,12262524.0,True,-2.9,2.1,-7.8
2022-12-30,11502019.0,True,-1.8,2.3,-4.4
2022-12-31,11164797.0,True,-1.2,2.1,-5.1
2023-01-01,10686344.0,True,-0.2,3.8,-4.3
2023-01-02,12278167.0,True,-4.5,-0.4,-7.4
2023-01-03,12516423.0,True,-5.0,0.6,-9.0
2023-01-04,11972803.0,True,-1.8,3.3,-5.7
2023-01-05,11844689.0,True,-1.6,3.6,-5.6
2023-01-06,11224093.0,True,0.6,5.7,-4.7
2023-01-07,10027334.0,True,1.5,3.8,-1.4
2023-01-08,9706682.0,True,1.3,6.3,-3.7
2023-01-09,9435674.0,True,3.1,7.0,-1.3
2023-01-10,9933136.0,True,1.6,9.1,-3.9
2023-01-11,9691839.0,True,2.6,9.2,-2.0
2023-01-12,8890574.0,True,5.9,12.5,-0.6
2023-01-13,8281684.0,True,8.3,10.1,5.1
2023-01-14,7647845.0,True,6.6,8.4,3.8
2023-01-15,9376693.0,True,-0.2,3.8,-3.5
2023-01-16,11607269.0,True,-4.6,-1.2,-6.8
2023-01-17,12039505.0,True,-3.7,-0.4,-7.0
2023-01-18,11479849.0,True,-1.9,2.2,-4.6
2023-01-19,11280073.0,True,-0.4,4.3,-6.0
2023-01-20,11588175.0,True,-3.3,2.0,-7.7
2023-01-21,11706210.0,True,-4.5,1.5,-10.5
2023-01-22,11023613.0,True,-0.6,2.6,-2.8
2023-01-23,11109676.0,True,-0.8,4.6,-6.9
2023-01-24,15315359.0,True,-14.7,-6.9,-17.0
2023-01-25,15837308.0,True,-11.3,-5.4,-17.3
2023-01-26,14192463.0,True,-6.0,-3.5,-9.0
2023-01-27,14018709.0,True,-7.3,-3.8,-9.6
2023-01-28,13242213.0,True,-6.0,-0.6,-11.2
2023-01-29,12049884.0,True,-1.8,4.9,-8.0
2023-01-30,11442717.0,True,-0.9,4.2,-4.4
2023-01-31,10354728.0,True,2.4,7.8,-3.5
2023-02-01,9827369.0,True,0.9,6.0,-3.0
2023-02-02,11088546.0,True,-2.4,1.4,-5.1
2023-02-03,10746870.0,True,-1.6,3.4,-3.9
2023-02-04,9950250.0,True,-0.2,6.0,-5.2
2023-02-05,9295511.0,True,1.7,7.1,-3.3
2023-02-06,9068038.0,True,3.0,8.8,-1.7
2023-02-07,9172086.0,True,3.5,9.5,-0.6
2023-02-08,9207171.0,True,2.1,7.8,-1.3
2023-02-09,8657125.0,True,4.0,9.9,-2.8
2023-02-10,8282189.0,True,3.8,6.2,1.1
2023-02-11,8211535.0,True,2.8,8.5,-1.2
2023-02-12,8221539.0,True,3.7,7.6,-0.9
2023-02-13,7988603.0,True,5.9,8.4,2.7
2023-02-14,8692557.0,True,1.7,6.6,-2.5
2023-02-15,8694785.0,True,3.2,8.9,-1.2
2023-02-16,9040646.0,True,2.3,4.5,-0.7
2023-02-17,8754594.0,True,3.4,9.8,-1.5
2023-02-18,8290181.0,True,5.7,8.1,3.0
2023-02-19,8266551.0,True,3.5,6.1,0.2
2023-02-20,9699451.0,True,-0.5,2.4,-3.5
2023-02-21,10069780.0,True,-1.3,4.8,-5.3
2023-02-22,9582350.0,True,1.2,8.4,-4.5
2023-02-23,8497523.0,True,2.9,9.2,-1.8
2023-02-24,8287784.0,True,3.5,8.5,-0.4
2023-02-25,8557445.0,True,0.7,5.7,-2.9
2023-02-26,8291117.0,True,2.2,9.4,-3.4
2023-02-27,8053053.0,True,4.4,12.4,-1.8
2023-02-28,8024983.0,True,4.3,8.7,-0.7
2023-03-01,7431194.0,True,6.0,9.0,2.9
2023-03-02,8343771.0,True,2.2,6.6,-1.8
2023-03-03,7944276.0,True,4.6,10.4,-1.9
2023-03-04,6765025.0,True,7.7,14.1,3.7
2023-03-05,6457781.0,True,8.0,15.4,2.5
2023-03-06,6526563.0,True,9.2,16.5,2.2
2023-03-07,5870163.0,True,11.7,19.4,6.3
2023-03-08,5630611.0,True,12.5,17.7,7.4
2023-03-09,5629947.0,True,10.3,13.1,7.4
2023-03-10,5293335.0,True,13.5,22.2,6.2
2023-03-11,4530499.0,True,15.2,22.8,10.2
2023-03-12,5919066.0,True,5.9,12.6,0.6
2023-03-13,7399323.0,True,2.9,7.6,-1.9
2023-03-14,6407650.0,True,9.2,15.4,3.3
2023-03-15,6289747.0,True,8.6,14.4,3.5
2023-03-16,7007549.0,True,4.6,9.0,0.4
2023-03-17,6781430.0,True,7.2,12.7,0.7
2023-03-18,6269544.0,True,7.7,14.0,2.5
2023-03-19,5981248.0,True,8.3,15.2,2.3
2023-03-20,5971046.0,True,9.5,17.1,2.6
2023-03-21,5295662.0,True,13.0,22.2,5.0
2023-03-22,4622342.0,True,17.0,25.1,9.2
2023-03-23,4109950.0,True,17.4,23.3,12.3
2023-03-24,4444001.0,True,12.5,18.3,7.6
2023-03-25,4149782.0,True,12.5,18.7,8.0
2023-03-26,4635490.0,True,9.4,14.0,4.7
2023-03-27,5412673.0,True,7.3,14.5,1.9
2023-03-28,5273136.0,True,9.2,15.7,2.8
2023-03-29,4888212.0,True,11.8,19.7,5.1
2023-03-30,4499488.0,True,13.3,21.2,6.4
2023-03-31,4129997.0,True,15.0,23.9,7.5
2023-04-01,3712921.0,True,17.5,25.6,9.4
2023-04-02,3340142.0,True,18.8,25.2,11.9
2023-04-03,3356702.0,True,19.0,25.9,11.3
2023-04-04,3350506.0,True,17.6,21.7,12.7
2023-04-05,4044256.0,True,11.9,14.9,8.7
2023-04-06,4750936.0,True,8.8,9.7,7.4
2023-04-07,4902946.0,True,8.9,15.7,4.6
2023-04-08,4868558.0,True,8.8,14.9,3.1
2023-04-09,4525955.0,True,10.8,17.8,3.5
2023-04-10,4439191.0,True,13.2,19.1,6.2
2023-04-11,4537589.0,True,13.1,17.4,9.2
2023-04-12,4696599.0,True,10.1,15.3,4.8
2023-04-13,4495994.0,True,11.9,17.2,5.1
2023-04-14,3902589.0,True,16.2,21.3,11.9
2023-04-15,3762536.0,True,13.5,16.6,9.3
2023-04-16,4026538.0,True,10.8,16.1,7.5
2023-04-17,4156814.0,True,13.1,18.1,6.8
2023-04-18,4022745.0,True,14.0,18.4,10.7
2023-04-19,3544590.0,True,19.1,28.4,11.5
2023-04-20,3504053.0,True,15.8,18.9,14.5
2023-04-21,3455696.0,True,16.7,22.8,11.4
2023-04-22,3322994.0,True,16.9,22.5,12.2
2023-04-23,3147802.0,True,16.1,22.1,10.7
2023-04-24,3263708.0,True,15.8,21.3,11.5
2023-04-25,3978638.0,True,10.9,13.2,9.0
2023-04-26,4150154.0,True,10.2,13.5,7.4
2023-04-27,3911225.0,True,12.9,20.0,5.1
2023-04-28,3545004.0,True,15.7,21.3,9.0
2023-04-29,3659277.0,True,13.2,15.8,9.9
2023-04-30,3565466.0,True,12.7,17.9,7.9
2023-05-01,3389327.0,True,14.6,20.8,9.8
2023-05-02,3309891.0,True,16.7,23.7,9.1
2023-05-03,3034283.0,True,19.5,26.2,12.4
2023-05-04,2785247.0,True,21.4,25.8,15.6
2023-05-05,2677075.0,True,18.4,21.6,15.5
2023-05-06,3119751.0,True,12.6,15.5,11.7
2023-05-07,3075883.0,True,14.4,18.6,11.1
2023-05-08,3201785.0,True,15.3,22.0,7.9
2023-05-09,3069898.0,True,17.0,24.4,10.0
2023-05-10,2954480.0,True,18.4,26.0,10.7
2023-05-11,2846590.0,True,19.5,26.7,12.8
2023-05-12,2796313.0,True,18.4,24.7,13.1
2023-05-13,2606069.0,True,17.8,23.9,12.6
2023-05-14,2505907.0,True,18.1,23.8,12.9
2023-05-15,2689906.0,True,20.6,27.9,12.8
2023-05-16,2588651.0,True,24.0,31.2,17.2
2023-05-17,2610619.0,True,23.5,28.7,18.6
2023-05-18,2493268.0,True,21.2,27.6,18.8
2023-05-19,2470033.0,True,22.3,27.8,16.7
2023-05-20,2230479.0,True,21.2,26.7,16.6
2023-05-21,2149055.0,True,17.8,21.9,15.3
2023-05-22,2397269.0,True,20.3,26.8,15.9
2023-05-23,2414776.0,True,20.5,26.9,14.1
2023-05-24,2432813.0,True,20.6,25.9,14.8
2023-05-25,2435005.0,True,21.2,27.4,15.7
2023-05-26,2399061.0,True,21.4,27.3,15.8
2023-05-27,2167227.0,True,19.3,20.7,18.6
2023-05-28,2148764.0,True,19.2,20.2,18.4
2023-05-29,2178661.0,True,23.2,28.5,19.0
2023-05-30,2403694.0,True,24.0,28.9,20.5
2023-05-31,2380903.0,True,22.8,28.2,18.8
2023-06-01,2378251.0,True,22.8,26.3,19.7
2023-06-02,2366441.0,True,20.4,25.0,17.9
2023-06-03,2104613.0,True,22.0,27.8,16.6
2023-06-04,1989828.0,True,22.1,28.0,16.9
2023-06-05,2234873.0,True,21.5,26.3,17.6
2023-06-06,2071249.0,True,20.3,25.2,17.3
2023-06-07,2435774.0,True,21.4,25.7,18.9
2023-06-08,2361771.0,True,20.4,23.9,18.3
2023-06-09,2344063.0,True,23.3,28.4,18.3
2023-06-10,2093675.0,True,23.2,28.5,19.6
2023-06-11,1993497.0,True,22.1,27.3,17.9
2023-06-12,2311138.0,True,22.2,27.5,18.4
2023-06-13,2325893.0,True,22.0,26.0,19.2
2023-06-14,2379629.0,True,20.6,25.0,17.5
2023-06-15,2336801.0,True,22.7,28.3,17.7
2023-06-16,2326214.0,True,23.7,28.9,19.1
2023-06-17,2038531.0,True,24.2,30.2,18.9
2023-06-18,1922379.0,True,25.9,32.6,20.8
2023-06-19,2316313.0,True,28.5,34.0,23.3
2023-06-20,2275729.0,True,24.7,26.4,21.4
2023-06-21,2314646.0,True,20.5,22.1,19.2
2023-06-22,2311855.0,True,22.5,26.4,18.9
2023-06-23,2322138.0,True,24.4,29.9,20.0
2023-06-24,2014354.0,True,26.4,31.1,21.9
2023-06-25,1873981.0,True,28.2,33.1,22.8
2023-06-26,2277203.0,True,24.2,27.5,22.3
2023-06-27,2285457.0,True,25.3,29.1,21.4
2023-06-28,2302308.0,True,26.5,30.1,24.2
2023-06-29,2355018.0,True,24.2,25.9,23.2
2023-06-30,2336965.0,True,25.3,29.1,23.2
2023-07-01,2105209.0,True,27.7,32.9,23.3
2023-07-02,1892643.0,True,26.7,30.6,23.5
2023-07-03,2359917.0,True,29.1,34.9,24.1
2023-07-04,2526017.0,True,26.1,29.2,24.5
2023-07-05,2347772.0,True,24.5,27.1,22.1
2023-07-06,2362251.0,True,27.3,31.8,22.4
2023-07-07,2350041.0,True,26.7,31.4,23.3
2023-07-08,1986721.0,True,25.6,29.7,22.4
2023-07-09,1900529.0,True,24.7,27.0,21.6
2023-07-10,2399696.0,True,26.3,30.9,22.9
2023-07-11,2454216.0,True,23.5,25.9,21.6
2023-07-12,2425154.0,True,25.8,29.1,22.0
2023-07-13,2474101.0,True,25.2,26.5,24.7
2023-07-14,2519468.0,True,24.6,25.1,23.9
2023-07-15,2174984.0,True,24.5,25.7,23.7
2023-07-16,2023957.0,True,24.6,25.4,23.7
2023-07-17,2401036.0,True,25.5,27.8,23.7
2023-07-18,2411441.0,True,25.2,27.7,24.1
2023-07-19,2410559.0,True,27.2,32.4,22.5
2023-07-20,2436568.0,True,27.9,32.8,24.0
2023-07-21,2420661.0,True,29.5,34.3,24.6
2023-07-22,2047967.0,True,27.7,32.5,24.6
2023-07-23,1894869.0,True,25.2,25.8,24.5
2023-07-24,2299243.0,True,26.9,30.0,24.6
2023-07-25,2347419.0,True,27.8,30.5,25.8
2023-07-26,2353244.0,True,27.6,31.1,24.9
2023-07-27,2350006.0,True,28.4,32.2,24.4
2023-07-28,2318746.0,True,29.5,34.1,25.4
2023-07-29,1915327.0,True,29.1,33.3,26.1
2023-07-30,1745805.0,True,28.8,34.9,24.9
2023-07-31,2218810.0,True,28.7,33.4,25.6
2023-08-01,2232948.0,True,29.9,34.2,25.5
2023-08-02,2234925.0,True,29.7,33.7,26.8
2023-08-03,2219704.0,True,29.5,33.8,25.8
2023-08-04,2210956.0,True,30.0,34.4,26.5
2023-08-05,1860291.0,True,30.3,34.9,26.4
2023-08-06,1758730.0,True,29.8,33.0,27.0
2023-08-07,2216209.0,True,30.4,34.6,27.3
2023-08-08,2200616.0,True,30.9,35.8,26.4
2023-08-09,2186340.0,True,28.3,31.6,25.1
2023-08-10,2132181.0,True,22.2,25.1,20.9
2023-08-11,2108270.0,True,23.5,24.9,21.6
2023-08-12,1838521.0,True,23.3,24.1,22.5
2023-08-13,1718327.0,True,27.0,31.1,22.6
2023-08-14,2165598.0,True,28.1,31.9,24.8
2023-08-15,1883952.0,True,28.6,32.7,24.7
2023-08-16,2319992.0,True,27.3,31.6,24.7
2023-08-17,2318930.0,True,28.2,32.4,24.5
2023-08-18,2351885.0,True,29.1,33.3,25.5
2023-08-19,1935228.0,True,29.1,33.6,26.4
2023-08-20,1803495.0,True,28.3,31.8,25.5
2023-08-21,2280666.0,True,29.5,33.6,26.0
2023-08-22,2322501.0,True,27.6,32.2,25.8
2023-08-23,2310950.0,True,24.8,27.2,23.2
2023-08-24,2276827.0,True,25.1,27.8,22.3
2023-08-25,2275247.0,True,26.5,30.0,24.0
2023-08-26,1915184.0,True,26.4,30.3,23.3
2023-08-27,1784253.0,True,26.1,29.6,22.7
2023-08-28,2270462.0,True,22.7,25.6,20.8
2023-08-29,2398022.0,True,23.9,25.5,22.5
2023-08-30,2337421.0,True,22.8,24.5,21.5
2023-08-31,2352262.0,True,23.9,28.9,21.0
2023-09-01,2306328.0,True,24.5,29.6,19.7
2023-09-02,1960713.0,True,25.4,30.8,19.7
2023-09-03,1828353.0,True,25.8,28.8,23.1
2023-09-04,2336718.0,True,27.0,30.2,24.3
2023-09-05,2375230.0,True,28.5,32.8,25.0
2023-09-06,2367497.0,True,27.9,32.1,24.0
2023-09-07,2390182.0,True,26.3,31.6,20.9
2023-09-08,2278200.0,True,25.3,30.5,19.6
2023-09-09,1940812.0,True,25.8,31.2,20.8
2023-09-10,1800330.0,True,25.7,29.6,22.0
2023-09-11,2231072.0,True,25.5,29.8,23.1
2023-09-12,2279354.0,True,25.7,29.8,21.7
2023-09-13,2276239.0,True,22.1,24.6,19.6
2023-09-14,2345789.0,True,23.4,27.2,19.2
2023-09-15,2240295.0,True,22.3,24.3,20.3
2023-09-16,2086661.0,True,23.9,26.6,22.0
2023-09-17,1848774.0,True,24.7,28.0,22.0
2023-09-18,2258386.0,True,24.7,28.9,22.1
2023-09-19,2282937.0,True,24.1,27.2,21.6
2023-09-20,2258998.0,True,20.6,23.9,18.8
2023-09-21,2289178.0,True,20.1,23.6,17.5
2023-09-22,2203270.0,True,20.5,26.7,15.2
2023-09-23,1968569.0,True,21.8,27.6,16.3
2023-09-24,1869618.0,True,21.8,26.2,17.9
2023-09-25,2191107.0,True,21.6,26.0,17.9
2023-09-26,2281694.0,True,19.9,20.8,18.6
2023-09-27,2249465.0,True,21.5,23.7,20.0
2023-09-28,1819984.0,True,22.7,27.3,19.6
2023-09-29,1593468.0,True,21.1,26.9,17.4
2023-09-30,1646612.0,True,19.7,22.2,17.1
2023-10-01,1777468.0,True,18.4,23.7,14.4
2023-10-02,1935593.0,True,18.2,24.6,12.9
2023-10-03,2068293.0,True,17.5,22.5,14.4
2023-10-04,2418483.0,True,17.3,23.2,14.2
2023-10-05,2793075.0,True,14.2,19.2,9.9
2023-10-06,2690295.0,True,15.5,21.5,9.6
2023-10-07,2484044.0,True,16.8,21.2,11.7
2023-10-08,2448904.0,True,17.1,19.5,15.2
2023-10-09,2593988.0,True,17.4,22.4,14.1
2023-10-10,2728311.0,True,17.1,23.5,11.9
2023-10-11,2688419.0,True,17.6,24.0,12.9
2023-10-12,2663352.0,True,17.5,24.1,12.0
2023-10-13,2641822.0,True,17.5,21.5,14.3
2023-10-14,2722834.0,True,14.7,18.2,12.9
2023-10-15,2682288.0,True,16.1,21.2,10.9
2023-10-16,2988634.0,True,14.7,19.6,10.7
2023-10-17,3150454.0,True,13.8,20.9,7.5
2023-10-18,3137247.0,True,15.7,21.6,9.2
2023-10-19,3058213.0,True,17.0,18.9,14.9
2023-10-20,3657787.0,True,11.6,15.1,7.2
2023-10-21,3971917.0,True,10.4,16.6,5.9
2023-10-22,3772384.0,True,12.5,18.7,5.4
2023-10-23,3496334.0,True,15.2,21.4,11.1
2023-10-24,3414888.0,True,15.6,19.3,11.2
2023-10-25,3337563.0,True,16.6,21.9,12.7
2023-10-26,3229255.0,True,17.2,21.1,14.6
2023-10-27,3271897.0,True,15.7,20.2,12.6
2023-10-28,3323459.0,True,14.2,20.7,9.4
2023-10-29,3286027.0,True,14.9,21.8,9.8
2023-10-30,3397027.0,True,15.1,21.9,9.7
2023-10-31,3352709.0,True,16.5,20.8,12.7
2023-11-01,3246119.0,True,19.0,20.6,17.2
2023-11-02,3111707.0,True,20.8,25.9,18.7
2023-11-03,2976722.0,True,19.5,22.4,17.7
2023-11-04,2925099.0,True,17.4,20.9,14.1
2023-11-05,2997420.0,True,17.3,20.4,15.1
2023-11-06,3675179.0,True,13.3,19.3,6.6
2023-11-07,4909065.0,True,5.8,9.9,3.6
2023-11-08,5120067.0,True,8.4,16.1,1.8
2023-11-09,4830185.0,True,11.4,18.4,5.9
2023-11-10,6398595.0,True,3.4,9.1,0.5
2023-11-11,7654817.0,True,1.7,6.7,-1.9
2023-11-12,8103779.0,True,1.2,5.7,-2.0
2023-11-13,8662752.0,True,2.0,6.7,-2.2
2023-11-14,8027869.0,True,5.0,10.8,-0.8
2023-11-15,7262920.0,True,7.0,12.5,2.0
2023-11-16,7164890.0,True,6.6,7.4,5.7
2023-11-17,8444733.0,True,1.6,5.9,-1.9
2023-11-18,9226191.0,True,0.6,5.7,-3.8
2023-11-19,8021819.0,True,5.9,13.4,-0.3
2023-11-20,7738509.0,True,6.2,12.8,1.8
2023-11-21,7076769.0,True,7.4,14.8,1.4
2023-11-22,6575830.0,True,9.5,15.1,2.9
2023-11-23,6404303.0,True,9.9,14.6,1.9
2023-11-24,9117576.0,True,-1.5,2.2,-4.4
2023-11-25,9536143.0,True,-1.3,4.0,-5.9
2023-11-26,8649030.0,True,4.0,7.2,-0.1
2023-11-27,8205015.0,True,6.2,9.3,4.4
2023-11-28,8996967.0,True,1.3,5.2,-1.2
2023-11-29,10461111.0,True,-1.4,3.0,-4.0
2023-11-30,11528426.0,True,-4.3,-0.5,-7.3
2023-12-01,11573430.0,True,-3.2,0.7,-6.8
2023-12-02,10157961.0,True,2.0,8.0,-4.4
2023-12-03,9528516.0,True,0.8,6.0,-2.8
2023-12-04,9483058.0,True,2.7,9.4,-3.0
2023-12-05,8274476.0,True,6.8,12.6,3.8
2023-12-06,8160475.0,True,6.1,8.7,3.9
2023-12-07,7878307.0,True,6.6,11.4,0.8
2023-12-08,6641517.0,True,11.2,16.8,5.1
2023-12-09,5574551.0,True,13.7,16.2,11.7
2023-12-10,5719886.0,True,11.4,15.5,6.7
2023-12-11,6530698.0,True,8.9,12.3,5.0
2023-12-12,7232693.0,True,5.4,9.3,3.5
2023-12-13,7304957.0,True,6.8,10.3,2.6
2023-12-14,7328006.0,True,7.6,9.1,6.2
2023-12-15,7980641.0,True,4.9,6.2,3.7
2023-12-16,10877382.0,True,-4.1,3.8,-9.9
2023-12-17,13327679.0,True,-9.8,-6.4,-12.4
2023-12-18,14039483.0,True,-7.7,-3.6,-12.2
2023-12-19,13179937.0,True,-3.7,0.2,-8.2
2023-12-20,13935362.0,True,-7.4,-2.1,-11.9
2023-12-21,15501327.0,True,-11.7,-8.0,-14.4
2023-12-22,15900082.0,True,-11.6,-8.0,-14.7
2023-12-23,14203596.0,True,-6.8,-0.9,-12.7
2023-12-24,12369858.0,True,-2.2,3.0,-5.6
2023-12-25,11610660.0,True,-0.7,2.1,-2.7
2023-12-26,11064098.0,True,1.9,7.2,-2.6
2023-12-27,10687586.0,True,1.5,6.8,-2.8
2023-12-28,10466120.0,True,1.2,4.4,-1.7
2023-12-29,10293196.0,True,1.3,4.6,-1.5
2023-12-30,10197548.0,True,0.6,2.1,-0.9
2023-12-31,9525751.0,True,2.1,4.3,0.6
2024-01-01,9344668.0,True,3.3,7.3,-0.3
2024-01-02,9582635.0,True,2.9,4.3,2.2
2024-01-03,9656417.0,True,1.8,4.0,-1.1
2024-01-04,10044234.0,True,1.4,4.7,-3.3
2024-01-05,8927254.0,True,5.0,9.1,1.4
2024-01-06,9754812.0,True,0.7,5.2,-2.7
2024-01-07,11231969.0,True,-4.4,-0.9,-8.3
2024-01-08,12319101.0,True,-4.7,0.0,-10.3
2024-01-09,11169826.0,True,-0.6,0.4,-1.9
2024-01-10,10933761.0,True,-1.0,3.3,-4.1
2024-01-11,10538814.0,True,1.7,4.5,-2.4
2024-01-12,10019698.0,True,0.9,4.2,-1.4
2024-01-13,9947394.0,True,0.4,6.4,-3.8
2024-01-14,10384566.0,True,-0.6,2.4,-3.3
2024-01-15,11632238.0,True,-3.7,0.9,-6.9
2024-01-16,11362143.0,True,-2.1,4.3,-7.2
2024-01-17,10948659.0,True,0.6,1.9,-2.3
2024-01-18,9552174.0,True,4.5,9.4,1.4
2024-01-19,8670085.0,True,5.4,9.0,4.0
2024-01-20,9239704.0,True,3.4,4.9,1.9
2024-01-21,9829916.0,True,1.7,4.3,-2.4
2024-01-22,13221806.0,True,-8.7,-2.4,-11.9
2024-01-23,14771580.0,True,-11.7,-8.2,-14.0
2024-01-24,14362217.0,True,-8.0,-3.7,-11.2
2024-01-25,13231675.0,True,-5.3,-0.5,-9.7
2024-01-26,11934083.0,True,-1.7,4.0,-6.9
2024-01-27,10912227.0,True,-0.5,4.6,-4.6
2024-01-28,10753695.0,True,-1.5,3.8,-5.0
2024-01-29,10874389.0,True,-0.4,4.6,-4.8
2024-01-30,10192597.0,True,1.4,8.1,-4.0
2024-01-31,9216799.0,True,4.7,10.6,0.7
2024-02-01,9189410.0,True,2.4,8.2,-1.3
2024-02-02,9291679.0,True,3.1,7.9,0.7
2024-02-03,8972065.0,True,4.7,8.3,-0.2
2024-02-04,8130283.0,True,7.3,12.2,3.7
2024-02-05,9085371.0,True,2.7,6.6,0.1
2024-02-06,9739614.0,True,1.2,2.9,0.0
2024-02-07,9880028.0,True,0.6,2.7,-0.9
2024-02-08,9698129.0,True,0.6,6.2,-3.0
2024-02-09,9348195.0,True,1.1,6.1,-2.5
2024-02-10,9221591.0,True,1.7,7.4,-1.5
2024-02-11,9390092.0,True,1.0,5.5,-3.1
2024-02-12,8884002.0,True,3.5,10.5,-2.9
2024-02-13,7952673.0,True,8.2,13.7,2.0
2024-02-14,6324108.0,True,12.9,18.3,8.8
2024-02-15,7645985.0,True,4.5,11.6,0.6
2024-02-16,8613337.0,True,2.3,8.1,-1.5
2024-02-17,8094852.0,True,4.4,11.7,-1.2
2024-02-18,8018117.0,True,6.2,9.4,1.2
2024-02-19,7412601.0,True,9.1,11.9,4.2
2024-02-20,8293596.0,True,4.3,6.8,2.8
2024-02-21,9315102.0,True,1.9,4.0,0.0
2024-02-22,10040205.0,True,0.2,1.6,-1.1
2024-02-23,9613474.0,True,1.8,6.1,-1.0
2024-02-24,9248744.0,True,2.0,5.9,-1.3
2024-02-25,8870304.0,True,2.8,5.9,0.8
2024-02-26,8761980.0,True,3.8,9.7,-1.2
2024-02-27,8502566.0,True,5.3,9.8,1.2
2024-02-28,7920776.0,True,6.4,10.1,3.2
2024-02-29,8204959.0,True,4.8,9.6,0.3
2024-03-01,10306202.0,True,-4.1,0.3,-7.1
2024-03-02,10357282.0,True,-0.5,4.1,-8.1
2024-03-03,8832967.0,True,4.0,7.8,0.4
2024-03-04,8561495.0,True,5.4,11.7,-1.8
2024-03-05,7744310.0,True,8.0,11.0,5.5
2024-03-06,7708667.0,True,6.2,10.3,2.5
2024-03-07,8091003.0,True,3.9,8.2,1.2
2024-03-08,8564760.0,True,2.1,6.5,-0.7
2024-03-09,8531953.0,True,2.0,7.1,-2.1
2024-03-10,7996259.0,True,4.2,10.6,-1.8
2024-03-11,7703906.0,True,6.2,10.8,2.0
2024-03-12,7366378.0,True,6.6,10.0,4.4
2024-03-13,7331288.0,True,6.5,12.0,1.3
2024-03-14,6651212.0,True,8.5,15.4,3.4
2024-03-15,6226090.0,True,8.9,14.5,4.0
2024-03-16,5709270.0,True,10.9,18.3,4.4
2024-03-17,5884063.0,True,8.8,12.2,5.4
2024-03-18,6445245.0,True,7.1,13.2,1.4
2024-03-19,6833432.0,True,6.7,9.8,3.9
2024-03-20,7416882.0,True,4.4,8.7,1.2
2024-03-21,7262265.0,True,5.0,11.5,-1.2
2024-03-22,6531590.0,True,10.4,15.2,3.8
2024-03-23,5194761.0,True,13.0,18.2,9.3
2024-03-24,4565518.0,True,16.2,23.4,10.5
2024-03-25,5154128.0,True,10.6,14.5,6.7
2024-03-26,5872388.0,True,7.4,12.4,3.2
2024-03-27,5489369.0,True,10.4,16.2,4.4
2024-03-28,5324218.0,True,10.3,12.2,7.8
2024-03-29,5839048.0,True,7.6,12.3,5.0
2024-03-30,5704294.0,True,8.8,15.6,3.0
2024-03-31,5528870.0,True,10.6,17.7,3.4
2024-04-01,5197281.0,True,12.2,19.0,5.5
2024-04-02,4616073.0,True,15.4,23.9,7.0
2024-04-03,4210337.0,True,16.6,19.7,13.9
2024-04-04,4127383.0,True,15.5,20.3,12.4
2024-04-05,4116812.0,True,14.0,18.8,10.2
2024-04-06,4031184.0,True,12.7,18.9,8.0
2024-04-07,3909376.0,True,14.8,23.4,7.7
2024-04-08,3826374.0,True,16.2,22.8,11.0
2024-04-09,3762573.0,True,15.3,20.8,10.6
2024-04-10,3658463.0,True,13.8,18.5,10.2
2024-04-11,3724143.0,True,15.5,21.1,11.7
2024-04-12,3533226.0,True,17.2,24.2,12.0
2024-04-13,3229526.0,True,19.1,27.3,11.2
2024-04-14,2990163.0,True,20.8,29.4,13.6
2024-04-15,3341577.0,True,16.0,20.0,11.7
2024-04-16,3639827.0,True,13.3,17.9,11.5
2024-04-17,3516429.0,True,15.0,21.8,9.7
2024-04-18,3370293.0,True,17.3,24.9,10.7
2024-04-19,3245332.0,True,17.6,24.3,11.5
2024-04-20,3290407.0,True,14.9,17.2,13.0
2024-04-21,3148401.0,True,17.2,21.7,13.3
2024-04-22,3169178.0,True,18.8,24.1,15.0
2024-04-23,3234211.0,True,17.3,24.2,13.2
2024-04-24,3452855.0,True,13.2,16.5,11.0
2024-04-25,3395790.0,True,14.4,20.8,10.3
2024-04-26,3160439.0,True,17.8,26.0,11.4
2024-04-27,2937204.0,True,18.2,26.2,11.5
2024-04-28,2869808.0,True,20.7,28.9,13.0
2024-04-29,2823063.0,True,20.9,26.1,16.9
2024-04-30,2818792.0,True,18.6,22.5,16.0
2024-05-01,2723348.0,True,18.5,24.0,13.9
2024-05-02,2972413.0,True,18.1,23.7,12.4
2024-05-03,2832359.0,True,19.7,27.9,12.2
2024-05-04,2542744.0,True,21.4,28.5,14.6
2024-05-05,2529451.0,True,17.8,20.6,15.7
2024-05-06,2876282.0,True,13.9,15.7,13.4
2024-05-07,3401595.0,True,13.3,15.0,12.2
2024-05-08,3276471.0,True,14.7,21.4,9.0
2024-05-09,3050160.0,True,16.1,21.8,10.9
2024-05-10,2931119.0,True,17.9,23.8,12.5
2024-05-11,2880710.0,True,17.0,22.0,14.0
2024-05-12,2737846.0,True,16.6,21.6,11.9
2024-05-13,2921810.0,True,18.3,24.5,11.9
2024-05-14,2803137.0,True,18.8,24.7,12.7
2024-05-15,3147273.0,True,12.6,18.8,7.2
2024-05-16,3288056.0,True,13.7,19.8,6.9
2024-05-17,2998261.0,True,18.3,24.9,10.8
2024-05-18,2623105.0,True,20.7,26.5,16.0
2024-05-19,2557872.0,True,21.5,27.9,15.9
2024-05-20,2769419.0,True,19.4,22.8,16.8
2024-05-21,2735372.0,True,21.7,28.3,16.3
2024-05-22,2696174.0,True,20.5,25.5,16.4
2024-05-23,2645948.0,True,20.2,26.4,15.8
2024-05-24,2586742.0,True,20.1,24.7,15.7
2024-05-25,2335085.0,True,21.4,24.7,18.7
2024-05-26,2300601.0,True,19.9,23.7,17.0
2024-05-27,2589021.0,True,18.5,22.6,14.1
2024-05-28,2571111.0,True,20.4,26.1,14.3
2024-05-29,2569866.0,True,21.2,26.8,15.4
2024-05-30,2552339.0,True,20.7,24.6,16.2
2024-05-31,2532699.0,True,20.4,25.4,16.9
2024-06-01,2254996.0,True,20.7,25.2,17.5
2024-06-02,2197147.0,True,20.4,25.8,15.7
2024-06-03,2522613.0,True,22.2,28.7,15.7
2024-06-04,2553481.0,True,22.8,29.3,16.3
2024-06-05,2467901.0,True,23.6,30.1,18.1
2024-06-06,2125057.0,True,24.1,31.4,19.3
2024-06-07,2351516.0,True,23.1,28.0,18.3
2024-06-08,2178906.0,True,20.3,25.0,17.9
2024-06-09,2134398.0,True,22.9,28.8,17.4
2024-06-10,2468359.0,True,24.7,31.1,19.0
2024-06-11,2478527.0,True,25.4,31.6,21.7
2024-06-12,2510702.0,True,24.8,31.8,19.2
2024-06-13,2495930.0,True,26.4,32.8,20.0
2024-06-14,2504245.0,True,26.3,33.0,21.4
2024-06-15,2172149.0,True,24.2,28.2,21.8
2024-06-16,2043802.0,True,24.3,29.5,19.9
2024-06-17,2407294.0,True,24.8,30.2,18.9
2024-06-18,2501319.0,True,26.0,32.9,20.4
2024-06-19,2723726.0,True,28.8,35.8,21.4
2024-06-20,2546793.0,True,29.4,35.4,23.4
2024-06-21,2465321.0,True,28.1,33.9,22.9
2024-06-22,2124877.0,True,24.2,26.1,22.6
2024-06-23,2003903.0,True,25.1,30.1,22.5
2024-06-24,2379351.0,True,24.3,27.9,21.2
2024-06-25,2364253.0,True,22.9,27.2,19.1
2024-06-26,2387716.0,True,24.9,31.6,18.9
2024-06-27,2376120.0,True,26.3,31.6,20.6
2024-06-28,2337804.0,True,26.6,32.5,21.3
2024-06-29,2041006.0,True,26.7,32.3,21.6
2024-06-30,1950567.0,True,23.5,24.9,22.0
2024-07-01,2398694.0,True,26.3,31.3,22.0
2024-07-02,2381504.0,True,23.2,25.2,21.9
2024-07-03,2367013.0,True,24.7,25.9,23.6
2024-07-04,2455735.0,True,26.8,30.6,23.2
2024-07-05,2356637.0,True,23.4,26.1,21.3
2024-07-06,2079960.0,True,25.1,30.0,22.1
2024-07-07,1972845.0,True,24.4,28.2,21.5
2024-07-08,2384543.0,True,23.8,24.5,23.1
2024-07-09,2381769.0,True,24.5,26.7,22.7
2024-07-10,2429701.0,True,26.6,31.1,22.7
2024-07-11,2444461.0,True,25.7,28.9,23.3
2024-07-12,2416413.0,True,25.6,30.2,21.8
2024-07-13,2092865.0,True,28.1,33.3,23.5
2024-07-14,1952464.0,True,28.4,32.1,24.9
2024-07-15,2484097.0,True,28.4,31.3,24.5
2024-07-16,2409710.0,True,27.0,30.7,24.6
2024-07-17,2459724.0,True,25.4,28.1,24.1
2024-07-18,2419092.0,True,24.3,25.6,23.1
2024-07-19,2395398.0,True,27.0,30.8,24.2
2024-07-20,2099930.0,True,27.2,30.6,25.1
2024-07-21,2021377.0,True,26.5,29.8,22.5
2024-07-22,2487000.0,True,26.6,27.9,24.3
2024-07-23,2507877.0,True,26.4,27.3,25.8
2024-07-24,2561281.0,True,28.1,30.9,26.0
2024-07-25,2571352.0,True,28.8,32.2,25.4
2024-07-26,2588671.0,True,28.7,32.7,25.2
2024-07-27,2302709.0,True,28.9,31.7,27.5
2024-07-28,2067550.0,True,29.2,32.2,27.3
2024-07-29,2489552.0,True,27.4,27.8,26.8
2024-07-30,2488614.0,True,28.6,31.9,26.3
2024-07-31,2469153.0,True,29.4,33.3,27.0
2024-08-01,2446222.0,True,29.9,33.2,27.3
2024-08-02,2433075.0,True,29.6,32.5,28.2
2024-08-03,2109232.0,True,30.2,34.2,27.2
2024-08-04,2015105.0,True,31.8,36.2,27.3
2024-08-05,2403903.0,True,30.0,33.7,26.9
2024-08-06,2427267.0,True,29.5,33.5,25.6
2024-08-07,2402586.0,True,29.6,33.4,27.2
2024-08-08,2326567.0,True,28.5,31.6,26.9
2024-08-09,2339775.0,True,29.3,33.6,25.6
2024-08-10,2000305.0,True,30.0,33.6,26.4
2024-08-11,1857486.0,True,30.8,34.4,27.8
2024-08-12,2358314.0,True,31.1,34.1,28.2
2024-08-13,2407594.0,True,31.3,36.4,28.1
2024-08-14,2395059.0,True,30.0,34.9,27.3
2024-08-15,1914569.0,True,29.2,34.6,26.7
2024-08-16,2299732.0,True,29.8,34.3,26.8
2024-08-17,1931628.0,True,29.8,34.0,27.2
2024-08-18,1814538.0,True,29.5,33.9,27.0
2024-08-19,2320405.0,True,29.7,35.3,26.3
2024-08-20,2406388.0,True,31.4,35.4,27.0
2024-08-21,2440563.0,True,28.4,30.8,26.9
2024-08-22,2406770.0,True,28.6,30.3,27.1
2024-08-23,2361264.0,True,28.4,31.8,26.4
2024-08-24,1927050.0,True,27.6,30.9,25.1
2024-08-25,1788012.0,True,28.5,32.7,24.9
2024-08-26,2324022.0,True,28.1,30.6,25.6
2024-08-27,2287387.0,True,26.5,30.3,24.6
2024-08-28,2286605.0,True,28.2,33.2,23.0
2024-08-29,2325016.0,True,28.4,33.5,23.4
2024-08-30,2329429.0,True,28.0,32.9,23.7
2024-08-31,1910034.0,True,27.6,33.0,22.6
2024-09-01,1781431.0,True,27.1,31.6,24.6
2024-09-02,2220947.0,True,24.5,26.9,22.2
2024-09-03,2302930.0,True,27.0,32.0,23.2
2024-09-04,2304717.0,True,27.9,33.3,23.2
2024-09-05,2354485.0,True,26.3,28.8,25.6
2024-09-06,2421151.0,True,24.0,25.7,23.3
2024-09-07,2000921.0,True,26.5,31.3,22.8
2024-09-08,1876674.0,True,27.2,32.8,22.6
2024-09-09,2576578.0,True,28.5,34.1,24.1
2024-09-10,2655055.0,True,29.4,33.9,25.6
2024-09-11,2545587.0,True,29.0,34.6,25.4
2024-09-12,2498171.0,True,25.4,27.1,24.8
2024-09-13,2351833.0,True,25.9,28.0,24.2
2024-09-14,1931376.0,True,28.0,32.2,25.2
2024-09-15,1782269.0,True,27.5,32.4,24.2
2024-09-16,1724783.0,True,26.8,32.2,21.3
2024-09-17,1620471.0,True,28.6,33.2,25.8
2024-09-18,1765367.0,True,29.4,33.6,26.5
2024-09-19,2391733.0,True,29.1,32.6,25.6
2024-09-20,2386892.0,True,25.0,28.6,17.9
2024-09-21,1939928.0,True,19.3,21.9,17.1
2024-09-22,1836096.0,True,21.0,26.7,16.9
2024-09-23,2198458.0,True,20.8,26.1,16.6
2024-09-24,2242665.0,True,21.0,26.9,15.6
2024-09-25,2293661.0,True,23.3,27.3,18.6
2024-09-26,2324339.0,True,23.6,28.0,21.1
2024-09-27,2316429.0,True,22.7,28.0,19.1
2024-09-28,2048043.0,True,23.2,27.9,19.2
2024-09-29,1925908.0,True,23.5,29.0,19.1
2024-09-30,2231406.0,True,23.0,28.5,18.3
2024-10-01,2077278.0,True,18.3,21.7,13.3
2024-10-02,2361222.0,True,14.9,19.9,11.6
2024-10-03,2201948.0,True,16.4,22.5,10.8
2024-10-04,2321534.0,True,17.6,24.2,11.9
2024-10-05,2216167.0,True,17.5,24.4,11.6
2024-10-06,2315150.0,True,15.4,17.9,12.3
2024-10-07,2479426.0,True,16.9,20.7,14.0
2024-10-08,2486706.0,True,17.7,23.9,12.7
2024-10-09,2318921.0,True,18.8,24.4,13.9
2024-10-10,2457276.0,True,18.8,24.1,15.3
2024-10-11,2447907.0,True,18.6,24.4,13.9
2024-10-12,2299962.0,True,18.3,24.7,13.4
2024-10-13,2276896.0,True,18.3,22.6,12.6
2024-10-14,2444994.0,True,19.3,21.5,17.6
2024-10-15,2440799.0,True,19.2,21.9,17.6
2024-10-16,2443757.0,True,18.2,24.2,14.4
2024-10-17,2456902.0,True,19.0,25.7,13.8
2024-10-18,2571498.0,True,17.4,18.8,16.2
2024-10-19,2541758.0,True,16.6,21.1,12.4
2024-10-20,2845536.0,True,13.4,17.8,10.5
2024-10-21,3036448.0,True,14.8,19.3,9.7
2024-10-22,3067427.0,True,15.5,16.6,14.9
2024-10-23,3368700.0,True,12.7,15.5,9.4
2024-10-24,3518419.0,True,12.5,18.4,7.1
2024-10-25,3325338.0,True,14.9,21.5,8.7
2024-10-26,2940757.0,True,17.0,24.0,10.7
2024-10-27,2837467.0,True,16.0,18.8,14.0
2024-10-28,3081238.0,True,15.7,20.4,12.3
2024-10-29,3182159.0,True,15.0,18.3,13.4
2024-10-30,3381704.0,True,15.7,21.4,11.4
2024-10-31,3233560.0,True,15.9,22.6,11.0
2024-11-01,3219469.0,True,15.3,18.7,12.9
2024-11-02,2922962.0,True,18.1,25.1,13.0
2024-11-03,2776619.0,True,17.6,23.5,13.0
2024-11-04,3210425.0,True,14.8,18.3,8.9
2024-11-05,4125186.0,True,9.1,14.7,5.6
2024-11-06,4736870.0,True,7.5,12.5,4.1
2024-11-07,5136088.0,True,7.8,15.7,1.6
2024-11-08,4937512.0,True,10.2,18.1,3.1
2024-11-09,4428309.0,True,12.9,20.3,6.8
2024-11-10,4053254.0,True,14.4,21.0,10.3
2024-11-11,3926803.0,True,14.6,21.8,9.7
2024-11-12,3794429.0,True,14.3,19.2,11.0
2024-11-13,3877292.0,True,14.2,21.3,8.3
2024-11-14,3832673.0,True,14.8,16.8,13.2
2024-11-15,3498803.0,True,17.0,21.5,13.7
2024-11-16,3349667.0,True,17.0,22.6,14.4
2024-11-17,4830547.0,True,7.0,14.4,2.1
2024-11-18,6746702.0,True,2.8,7.9,-0.7
2024-11-19,6681665.0,True,5.7,11.3,0.3
2024-11-20,6625023.0,True,6.5,9.6,2.4
2024-11-21,6074578.0,True,9.7,14.1,6.0
2024-11-22,6302298.0,True,6.2,10.6,3.3
2024-11-23,6197084.0,True,6.4,12.6,1.5
2024-11-24,5978132.0,True,7.4,14.2,2.6
2024-11-25,6045323.0,True,10.1,15.4,3.6
2024-11-26,6646140.0,True,5.8,12.7,1.0
2024-11-27,8477869.0,True,-0.4,1.2,-1.3
2024-11-28,8627364.0,True,0.8,3.4,-1.7
2024-11-29,8937660.0,True,0.2,3.4,-3.4
2024-11-30,8276626.0,True,2.5,5.6,-0.5
2024-12-01,7690261.0,True,5.2,8.2,1.6
2024-12-02,7494067.0,True,6.4,13.0,0.6
2024-12-03,8789750.0,True,1.3,5.2,-2.4
2024-12-04,8523565.0,True,3.1,6.9,-0.6
2024-12-05,8586097.0,True,3.9,8.8,-0.1
2024-12-06,8902693.0,True,2.1,5.2,-0.4
2024-12-07,9048369.0,True,0.2,4.6,-2.5
2024-12-08,9522084.0,True,-0.2,4.1,-3.9
2024-12-09,9682651.0,True,1.0,7.4,-3.8
2024-12-10,9149632.0,True,2.6,6.9,-1.9
2024-12-11,9070238.0,True,3.0,8.2,0.2
2024-12-12,9650398.0,True,0.5,5.4,-3.2
2024-12-13,9818585.0,True,1.0,4.5,-1.5
2024-12-14,9830387.0,True,-0.8,2.5,-3.6
2024-12-15,9577547.0,True,1.2,5.4,-2.2
2024-12-16,10323192.0,True,-0.2,3.9,-3.3
2024-12-17,10607900.0,True,-0.8,3.8,-3.5
2024-12-18,11404869.0,True,-3.4,0.9,-6.2
2024-12-19,11404963.0,True,-1.4,4.9,-6.7
2024-12-20,10678016.0,True,1.4,5.3,-2.1
2024-12-21,10637054.0,True,-0.7,1.9,-4.7
2024-12-22,11262585.0,True,-3.4,1.0,-7.7
2024-12-23,10981121.0,True,0.3,6.7,-5.0
2024-12-24,10777775.0,True,-0.4,5.1,-4.3
2024-12-25,9664340.0,True,2.7,6.5,-1.1
2024-12-26,10291730.0,True,0.1,4.2,-4.8
2024-12-27,11181093.0,True,-2.6,1.8,-5.9
2024-12-28,11121025.0,True,-3.0,1.1,-6.7
2024-12-29,10209337.0,True,1.1,6.1,-4.2
2024-12-30,9323740.0,True,5.5,10.1,1.9
2024-12-31,9805464.0,True,0.6,4.9,-2.0
2025-01-01,9165877.0,True,2.6,8.9,-2.5
2025-01-02,9882188.0,True,0.5,6.0,-2.9
2025-01-03,10529798.0,True,-1.1,3.2,-5.1
2025-01-04,10129236.0,True,-0.1,5.7,-5.4
2025-01-05,9926118.0,True,1.2,2.5,-0.7
2025-01-06,10318452.0,True,1.0,3.4,-3.0
2025-01-07,11193814.0,True,-2.6,1.5,-5.7
2025-01-08,11973261.0,True,-3.4,0.2,-6.1
2025-01-09,14156012.0,True,-9.7,-6.1,-11.6
2025-01-10,13775691.0,True,-7.3,-1.7,-12.2
2025-01-11,12849341.0,True,-5.1,0.4,-9.5
2025-01-12,12340087.0,True,-3.4,2.5,-8.2
2025-01-13,11922908.0,True,-0.4,4.1,-5.6
2025-01-14,10585282.0,True,2.3,5.2,-1.7
2025-01-15,11707749.0,True,-3.5,-0.5,-5.3
2025-01-16,11401230.0,True,-0.5,2.8,-4.9
2025-01-17,10802054.0,True,-0.5,5.6,-4.9
2025-01-18,10159155.0,True,1.0,7.5,-4.0
2025-01-19,9392652.0,True,3.8,9.0,-1.2
2025-01-20,9226200.0,True,3.9,7.5,0.9
2025-01-21,9403706.0,True,2.4,6.3,-1.0
2025-01-22,8951669.0,True,3.6,7.7,0.5
2025-01-23,9206550.0,True,2.0,7.7,-2.4
2025-01-24,9007665.0,True,3.1,10.6,-2.7
2025-01-25,8285265.0,True,5.2,11.4,1.2
2025-01-26,8224393.0,True,4.6,7.5,1.8
2025-01-27,9162716.0,True,0.2,5.1,-2.7
2025-01-28,10628306.0,True,-3.9,-2.5,-5.3
2025-01-29,10925134.0,True,-4.6,-1.3,-6.4
2025-01-30,11548948.0,True,-3.8,-1.0,-7.5
2025-01-31,11823244.0,True,-0.8,0.7,-2.6
2025-02-01,10586712.0,True,1.6,7.9,-2.0
2025-02-02,10284226.0,True,1.5,6.8,-2.5
2025-02-03,12042760.0,True,-4.1,0.6,-8.2
2025-02-04,13521932.0,True,-9.0,-5.3,-11.5
2025-02-05,14006491.0,True,-8.6,-3.7,-11.8
2025-02-06,13465155.0,True,-5.6,-0.2,-11.5
2025-02-07,13946819.0,True,-8.0,-4.7,-10.7
2025-02-08,13922175.0,True,-7.9,-3.4,-11.5
2025-02-09,12818760.0,True,-4.7,1.7,-9.6
2025-02-10,12557902.0,True,-2.6,2.6,-7.5
2025-02-11,11441884.0,True,0.5,7.0,-5.7
2025-02-12,11412044.0,True,0.5,2.5,-2.9
2025-02-13,11009944.0,True,0.2,6.1,-5.8
2025-02-14,9556171.0,True,3.7,10.1,-1.6
2025-02-15,9225914.0,True,4.1,7.8,0.4
2025-02-16,8929807.0,True,4.3,9.7,0.4
2025-02-17,10242758.0,True,-0.3,3.5,-3.4
2025-02-18,10914550.0,True,-2.3,2.6,-5.2
2025-02-19,11266347.0,True,-3.0,1.2,-5.8
2025-02-20,11277658.0,True,-2.9,1.9,-6.5
2025-02-21,11378154.0,True,-2.5,2.6,-6.4
2025-02-22,10988049.0,True,-2.3,2.7,-5.6
2025-02-23,11347559.0,True,-3.6,0.5,-6.5
2025-02-24,11240368.0,True,-1.3,4.7,-6.3
2025-02-25,10317404.0,True,2.1,6.1,-3.1
2025-02-26,9232837.0,True,3.7,9.1,0.7
2025-02-27,8441017.0,True,5.8,14.2,-2.0
2025-02-28,7448836.0,True,7.8,13.7,3.7
2025-03-01,7057700.0,True,8.5,13.0,3.4
2025-03-02,6893524.0,True,8.3,15.6,2.2
2025-03-03,8039264.0,True,3.1,7.1,1.0
2025-03-04,9147624.0,True,2.5,3.4,0.9
2025-03-05,8461348.0,True,4.8,9.2,2.3
2025-03-06,8023688.0,True,4.8,10.4,-0.4
2025-03-07,7678844.0,True,5.3,11.1,0.0
2025-03-08,7080411.0,True,5.8,11.2,2.8
2025-03-09,6881199.0,True,6.9,13.5,1.2
2025-03-10,6855638.0,True,8.0,14.9,2.4
2025-03-11,6228735.0,True,9.4,16.6,2.9
2025-03-12,6334298.0,True,8.5,11.8,6.7
2025-03-13,6106045.0,True,8.9,15.0,3.2
2025-03-14,5583010.0,True,12.4,20.1,5.0
2025-03-15,5227921.0,True,12.6,17.2,10.0
2025-03-16,6415002.0,True,4.9,10.1,1.3
2025-03-17,7597832.0,True,2.5,6.8,-1.3
2025-03-18,8088639.0,True,2.1,5.6,0.3
2025-03-19,7792047.0,True,2.4,7.3,-1.9
2025-03-20,6817598.0,True,8.2,15.0,2.2
2025-03-21,5685526.0,True,11.6,18.7,7.9
2025-03-22,4913085.0,True,12.8,19.9,6.1
2025-03-23,4379804.0,True,15.2,24.0,7.1
2025-03-24,4337262.0,True,15.5,21.3,11.7
2025-03-25,4347864.0,True,12.7,21.4,8.4
2025-03-26,4257829.0,True,15.5,23.9,6.0
2025-03-27,4255970.0,True,13.7,18.6,7.1
2025-03-28,5322792.0,True,6.5,11.8,3.1
2025-03-29,6381280.0,True,3.3,6.7,0.6
2025-03-30,6963106.0,True,3.3,7.6,-1.8
2025-03-31,6352274.0,True,7.7,14.1,1.2
2025-04-01,5651830.0,True,10.1,17.0,3.9
2025-04-02,5829189.0,True,8.9,14.4,5.2
2025-04-03,5496511.0,True,9.8,16.9,3.6
2025-04-04,5242084.0,True,10.6,16.4,6.0
2025-04-05,5662497.0,True,8.0,9.5,7.5
2025-04-06,5202184.0,True,10.3,15.7,6.9
2025-04-07,4911573.0,True,13.5,20.1,5.5
2025-04-08,4446199.0,True,13.8,18.9,10.7
2025-04-09,4589265.0,True,12.7,18.0,8.4
2025-04-10,4285151.0,True,13.2,19.1,8.8
2025-04-11,3993626.0,True,16.2,24.2,8.1
2025-04-12,4125637.0,True,12.9,22.5,1.4
2025-04-13,5432485.0,True,5.5,8.2,1.1
2025-04-14,6403042.0,True,4.4,6.0,2.6
2025-04-15,5739772.0,True,8.2,14.0,2.3
2025-04-16,4774651.0,True,14.6,21.9,6.4
2025-04-17,3879231.0,True,19.7,24.7,15.8
2025-04-18,3548823.0,True,18.6,23.7,15.4
2025-04-19,3611125.0,True,15.3,20.0,12.2
2025-04-20,3333952.0,True,16.7,24.1,9.5
2025-04-21,3187146.0,True,20.7,27.1,14.2
2025-04-22,3260264.0,True,17.8,20.4,14.2
2025-04-23,3314562.0,True,16.8,22.9,10.9
2025-04-24,3331709.0,True,14.7,19.6,10.7
2025-04-25,3610405.0,True,12.5,17.8,7.7
2025-04-26,3432214.0,True,13.8,20.0,7.2
2025-04-27,3266504.0,True,14.9,19.1,10.7
2025-04-28,3395445.0,True,15.1,20.2,10.3
2025-04-29,3518831.0,True,14.8,21.0,8.2
2025-04-30,3192873.0,True,18.4,25.8,10.0
2025-05-01,3246917.0,True,14.7,17.6,11.3
2025-05-02,3354843.0,True,13.4,18.5,8.2
2025-05-03,3571949.0,True,11.2,14.0,9.5
2025-05-04,3259589.0,True,13.7,19.9,8.2
2025-05-05,3476636.0,True,12.1,15.0,9.3
2025-05-06,3450823.0,True,14.4,19.5,8.5
2025-05-07,3448671.0,True,14.9,21.1,9.9
2025-05-08,3337933.0,True,17.4,24.9,9.7
2025-05-09,3506161.0,True,15.1,17.4,14.1
2025-05-10,3670132.0,True,12.3,15.3,11.6
2025-05-11,3317394.0,True,14.7,20.2,11.4
2025-05-12,3421209.0,True,17.0,23.6,9.8
2025-05-13,3077720.0,True,19.9,25.8,13.3
2025-05-14,2961406.0,True,21.0,26.7,14.1
2025-05-15,2914500.0,True,19.5,22.2,16.8
2025-05-16,3018260.0,True,19.4,22.0,17.8
2025-05-17,2813333.0,True,18.3,24.3,14.7
2025-05-18,2764212.0,True,15.6,21.0,11.4
2025-05-19,3067617.0,True,16.1,20.9,10.5
2025-05-20,3006511.0,True,22.2,27.3,17.4
2025-05-21,3122287.0,True,25.5,30.8,22.3
2025-05-22,2842351.0,True,23.9,28.5,20.0
2025-05-23,2780729.0,True,19.4,22.2,15.4
2025-05-24,2660445.0,True,15.6,19.3,13.0
2025-05-25,2620017.0,True,17.4,22.6,11.7
2025-05-26,2843419.0,True,19.7,26.2,13.0
2025-05-27,2832641.0,True,20.8,27.0,14.7
2025-05-28,2786971.0,True,20.8,26.9,16.3
2025-05-29,2765518.0,True,21.2,27.3,15.3
2025-05-30,2839243.0,True,22.2,28.3,16.7
2025-05-31,2419407.0,True,21.5,27.0,16.4
2025-06-01,2297790.0,True,22.6,29.3,17.0
2025-06-02,2555580.0,True,21.0,23.1,19.2
2025-06-03,2298178.0,True,20.9,25.3,17.0
2025-06-04,2588416.0,True,20.5,25.3,15.2
2025-06-05,2587196.0,True,21.7,27.1,15.6
2025-06-06,2244848.0,True,24.1,30.0,17.7
2025-06-07,2281947.0,True,23.7,28.2,19.8
2025-06-08,2383270.0,True,25.1,30.4,21.4
2025-06-09,2682727.0,True,24.2,30.2,20.6
2025-06-10,2606870.0,True,21.7,25.3,18.8
2025-06-11,2570263.0,True,22.7,28.5,15.9
2025-06-12,2751437.0,True,25.5,33.1,17.9
2025-06-13,2593224.0,True,24.0,29.4,20.1
2025-06-14,2253324.0,True,25.6,32.1,20.3
2025-06-15,2166045.0,True,26.3,33.2,21.7
2025-06-16,2550180.0,True,23.0,25.1,21.8
2025-06-17,2536151.0,True,24.8,29.6,21.1
2025-06-18,2535932.0,True,25.5,30.9,21.2
2025-06-19,2544450.0,True,28.1,34.2,21.1
2025-06-20,2594240.0,True,24.1,28.3,22.2
2025-06-21,2212581.0,True,22.0,24.2,20.5
2025-06-22,2102644.0,True,23.3,28.6,18.1
2025-06-23,2473388.0,True,26.1,31.7,19.4
2025-06-24,2490040.0,True,25.0,28.0,20.5
2025-06-25,2497271.0,True,20.9,22.1,19.5
2025-06-26,2489542.0,True,22.2,24.2,19.9
2025-06-27,2493595.0,True,25.0,29.3,21.1
2025-06-28,2235596.0,True,26.2,28.1,24.5
2025-06-29,2123548.0,True,27.1,30.2,24.9
2025-06-30,2528671.0,True,28.2,31.2,25.6
2025-07-01,2599891.0,True,28.6,31.8,26.2
2025-07-02,2609828.0,True,28.6,30.9,26.8
2025-07-03,2554400.0,True,28.3,32.0,26.5
2025-07-04,2508102.0,True,27.2,30.0,25.7
2025-07-05,2139118.0,True,28.4,32.3,26.0
2025-07-06,2051426.0,True,29.1,32.8,26.3
2025-07-07,2685620.0,True,29.1,33.2,26.7
2025-07-08,2579445.0,True,31.3,37.8,26.9
2025-07-09,2632489.0,True,31.9,36.0,27.4
2025-07-10,2480453.0,True,31.4,36.2,27.3
2025-07-11,2436784.0,True,30.2,36.1,24.6
2025-07-12,2010717.0,True,30.3,36.5,24.4
2025-07-13,1945163.0,True,27.7,31.0,25.6
2025-07-14,2392880.0,True,24.2,28.1,21.7
2025-07-15,2377845.0,True,23.6,25.9,21.5
2025-07-16,2527929.0,True,23.3,24.8,22.2
2025-07-17,2461598.0,True,23.3,24.4,22.0
2025-07-18,2558096.0,True,24.7,27.2,22.9
2025-07-19,2237059.0,True,23.9,25.8,21.9
2025-07-20,2181503.0,True,27.7,31.3,25.0
2025-07-21,2570631.0,True,28.5,31.6,25.6
2025-07-22,2608798.0,True,28.8,32.2,26.6
2025-07-23,2597150.0,True,28.9,33.3,25.5
2025-07-24,2561138.0,True,29.8,34.1,25.8
2025-07-25,2512319.0,True,31.1,36.3,25.6
2025-07-26,2121840.0,True,32.3,37.1,27.6
2025-07-27,1989776.0,True,32.8,38.0,28.3
2025-07-28,2472498.0,True,32.2,36.4,28.8
2025-07-29,2426247.0,True,32.0,36.7,27.6
2025-07-30,2407510.0,True,32.1,36.3,28.3
2025-07-31,2328883.0,True,30.9,34.6,29.3
2025-08-01,2330841.0,True,31.0,35.1,27.8
2025-08-02,1974095.0,True,31.2,36.2,27.3
2025-08-03,1865636.0,True,28.8,32.5,24.0
2025-08-04,2299159.0,True,28.1,33.9,23.7
2025-08-05,2318938.0,True,29.1,33.5,25.4
2025-08-06,2362529.0,True,27.1,29.3,25.8
2025-08-07,2324643.0,True,28.2,32.3,25.4
2025-08-08,2335338.0,True,26.6,30.2,23.9
2025-08-09,1989590.0,True,24.9,26.4,23.1
2025-08-10,1811854.0,True,27.3,33.2,21.0
2025-08-11,2281181.0,True,27.0,29.5,25.0
2025-08-12,2303016.0,True,28.6,34.1,23.3
2025-08-13,2360601.0,True,25.1,27.1,22.0
2025-08-14,2350230.0,True,25.5,26.9,24.2
2025-08-15,1898870.0,True,27.1,30.9,24.4
2025-08-16,1868065.0,True,28.2,32.2,25.5
2025-08-17,1867812.0,True,28.4,32.0,26.1
2025-08-18,2374914.0,True,28.9,32.9,27.0
2025-08-19,2413225.0,True,29.1,32.3,26.9
2025-08-20,2425383.0,True,29.4,32.8,26.9
2025-08-21,2434205.0,True,29.8,34.3,27.4
2025-08-22,2429858.0,True,29.4,33.5,26.1
2025-08-23,1996451.0,True,29.3,32.2,27.4
2025-08-24,1857217.0,True,30.2,34.7,26.9
2025-08-25,2405965.0,True,28.7,32.2,26.3
2025-08-26,2395271.0,True,27.6,31.8,25.5
2025-08-27,2357591.0,True,26.7,30.8,23.6
2025-08-28,2394132.0,True,28.3,31.0,24.7
2025-08-29,2490299.0,True,29.0,32.8,27.3
2025-08-30,2053709.0,True,28.4,31.8,25.8
2025-08-31,1937511.0,True,28.5,31.8,25.1
2025-09-01,2422732.0,True,26.1,28.2,24.4
2025-09-02,2366226.0,True,26.0,30.6,22.0
2025-09-03,2365710.0,True,27.6,32.1,22.6
2025-09-04,2375415.0,True,25.8,29.8,22.8
2025-09-05,2389481.0,True,27.9,33.0,23.5
2025-09-06,2091068.0,True,26.8,30.4,25.4
2025-09-07,1909767.0,True,25.3,28.3,22.3
2025-09-08,2324417.0,True,24.4,29.5,20.6
2025-09-09,2323054.0,True,23.7,26.9,21.4
2025-09-10,2310013.0,True,24.8,31.5,18.4
2025-09-11,2306463.0,True,25.8,31.7,19.9
2025-09-12,2309918.0,True,23.9,26.3,21.1
2025-09-13,2037849.0,True,23.3,27.6,20.4
2025-09-14,1911915.0,True,24.8,29.3,21.5
2025-09-15,2345664.0,True,25.7,30.7,20.8
2025-09-16,2388740.0,True,23.7,27.1,22.2
2025-09-17,2402937.0,True,22.7,24.0,21.2
2025-09-18,2402105.0,True,22.1,26.0,19.6
2025-09-19,2290625.0,True,19.4,21.4,17.9
2025-09-20,2065352.0,True,20.0,23.6,17.5
2025-09-21,1947962.0,True,21.6,27.3,17.2
2025-09-22,2417522.0,True,21.3,25.1,17.6
2025-09-23,2475574.0,True,22.7,26.8,19.2
2025-09-24,2372197.0,True,22.0,23.7,20.4
2025-09-25,2529225.0,True,22.5,26.4,20.2
2025-09-26,2384276.0,True,21.7,27.1,17.8
2025-09-27,2130459.0,True,22.5,27.2,17.6
2025-09-28,2062718.0,True,20.0,21.9,18.4
2025-09-29,2355388.0,True,19.6,23.9,16.6
2025-09-30,2360208.0,True,19.8,24.0,17.3
2025-10-01,2370823.0,True,20.5,25.6,16.7
2025-10-02,2299165.0,True,21.4,25.8,17.3
2025-10-03,1999989.0,True,21.2,22.3,19.8
2025-10-04,1943600.0,True,22.5,25.0,20.9
2025-10-05,1916631.0,True,21.4,22.3,20.6
2025-10-06,1877563.0,True,17.6,20.7,15.4
2025-10-07,1900422.0,True,18.2,20.0,15.5
2025-10-08,1951999.0,True,21.9,28.0,17.2
2025-10-09,2061941.0,True,20.0,22.6,16.9
2025-10-10,2377536.0,True,17.0,17.7,16.0
2025-10-11,2277629.0,True,20.3,23.8,17.3
2025-10-12,2228077.0,True,19.0,21.4,17.6
2025-10-13,2717875.0,True,15.7,18.3,13.9
2025-10-14,2659110.0,True,17.9,20.9,14.4
2025-10-15,2592242.0,True,20.2,25.3,16.1
2025-10-16,2548802.0,True,20.2,24.8,17.0
2025-10-17,2546339.0,True,19.9,24.8,15.6
2025-10-18,2594158.0,True,15.8,18.6,14.2
2025-10-19,2805680.0,True,14.5,19.2,8.9
2025-10-20,3670405.0,True,10.0,16.5,5.3
2025-10-21,4010512.0,True,9.2,14.1,4.8
2025-10-22,3788216.0,True,13.1,18.6,6.6
2025-10-23,3421434.0,True,14.9,19.6,11.8
2025-10-24,3320637.0,True,15.8,21.5,11.3
2025-10-25,3224446.0,True,14.4,17.7,12.6
2025-10-26,3610718.0,True,12.2,13.9,10.6
2025-10-27,4708986.0,True,8.1,12.2,3.7
2025-10-28,4861943.0,True,8.5,14.4,3.0
2025-10-29,4673780.0,True,11.4,18.3,6.2
2025-10-30,4227627.0,True,12.8,18.2,7.7
2025-10-31,3886748.0,True,15.1,20.7,11.3
2025-11-01,3898811.0,True,12.9,17.7,10.5
2025-11-02,5097261.0,True,8.0,11.7,3.7
2025-11-03,5673221.0,True,7.2,14.7,0.5
2025-11-04,5290987.0,True,10.2,16.3,5.5
2025-11-05,5277396.0,True,11.6,19.0,5.7
2025-11-06,4888647.0,True,12.5,18.8,7.3
2025-11-07,4532122.0,True,13.9,19.9,8.3
2025-11-08,4234412.0,True,14.5,17.0,12.3
2025-11-09,4259927.0,True,13.5,17.6,10.4
2025-11-10,5344231.0,True,8.3,12.7,5.4
2025-11-11,5677942.0,True,8.9,15.1,3.9
2025-11-12,5406573.0,True,10.8,17.7,6.0
2025-11-13,5206916.0,True,11.1,17.6,6.7
2025-11-14,5512346.0,True,9.1,15.1,4.5
2025-11-15,5479905.0,True,9.8,17.5,3.6
2025-11-16,5238938.0,True,11.6,18.7,5.5
2025-11-17,7267055.0,True,3.2,9.7,-0.7
2025-11-18,8171223.0,True,1.6,6.5,-2.0
2025-11-19,8193569.0,True,3.0,8.6,-1.6
2025-11-20,7491124.0,True,7.4,14.6,1.6
2025-11-21,7224654.0,True,7.4,12.5,1.0
2025-11-22,6315881.0,True,9.6,15.1,5.4
2025-11-23,6046945.0,True,10.9,14.4,6.6
2025-11-24,5670679.0,True,12.4,16.8,9.6
2025-11-25,6442018.0,True,7.4,9.6,5.3
2025-11-26,6896707.0,True,6.4,10.9,3.5
2025-11-27,7459957.0,True,5.1,8.7,2.5
2025-11-28,7985812.0,True,2.3,7.0,-1.3
2025-11-29,7625703.0,True,5.7,9.3,0.3
2025-11-30,6042966.0,True,12.4,16.1,9.1
2025-12-01,6965327.0,True,5.5,12.2,2.3
2025-12-02,8895403.0,True,0.1,3.3,-5.4
2025-12-03,11806421.0,True,-5.9,-2.8,-8.1
2025-12-04,11992286.0,True,-3.2,3.5,-9.4
2025-12-05,11336315.0,True,-2.6,2.5,-6.9
2025-12-06,9919927.0,True,2.1,4.5,-2.0
2025-12-07,8256790.0,True,8.3,13.4,3.4
2025-12-08,8870907.0,True,3.4,7.3,0.8
2025-12-09,8945219.0,True,2.8,8.7,-2.4
2025-12-10,8503413.0,True,4.9,8.6,0.7
2025-12-11,8629222.0,True,4.0,8.4,-1.8
2025-12-12,9510758.0,True,2.0,7.0,-3.6
2025-12-13,9210564.0,True,2.6,4.5,-0.8
2025-12-14,9628889.0,True,-0.1,3.1,-1.5
2025-12-15,10112354.0,True,0.7,4.5,-3.5
2025-12-16,9305912.0,True,3.8,5.0,2.1
2025-12-17,8871477.0,True,4.2,7.6,1.2
2025-12-18,9194876.0,True,2.3,8.5,-1.9
2025-12-19,9401922.0,True,4.9,9.9,-0.7
2025-12-20,8076868.0,True,7.3,10.7,1.0
2025-12-21,9666045.0,True,-1.1,2.5,-3.4
2025-12-22,10480404.0,True,-0.7,5.1,-5.9
2025-12-23,10231977.0,True,2.6,4.3,0.1
2025-12-24,9746819.0,True,2.8,6.3,-1.0
2025-12-25,11173132.0,True,-3.6,0.0,-8.9
2025-12-26,13683318.0,True,-8.2,-4.0,-11.8
2025-12-27,12255257.0,True,-2.6,0.5,-8.3
2025-12-28,10551223.0,True,3.2,6.1,0.0
2025-12-29,9655536.0,True,4.9,9.1,-0.1
2025-12-30,10542250.0,True,-0.5,3.8,-3.7
2025-12-31,12291754.0,True,-5.6,-1.2,-8.9
