date,target,target_observed,temp_avg,temp_max,temp_min
2010-01-01,12504990.0,True,-7.6,-3.6,-12.7
2010-01-02,11738670.0,True,-3.6,0.2,-7.4
2010-01-03,12338670.0,True,-6.8,-3.2,-10.5
2010-01-04,12933770.0,True,-5.9,-3.4,-8.0
2010-01-05,13258090.0,True,-9.9,-7.0,-12.3
2010-01-06,13917780.0,True,-11.2,-8.1,-13.3
2010-01-07,14036170.0,True,-10.1,-5.5,-13.6
2010-01-08,13545770.0,True,-8.0,-3.3,-11.8
2010-01-09,12729510.0,True,-5.1,-1.9,-8.7
2010-01-10,11828590.0,True,-3.4,-0.3,-5.3
2010-01-11,12547080.0,True,-5.2,-1.3,-8.3
2010-01-12,13497150.0,True,-10.3,-7.3,-12.9
2010-01-13,14618920.0,True,-13.2,-10.7,-15.3
2010-01-14,14212310.0,True,-9.1,-4.1,-14.4
2010-01-15,12940790.0,True,-5.0,-0.6,-7.5
2010-01-16,12473800.0,True,-6.4,-2.1,-10.1
2010-01-17,11826400.0,True,-4.0,1.4,-9.0
2010-01-18,11482960.0,True,-0.5,1.9,-3.9
2010-01-19,10331270.0,True,2.7,6.8,-1.6
2010-01-20,9361970.0,True,5.8,8.4,2.4
2010-01-21,10817660.0,True,-4.1,2.4,-8.0
2010-01-22,12032100.0,True,-7.0,-3.4,-9.6
2010-01-23,11603700.0,True,-5.3,-0.9,-9.1
2010-01-24,10522970.0,True,0.3,3.8,-4.5
2010-01-25,11083280.0,True,-3.0,2.6,-8.5
2010-01-26,11504200.0,True,-4.1,1.1,-9.5
2010-01-27,10835390.0,True,-0.2,3.1,-4.0
2010-01-28,10334710.0,True,-0.4,2.7,-5.0
2010-01-29,10939340.0,True,-2.1,1.4,-7.3
2010-01-30,9913630.0,True,1.5,5.0,-1.7
2010-01-31,9535850.0,True,1.8,4.3,-0.5
2010-02-01,9971330.0,True,0.8,5.1,-2.6
2010-02-02,11675260.0,True,-6.2,-2.6,-9.1
2010-02-03,12537620.0,True,-8.0,-5.0,-10.8
2010-02-04,11897530.0,True,-4.3,-0.6,-8.3
2010-02-05,11863070.0,True,-5.5,-1.9,-7.9
2010-02-06,11531470.0,True,-4.7,0.9,-9.6
2010-02-07,10582020.0,True,0.7,5.6,-6.3
2010-02-08,9905480.0,True,4.0,5.7,3.0
2010-02-09,9482220.0,True,3.7,4.4,2.9
2010-02-10,9111830.0,True,3.9,5.0,3.1
2010-02-11,9728630.0,True,0.6,3.5,-0.8
2010-02-12,9856370.0,True,-0.3,1.1,-1.8
2010-02-13,9295520.0,True,-2.3,-0.3,-3.3
2010-02-14,8747740.0,True,-2.2,1.2,-5.0
2010-02-15,9720020.0,True,-3.1,-0.3,-6.0
2010-02-16,11169690.0,True,-4.5,-0.4,-8.0
2010-02-17,11211790.0,True,-3.2,0.3,-7.2
2010-02-18,10837580.0,True,-2.9,-1.0,-4.4
2010-02-19,10151730.0,True,-1.0,2.5,-4.7
2010-02-20,8966220.0,True,3.0,8.1,-1.6
2010-02-21,8226610.0,True,4.8,9.6,0.0
2010-02-22,7813850.0,True,6.5,11.0,3.5
2010-02-23,7317960.0,True,8.2,16.2,1.6
2010-02-24,6446870.0,True,12.2,17.9,5.5
2010-02-25,5927440.0,True,12.0,14.8,9.8
2010-02-26,5486020.0,True,12.0,17.2,9.0
2010-02-27,5839270.0,True,8.6,11.0,6.0
2010-02-28,6001590.0,True,6.8,9.1,5.4
2010-03-01,7491090.0,True,2.9,6.3,1.1
2010-03-02,8190480.0,True,2.7,4.8,0.6
2010-03-03,8016020.0,True,4.4,10.2,-1.5
2010-03-04,7869890.0,True,5.5,6.3,4.5
2010-03-05,7336280.0,True,6.4,9.5,3.9
2010-03-06,7175370.0,True,6.0,10.7,2.0
2010-03-07,7276960.0,True,4.9,7.8,2.6
2010-03-08,7833170.0,True,4.1,7.7,1.0
2010-03-09,8366800.0,True,1.5,5.7,-3.9
2010-03-10,9357910.0,True,-1.4,0.5,-4.0
2010-03-11,8697730.0,True,2.3,6.0,-2.7
2010-03-12,8080220.0,True,5.8,10.0,0.9
2010-03-13,8009620.0,True,2.4,7.9,-1.9
2010-03-14,7559080.0,True,7.2,12.6,1.2
2010-03-15,7160230.0,True,7.9,11.1,2.8
2010-03-16,8335200.0,True,0.7,3.9,-1.0
2010-03-17,8772890.0,True,-0.1,3.1,-1.9
2010-03-18,8674170.0,True,0.5,4.6,-2.8
2010-03-19,8136640.0,True,4.5,8.9,-1.7
2010-03-20,7375200.0,True,6.8,11.3,1.1
2010-03-21,7687930.0,True,2.7,7.1,-0.7
2010-03-22,8272240.0,True,2.1,5.0,-0.1
2010-03-23,7540480.0,True,5.9,10.3,0.7
2010-03-24,6794670.0,True,8.7,13.8,4.3
2010-03-25,7297150.0,True,5.0,9.5,-0.1
2010-03-26,8170670.0,True,2.0,4.7,-2.9
2010-03-27,7441260.0,True,5.4,7.2,4.0
2010-03-28,7224420.0,True,4.1,9.2,-0.1
2010-03-29,7163160.0,True,5.8,11.3,0.6
2010-03-30,6675320.0,True,8.3,14.2,3.3
2010-03-31,6663120.0,True,7.3,8.7,5.9
2010-04-01,6583100.0,True,7.0,9.9,3.6
2010-04-02,6781510.0,True,5.5,10.3,1.3
2010-04-03,6691930.0,True,5.0,9.5,1.1
2010-04-04,6312920.0,True,7.7,14.5,2.3
2010-04-05,5856420.0,True,10.4,14.8,4.8
2010-04-06,5959330.0,True,8.5,11.7,4.8
2010-04-07,6109290.0,True,7.3,12.6,2.3
2010-04-08,5846360.0,True,9.1,15.5,3.3
2010-04-09,5303120.0,True,11.4,17.4,5.4
2010-04-10,5244880.0,True,10.7,13.5,8.8
2010-04-11,4899050.0,True,13.6,19.9,6.7
2010-04-12,4826540.0,True,13.2,18.5,9.6
2010-04-13,6300650.0,True,4.4,9.6,2.4
2010-04-14,6977560.0,True,4.0,6.4,1.2
2010-04-15,6425260.0,True,7.0,12.6,1.6
2010-04-16,5946160.0,True,8.0,13.6,4.0
2010-04-17,5852780.0,True,7.6,12.0,4.0
2010-04-18,5441320.0,True,12.0,17.0,6.2
2010-04-19,4884620.0,True,14.7,17.4,12.7
2010-04-20,4229020.0,True,16.8,20.7,13.3
2010-04-21,4276320.0,True,14.1,18.5,10.7
2010-04-22,4667440.0,True,10.7,12.7,9.1
2010-04-23,4826660.0,True,9.3,14.3,6.6
2010-04-24,4708720.0,True,11.1,16.8,5.4
2010-04-25,4356480.0,True,13.6,19.4,6.9
2010-04-26,4599600.0,True,12.4,17.8,10.2
2010-04-27,5565920.0,True,7.5,10.9,5.1
2010-04-28,6503320.0,True,5.0,7.8,3.3
2010-04-29,5869320.0,True,8.5,12.4,3.4
2010-04-30,5367520.0,True,9.6,13.2,7.0
2010-05-01,4855120.0,True,12.3,17.5,5.8
2010-05-02,4009040.0,True,17.2,23.3,9.9
2010-05-03,3692900.0,True,18.2,19.5,16.5
2010-05-04,3194490.0,True,20.2,25.3,18.2
2010-05-05,2896330.0,True,20.6,25.2,15.4
2010-05-06,3454380.0,True,13.4,19.8,10.4
2010-05-07,3460020.0,True,14.6,20.6,9.6
2010-05-08,3169220.0,True,16.7,23.0,12.1
2010-05-09,2877200.0,True,19.0,25.2,13.4
2010-05-10,2997760.0,True,16.1,20.9,12.7
2010-05-11,3338840.0,True,12.9,17.0,10.5
2010-05-12,3372020.0,True,13.8,19.6,8.7
2010-05-13,3205360.0,True,16.0,21.9,10.2
2010-05-14,3021080.0,True,18.0,23.7,12.1
2010-05-15,2893600.0,True,17.0,21.9,12.9
2010-05-16,2732000.0,True,18.2,25.1,12.6
2010-05-17,2706720.0,True,20.3,27.0,14.4
2010-05-18,2972280.0,True,17.3,19.4,15.0
2010-05-19,2782860.0,True,17.1,20.9,14.5
2010-05-20,2643100.0,True,19.5,25.4,13.6
2010-05-21,2325240.0,True,22.1,28.6,14.9
2010-05-22,2283740.0,True,20.1,25.5,15.7
2010-05-23,2681080.0,True,16.1,18.1,14.6
2010-05-24,3188840.0,True,13.1,15.8,12.2
2010-05-25,3096880.0,True,14.9,18.8,12.1
2010-05-26,2879660.0,True,17.4,21.7,14.0
2010-05-27,2827220.0,True,17.4,24.0,11.5
2010-05-28,2758020.0,True,17.3,20.4,14.5
2010-05-29,2590140.0,True,18.7,23.3,14.6
2010-05-30,2433680.0,True,18.9,23.4,15.0
2010-05-31,2619340.0,True,17.3,20.0,14.3
2010-06-01,2606500.0,True,19.1,26.2,12.1
2010-06-02,2401560.0,True,21.0,26.6,14.8
2010-06-03,2432140.0,True,21.1,26.5,16.2
2010-06-04,2455320.0,True,22.3,27.9,16.6
2010-06-05,2196760.0,True,23.3,28.4,17.9
2010-06-06,2021320.0,True,24.9,30.9,19.0
2010-06-07,2348940.0,True,25.4,31.4,20.9
2010-06-08,2347520.0,True,25.7,31.8,19.3
2010-06-09,2357280.0,True,26.0,30.6,20.5
2010-06-10,2357180.0,True,26.5,32.7,21.7
2010-06-11,2298020.0,True,25.6,31.2,21.6
2010-06-12,2095860.0,True,17.9,22.0,16.9
2010-06-13,2006840.0,True,22.0,27.2,17.5
2010-06-14,2326360.0,True,22.8,26.4,20.0
2010-06-15,2370080.0,True,24.4,29.7,20.7
2010-06-16,2301600.0,True,22.3,25.6,20.2
2010-06-17,2318980.0,True,24.0,27.6,20.9
2010-06-18,2360680.0,True,25.9,31.1,22.8
2010-06-19,2087020.0,True,23.0,25.8,21.5
2010-06-20,1911300.0,True,23.0,27.0,20.8
2010-06-21,2252780.0,True,22.2,27.8,18.1
2010-06-22,2252100.0,True,21.6,25.2,18.4
2010-06-23,2254880.0,True,23.0,28.6,16.7
2010-06-24,2291960.0,True,24.4,30.8,18.5
2010-06-25,2267440.0,True,26.7,32.5,20.3
2010-06-26,1987960.0,True,24.8,27.2,21.4
2010-06-27,1868960.0,True,21.8,23.3,20.9
2010-06-28,2260540.0,True,24.6,30.5,19.7
2010-06-29,2271900.0,True,23.9,27.2,21.4
2010-06-30,2261220.0,True,22.8,24.8,20.6
2010-07-01,2325700.0,True,26.1,30.7,21.9
2010-07-02,2439680.0,True,24.9,25.9,23.8
2010-07-03,2091860.0,True,24.1,25.7,22.5
2010-07-04,1856860.0,True,26.5,29.9,23.4
2010-07-05,2260120.0,True,26.1,30.8,23.1
2010-07-06,2232680.0,True,26.0,31.6,21.7
2010-07-07,2217760.0,True,25.6,29.6,22.4
2010-07-08,2190000.0,True,24.7,29.6,21.9
2010-07-09,2163900.0,True,24.9,29.8,21.2
2010-07-10,1882460.0,True,25.6,29.2,21.7
2010-07-11,1717880.0,True,23.8,26.5,22.2
2010-07-12,2142900.0,True,25.1,28.6,21.0
2010-07-13,2200740.0,True,26.1,31.3,22.0
2010-07-14,2208000.0,True,24.8,27.7,21.8
2010-07-15,2189160.0,True,26.0,30.0,22.7
2010-07-16,2229000.0,True,23.7,27.7,21.6
2010-07-17,2028760.0,True,23.2,24.2,22.1
2010-07-18,1825760.0,True,25.9,29.1,23.1
2010-07-19,2249866.0,True,26.7,30.1,25.0
2010-07-20,2239720.0,True,28.2,32.3,24.1
2010-07-21,2226240.0,True,27.8,29.7,26.3
2010-07-22,2216100.0,True,27.1,29.6,25.9
2010-07-23,2175640.0,True,24.4,25.9,23.0
2010-07-24,1905460.0,True,25.6,29.3,23.6
2010-07-25,1751700.0,True,26.0,30.0,23.5
2010-07-26,2162700.0,True,25.4,28.6,23.0
2010-07-27,2153340.0,True,26.9,30.8,24.4
2010-07-28,2153020.0,True,27.0,31.2,23.7
2010-07-29,2165800.0,True,26.8,30.6,24.7
2010-07-30,2091900.0,True,27.0,30.8,25.1
2010-07-31,1772100.0,True,27.0,30.1,24.9
2010-08-01,1619600.0,True,27.5,31.0,26.1
2010-08-02,2013800.0,True,27.3,31.8,25.4
2010-08-03,1981500.0,True,27.6,32.1,24.0
2010-08-04,2076100.0,True,28.1,31.9,25.8
2010-08-05,2120100.0,True,29.2,33.8,26.0
2010-08-06,2138600.0,True,28.3,31.0,26.3
2010-08-07,1815300.0,True,26.2,28.2,24.3
2010-08-08,1654500.0,True,27.3,31.6,24.0
2010-08-09,2074300.0,True,28.6,33.3,24.1
2010-08-10,2104700.0,True,26.5,29.8,24.9
2010-08-11,2133400.0,True,28.2,32.7,25.0
2010-08-12,2038300.0,True,23.7,26.7,21.7
2010-08-13,2131300.0,True,26.0,29.6,21.5
2010-08-14,1868500.0,True,26.9,29.1,25.3
2010-08-15,1691600.0,True,26.6,30.2,24.6
2010-08-16,2071100.0,True,24.8,26.7,22.8
2010-08-17,2077800.0,True,26.3,31.8,21.0
2010-08-18,2174000.0,True,26.0,31.2,22.2
2010-08-19,2191210.0,True,28.5,32.9,24.7
2010-08-20,2159770.0,True,28.6,32.2,25.5
2010-08-21,1904820.0,True,28.6,32.1,25.1
2010-08-22,1729300.0,True,28.7,32.5,25.4
2010-08-23,2195340.0,True,26.4,29.1,23.7
2010-08-24,2153600.0,True,23.7,25.9,21.9
2010-08-25,2158000.0,True,21.6,22.5,19.9
2010-08-26,2239360.0,True,24.0,26.7,21.1
2010-08-27,2263160.0,True,25.8,31.8,23.8
2010-08-28,1994840.0,True,25.5,27.2,24.7
2010-08-29,1875200.0,True,23.7,26.0,21.7
2010-08-30,2233290.0,True,25.8,29.9,23.1
2010-08-31,2290900.0,True,24.9,27.2,22.2
2010-09-01,2360370.0,True,26.0,31.4,22.8
2010-09-02,2276900.0,True,24.0,26.2,22.2
2010-09-03,2304400.0,True,25.4,30.0,22.8
2010-09-04,2020500.0,True,26.8,31.2,23.3
2010-09-05,1836600.0,True,25.1,30.7,23.1
2010-09-06,2251220.0,True,25.5,30.0,22.6
2010-09-07,2245968.0,True,26.3,30.8,22.8
2010-09-08,2161600.0,True,22.7,24.3,21.6
2010-09-09,2254880.0,True,20.9,22.5,19.0
2010-09-10,2454480.0,True,24.0,25.8,22.4
2010-09-11,2167660.0,True,23.7,26.1,22.4
2010-09-12,1942500.0,True,22.8,26.1,21.0
2010-09-13,2274360.0,True,23.9,27.9,20.9
2010-09-14,2269820.0,True,24.0,28.6,21.1
2010-09-15,2257440.0,True,24.7,30.5,19.2
2010-09-16,2275160.0,True,24.5,30.0,19.2
2010-09-17,2271960.0,True,24.3,28.9,20.1
2010-09-18,1999000.0,True,25.2,30.3,21.8
2010-09-19,1951520.0,True,20.8,23.8,18.3
2010-09-20,2166760.0,True,21.7,26.0,18.2
2010-09-21,2025820.0,True,21.4,24.9,17.9
2010-09-22,1875960.0,True,16.7,18.8,14.4
2010-09-23,2135080.0,True,17.0,22.8,12.1
2010-09-24,2472980.0,True,17.6,23.2,11.9
2010-09-25,2415870.0,True,18.6,24.1,13.6
2010-09-26,2389490.0,True,18.6,24.2,15.2
2010-09-27,2564180.0,True,19.0,23.9,14.9
2010-09-28,2879940.0,True,15.6,18.6,12.4
2010-09-29,3302860.0,True,13.0,16.8,9.8
2010-09-30,3281640.0,True,14.6,20.7,8.4
2010-10-01,3145120.0,True,16.0,21.4,10.8
2010-10-02,3270620.0,True,16.0,18.6,13.7
2010-10-03,3048160.0,True,17.0,21.4,14.4
2010-10-04,3399160.0,True,14.0,16.7,12.4
2010-10-05,3343400.0,True,15.0,19.7,11.2
2010-10-06,3235780.0,True,16.1,22.1,11.2
2010-10-07,3096060.0,True,17.3,23.8,11.9
2010-10-08,2886200.0,True,18.9,23.2,15.1
2010-10-09,2635460.0,True,19.4,24.2,15.4
2010-10-10,2555480.0,True,18.5,22.8,14.3
2010-10-11,2708570.0,True,18.3,21.2,15.6
2010-10-12,2894965.0,True,16.6,19.2,13.8
2010-10-13,3068107.0,True,15.7,19.6,12.9
2010-10-14,3180196.0,True,15.7,20.4,12.6
2010-10-15,3592574.0,True,13.1,16.9,9.3
2010-10-16,3314358.0,True,16.0,21.6,10.2
2010-10-17,3238106.0,True,15.6,19.9,12.1
2010-10-18,3568291.0,True,13.9,19.3,9.0
2010-10-19,3484126.0,True,15.9,21.7,11.0
2010-10-20,3432841.0,True,15.2,19.5,12.7
2010-10-21,3462274.0,True,15.8,21.9,10.2
2010-10-22,3279587.0,True,16.9,22.4,12.8
2010-10-23,3205714.0,True,15.9,20.2,11.7
2010-10-24,3069563.0,True,17.2,23.4,13.6
2010-10-25,4321718.0,True,9.9,15.1,4.4
2010-10-26,5795223.0,True,4.0,8.2,0.9
2010-10-27,6156900.0,True,5.6,10.1,0.7
2010-10-28,6051899.0,True,7.2,12.3,2.1
2010-10-29,5659788.0,True,9.6,16.7,3.4
2010-10-30,5015317.0,True,11.7,17.8,6.4
2010-10-31,4815977.0,True,12.0,17.0,7.1
2010-11-01,4919192.0,True,11.4,16.7,6.8
2010-11-02,6097087.0,True,5.0,9.2,2.5
2010-11-03,6074410.0,True,7.2,12.6,0.8
2010-11-04,5410499.0,True,10.6,16.0,5.7
2010-11-05,5152814.0,True,11.2,15.1,7.0
2010-11-06,4776218.0,True,12.7,14.8,11.1
2010-11-07,4790030.0,True,12.3,14.3,10.8
2010-11-08,6043798.0,True,7.0,11.4,1.8
2010-11-09,7287580.0,True,2.9,6.5,1.2
2010-11-10,7191133.0,True,4.1,9.1,-0.5
2010-11-11,6704840.0,True,9.3,15.1,3.2
2010-11-12,6133195.0,True,8.9,12.6,6.2
2010-11-13,5664657.0,True,11.1,17.4,5.8
2010-11-14,6175475.0,True,5.8,12.4,3.0
2010-11-15,7465230.0,True,1.4,5.1,-1.6
2010-11-16,7584962.0,True,3.7,8.8,-1.4
2010-11-17,7011530.0,True,6.5,11.3,3.0
2010-11-18,6901990.0,True,6.5,12.0,1.9
2010-11-19,6966975.0,True,5.9,10.9,2.4
2010-11-20,6585127.0,True,7.9,13.4,4.1
2010-11-21,6012058.0,True,11.0,15.6,6.1
2010-11-22,6596920.0,True,6.2,13.1,1.9
2010-11-23,6978586.0,True,5.9,12.8,-0.6
2010-11-24,6933300.0,True,6.3,10.7,3.7
2010-11-25,7581241.0,True,3.1,6.1,-1.0
2010-11-26,8380366.0,True,0.4,4.7,-3.0
2010-11-27,8548778.0,True,1.3,9.1,-2.7
2010-11-28,9161500.0,True,-1.3,2.0,-5.2
2010-11-29,8647497.0,True,3.2,7.8,-0.8
2010-11-30,7715078.0,True,7.3,12.5,4.1
2010-12-01,7355980.0,True,7.2,10.4,5.3
2010-12-02,7012617.0,True,9.5,13.5,5.5
2010-12-03,8529247.0,True,0.0,7.8,-2.7
2010-12-04,8503029.0,True,1.7,5.0,-3.6
2010-12-05,7249943.0,True,8.2,10.7,4.9
2010-12-06,8059508.0,True,3.0,10.2,-3.2
2010-12-07,9195887.0,True,-0.7,4.6,-4.8
2010-12-08,9381433.0,True,0.4,2.2,-2.1
2010-12-09,9778514.0,True,-1.8,2.3,-4.3
2010-12-10,9614505.0,True,2.9,10.1,-2.8
2010-12-11,9855727.0,True,-3.5,6.7,-6.2
2010-12-12,10152796.0,True,-1.2,3.7,-6.6
2010-12-13,9533303.0,True,3.7,6.1,1.7
2010-12-14,10764981.0,True,-4.0,1.8,-10.1
2010-12-15,12984263.0,True,-10.5,-7.3,-12.7
2010-12-16,12790158.0,True,-7.7,-4.1,-12.9
2010-12-17,11366965.0,True,-2.1,2.6,-5.5
2010-12-18,10409174.0,True,0.1,5.0,-4.6
2010-12-19,9158479.0,True,4.9,8.3,0.7
2010-12-20,8813481.0,True,4.1,8.8,1.6
2010-12-21,8688131.0,True,4.9,10.8,0.9
2010-12-22,8691677.0,True,4.0,8.3,0.3
2010-12-23,10025228.0,True,-1.9,4.5,-9.5
2010-12-24,13116415.0,True,-12.3,-9.0,-15.1
2010-12-25,13166393.0,True,-11.2,-6.7,-14.3
2010-12-26,12882412.0,True,-9.3,-5.1,-13.6
2010-12-27,12473369.0,True,-4.9,-2.1,-9.4
2010-12-28,11517560.0,True,-2.6,-0.1,-6.0
2010-12-29,11840415.0,True,-5.7,-2.1,-9.4
2010-12-30,11912030.0,True,-6.1,-3.6,-9.0
2010-12-31,12598057.0,True,-8.7,-6.2,-10.7
2011-01-01,11743891.0,True,-6.8,-2.9,-10.4
2011-01-02,11553968.0,True,-5.4,-1.2,-8.5
2011-01-03,11941804.0,True,-4.5,-0.3,-8.5
2011-01-04,11760468.0,True,-3.9,-1.7,-7.4
2011-01-05,11645723.0,True,-4.0,-1.8,-7.7
2011-01-06,12391755.0,True,-7.6,-4.6,-9.8
2011-01-07,12329434.0,True,-7.0,-2.9,-10.6
2011-01-08,11542101.0,True,-3.6,0.1,-8.2
2011-01-09,11628955.0,True,-7.0,-0.3,-10.3
2011-01-10,12611295.0,True,-8.2,-4.6,-11.8
2011-01-11,12245002.0,True,-5.4,-2.7,-7.8
2011-01-12,12606278.0,True,-8.2,-4.9,-11.1
2011-01-13,12288375.0,True,-5.9,-0.6,-11.1
2011-01-14,11782132.0,True,-3.8,0.3,-6.9
2011-01-15,13322634.0,True,-12.2,-6.9,-15.7
2011-01-16,14372496.0,True,-14.5,-10.7,-17.8
2011-01-17,14131222.0,True,-9.7,-4.8,-14.1
2011-01-18,13563572.0,True,-6.7,-2.7,-10.8
2011-01-19,13212977.0,True,-6.6,-3.2,-10.0
2011-01-20,13332975.0,True,-8.2,-4.7,-10.5
2011-01-21,13108389.0,True,-6.8,-3.2,-9.7
2011-01-22,12229519.0,True,-4.3,-0.8,-7.1
2011-01-23,11884110.0,True,-4.5,-2.1,-7.1
2011-01-24,12541033.0,True,-8.8,-5.8,-10.9
2011-01-25,12778093.0,True,-8.4,-4.4,-11.9
2011-01-26,12824690.0,True,-8.5,-5.2,-10.7
2011-01-27,13154581.0,True,-8.9,-5.7,-11.5
2011-01-28,12939917.0,True,-7.9,-4.3,-10.5
2011-01-29,12927818.0,True,-9.1,-5.5,-11.5
2011-01-30,13343518.0,True,-10.1,-5.7,-13.6
2011-01-31,12856898.0,True,-6.2,-1.8,-12.7
2011-02-01,11125783.0,True,-0.2,5.0,-4.2
2011-02-02,9523967.0,True,1.3,7.0,-2.8
2011-02-03,8200925.0,True,1.5,4.9,-1.3
2011-02-04,8584005.0,True,1.2,3.5,-0.5
2011-02-05,9096473.0,True,1.1,5.5,-0.8
2011-02-06,9628762.0,True,0.3,2.7,-2.1
2011-02-07,10172963.0,True,0.3,4.2,-2.8
2011-02-08,9466951.0,True,2.9,8.5,-0.5
2011-02-09,10029820.0,True,-1.2,2.1,-4.1
2011-02-10,10555616.0,True,-2.1,2.7,-5.6
2011-02-11,10785033.0,True,-2.9,1.8,-6.2
2011-02-12,11181472.0,True,-5.9,-1.8,-9.2
2011-02-13,10985890.0,True,-4.8,-0.2,-9.0
2011-02-14,11259282.0,True,-3.4,-0.2,-6.7
2011-02-15,10634229.0,True,-1.8,2.9,-5.5
2011-02-16,10376372.0,True,-0.6,4.3,-5.0
2011-02-17,9640932.0,True,0.9,4.7,-2.0
2011-02-18,9228541.0,True,1.6,7.3,-3.0
2011-02-19,8868287.0,True,1.4,7.0,-2.6
2011-02-20,8175186.0,True,5.3,12.8,-2.1
2011-02-21,7857370.0,True,6.2,12.3,1.4
2011-02-22,7517199.0,True,6.2,13.0,0.7
2011-02-23,7584978.0,True,5.6,12.0,0.6
2011-02-24,7403418.0,True,6.1,10.5,2.8
2011-02-25,7919674.0,True,2.0,6.3,-0.8
2011-02-26,7638561.0,True,6.2,13.2,-0.4
2011-02-27,7836973.0,True,4.2,7.4,1.8
2011-02-28,8337574.0,True,2.8,4.8,1.0
2011-03-01,8524251.0,True,0.5,3.7,-2.7
2011-03-02,9611146.0,True,-2.1,1.6,-4.2
2011-03-03,9835034.0,True,-2.1,2.5,-5.5
2011-03-04,9296256.0,True,0.1,6.0,-4.5
2011-03-05,8682577.0,True,2.1,6.8,-1.8
2011-03-06,8333511.0,True,3.4,7.4,1.2
2011-03-07,8607635.0,True,1.6,5.8,-1.2
2011-03-08,8694184.0,True,1.6,6.2,-2.3
2011-03-09,8919530.0,True,0.2,4.4,-2.4
2011-03-10,8737652.0,True,1.4,4.9,-3.4
2011-03-11,7995156.0,True,4.6,9.8,-0.3
2011-03-12,7101967.0,True,7.8,13.4,1.9
2011-03-13,6232140.0,True,10.7,16.2,8.5
2011-03-14,6707665.0,True,6.7,10.3,4.4
2011-03-15,7748737.0,True,1.5,5.7,-2.3
2011-03-16,8528916.0,True,-0.4,3.2,-3.1
2011-03-17,8348724.0,True,0.8,6.1,-3.5
2011-03-18,7621033.0,True,5.7,12.5,-1.5
2011-03-19,6608435.0,True,8.8,13.7,5.5
2011-03-20,6572762.0,True,6.9,11.4,2.9
2011-03-21,6528152.0,True,8.0,13.0,3.8
2011-03-22,7553199.0,True,1.8,6.1,-1.0
2011-03-23,7797016.0,True,2.2,7.3,-2.2
2011-03-24,7781790.0,True,2.9,8.0,0.1
2011-03-25,7939186.0,True,2.2,6.5,-0.8
2011-03-26,7436338.0,True,3.6,8.6,-0.6
2011-03-27,7141304.0,True,5.1,9.7,0.9
2011-03-28,7125594.0,True,5.2,8.4,3.1
2011-03-29,7159720.0,True,4.8,9.1,1.7
2011-03-30,6676834.0,True,7.3,13.6,2.3
2011-03-31,6221638.0,True,9.2,16.8,3.3
2011-04-01,5873017.0,True,9.1,14.9,4.3
2011-04-02,5856371.0,True,8.9,12.8,5.3
2011-04-03,5539974.0,True,9.6,15.5,4.9
2011-04-04,5591365.0,True,10.1,16.7,4.5
2011-04-05,5351955.0,True,10.7,17.1,5.1
2011-04-06,5391465.0,True,10.6,16.6,5.2
2011-04-07,5623934.0,True,9.6,10.7,8.5
2011-04-08,5000805.0,True,11.4,17.3,7.4
2011-04-09,4975369.0,True,9.9,15.0,6.8
2011-04-10,4985621.0,True,10.8,14.5,8.2
2011-04-11,5069772.0,True,10.4,15.4,6.0
2011-04-12,5065656.0,True,10.2,15.5,4.9
2011-04-13,4899993.0,True,11.3,17.4,5.7
2011-04-14,4665734.0,True,12.4,18.8,6.6
2011-04-15,4538864.0,True,12.2,19.0,9.4
2011-04-16,4479593.0,True,12.1,18.4,5.9
2011-04-17,4336273.0,True,12.0,18.4,8.0
2011-04-18,5442784.0,True,6.7,10.7,5.8
2011-04-19,5022851.0,True,10.8,16.2,6.6
2011-04-20,4797230.0,True,11.2,16.8,6.3
2011-04-21,4526562.0,True,13.5,18.0,8.0
2011-04-22,5114605.0,True,8.9,14.5,7.4
2011-04-23,4828903.0,True,9.7,14.2,6.1
2011-04-24,4791281.0,True,9.7,13.9,6.1
2011-04-25,4758837.0,True,11.3,15.7,7.2
2011-04-26,5053349.0,True,10.5,11.4,9.1
2011-04-27,4724026.0,True,11.4,14.2,8.7
2011-04-28,4666925.0,True,10.4,15.3,7.3
2011-04-29,4567426.0,True,13.2,18.4,7.3
2011-04-30,4696054.0,True,13.0,14.6,10.6
2011-05-01,4010893.0,True,12.5,15.7,9.9
2011-05-02,3839912.0,True,14.2,20.7,8.5
2011-05-03,3623737.0,True,15.3,20.6,11.9
2011-05-04,3485047.0,True,15.9,21.8,10.6
2011-05-05,3212082.0,True,17.5,23.7,12.7
2011-05-06,3378255.0,True,15.4,17.9,13.2
2011-05-07,3265844.0,True,14.5,21.8,11.5
2011-05-08,2907300.0,True,17.3,24.1,10.3
2011-05-09,3113710.0,True,17.6,22.0,14.6
2011-05-10,3142407.0,True,16.5,18.5,14.5
2011-05-11,3171835.0,True,17.2,21.1,14.4
2011-05-12,3141611.0,True,15.7,20.2,11.5
2011-05-13,3214854.0,True,14.6,20.6,10.3
2011-05-14,3019167.0,True,17.2,22.9,12.1
2011-05-15,2860331.0,True,17.2,22.9,13.0
2011-05-16,2970151.0,True,16.4,22.2,10.9
2011-05-17,2946291.0,True,17.5,22.8,11.6
2011-05-18,2808005.0,True,20.5,25.4,13.8
2011-05-19,2703234.0,True,20.7,23.6,18.8
2011-05-20,2824119.0,True,17.5,20.5,15.6
2011-05-21,2934939.0,True,14.5,17.7,12.6
2011-05-22,2749249.0,True,17.3,23.3,10.7
2011-05-23,2736949.0,True,19.5,25.9,15.3
2011-05-24,2689517.0,True,21.5,28.0,14.1
2011-05-25,2585432.0,True,22.7,28.2,16.7
2011-05-26,2528793.0,True,20.7,24.0,17.9
2011-05-27,2532443.0,True,20.1,24.5,15.6
2011-05-28,2344001.0,True,22.4,28.9,15.7
2011-05-29,2180386.0,True,24.4,31.2,18.4
2011-05-30,2435909.0,True,22.7,28.1,18.6
2011-05-31,2467025.0,True,18.7,23.7,15.4
2011-06-01,2552215.0,True,18.0,21.6,14.7
2011-06-02,2528435.0,True,19.0,24.7,15.1
2011-06-03,2527141.0,True,19.0,24.8,14.4
2011-06-04,2384967.0,True,18.7,24.6,15.8
2011-06-05,2142597.0,True,20.4,27.1,16.1
2011-06-06,2207977.0,True,20.9,26.9,15.3
2011-06-07,2456648.0,True,20.9,26.6,15.9
2011-06-08,2477447.0,True,22.0,27.5,18.2
2011-06-09,2442327.0,True,19.4,22.0,17.5
2011-06-10,2460359.0,True,21.4,24.3,17.8
2011-06-11,2231621.0,True,24.0,29.2,20.6
2011-06-12,2109391.0,True,23.4,30.2,19.0
2011-06-13,2388224.0,True,21.0,26.9,16.6
2011-06-14,2430648.0,True,22.8,29.5,16.8
2011-06-15,2435602.0,True,25.2,31.9,19.1
2011-06-16,2433222.0,True,26.5,32.0,20.3
2011-06-17,2403100.0,True,24.9,31.3,22.1
2011-06-18,2114640.0,True,24.5,28.9,20.8
2011-06-19,1972590.0,True,26.6,32.9,20.7
2011-06-20,2362789.0,True,26.6,32.0,22.7
2011-06-21,2365633.0,True,24.1,29.6,19.4
2011-06-22,2363891.0,True,22.7,24.9,20.9
2011-06-23,2439136.0,True,22.0,23.3,21.2
2011-06-24,2389059.0,True,19.7,21.6,18.6
2011-06-25,2293544.0,True,18.3,20.0,17.5
2011-06-26,2306018.0,True,19.2,21.6,17.2
2011-06-27,2605832.0,True,19.2,20.5,18.3
2011-06-28,2480677.0,True,24.1,29.7,18.2
2011-06-29,2609081.0,True,21.0,23.3,19.7
2011-06-30,2638474.0,True,23.8,27.9,21.0
2011-07-01,2515664.0,True,25.1,28.6,22.2
2011-07-02,2215855.0,True,24.7,26.8,22.7
2011-07-03,2198167.0,True,22.6,24.8,20.7
2011-07-04,2418400.0,True,22.5,28.0,18.9
2011-07-05,2389160.0,True,24.3,30.7,19.0
2011-07-06,2377075.0,True,25.6,31.2,20.4
2011-07-07,2455016.0,True,22.9,25.3,20.9
2011-07-08,2420086.0,True,22.4,24.6,20.6
2011-07-09,2222771.0,True,23.6,27.8,20.8
2011-07-10,2024686.0,True,24.2,28.4,21.4
2011-07-11,2455832.0,True,21.2,22.1,19.9
2011-07-12,2575191.0,True,22.8,25.6,20.9
2011-07-13,2658931.0,True,24.3,26.2,22.5
2011-07-14,2711738.0,True,23.6,24.6,22.3
2011-07-15,2625076.0,True,23.4,26.0,21.6
2011-07-16,2408177.0,True,22.8,25.3,21.2
2011-07-17,2142820.0,True,25.1,29.1,22.2
2011-07-18,2463992.0,True,28.7,34.1,24.4
2011-07-19,2427253.0,True,28.5,32.7,24.7
2011-07-20,2368948.0,True,27.6,32.6,23.6
2011-07-21,2305464.0,True,27.1,32.2,22.3
2011-07-22,2261502.0,True,24.1,26.6,21.4
2011-07-23,2009544.0,True,25.4,29.7,22.9
2011-07-24,1883836.0,True,24.8,27.9,22.8
2011-07-25,2271624.0,True,24.9,27.9,23.2
2011-07-26,2298949.0,True,24.8,29.3,21.1
2011-07-27,2398280.0,True,24.0,26.2,22.3
2011-07-28,2413878.0,True,24.7,26.3,22.8
2011-07-29,2378718.0,True,26.2,30.2,23.9
2011-07-30,2021362.0,True,27.2,30.5,24.4
2011-07-31,1896132.0,True,24.7,26.6,23.2
2011-08-01,2217036.0,True,25.6,29.2,23.3
2011-08-02,2229320.0,True,26.1,30.1,24.4
2011-08-03,2262200.0,True,25.4,28.1,23.7
2011-08-04,2292440.0,True,25.4,28.0,23.7
2011-08-05,2266560.0,True,28.9,34.1,23.4
2011-08-06,1972780.0,True,28.5,32.7,26.1
2011-08-07,1813320.0,True,28.7,33.0,24.9
2011-08-08,2268620.0,True,24.7,27.7,23.6
2011-08-09,2236860.0,True,26.0,28.7,24.4
2011-08-10,2246780.0,True,25.8,28.9,23.2
2011-08-11,2260480.0,True,26.6,29.9,24.5
2011-08-12,2258620.0,True,25.3,26.3,24.1
2011-08-13,2005440.0,True,25.3,26.6,23.9
2011-08-14,1798220.0,True,25.0,26.8,23.9
2011-08-15,1866200.0,True,24.5,26.9,22.9
2011-08-16,2357980.0,True,25.0,26.2,23.6
2011-08-17,2414960.0,True,23.7,24.6,22.8
2011-08-18,2313140.0,True,25.2,30.2,21.5
2011-08-19,2264980.0,True,24.4,29.2,21.7
2011-08-20,1985380.0,True,23.1,27.0,20.3
2011-08-21,1847060.0,True,24.4,31.0,18.7
2011-08-22,2258580.0,True,23.5,29.6,19.8
2011-08-23,2254560.0,True,24.3,30.5,18.1
2011-08-24,2235280.0,True,24.8,28.6,21.2
2011-08-25,2253100.0,True,25.7,30.5,21.0
2011-08-26,2251240.0,True,26.4,30.3,23.2
2011-08-27,1986540.0,True,27.6,31.2,23.5
2011-08-28,1828260.0,True,27.3,32.0,24.3
2011-08-29,2304760.0,True,26.8,29.9,24.5
2011-08-30,2331800.0,True,27.1,32.4,24.2
2011-08-31,2299135.0,True,27.9,32.8,23.6
2011-09-01,2308311.0,True,27.0,31.1,22.9
2011-09-02,2305839.0,True,26.9,32.4,22.9
2011-09-03,1979432.0,True,25.1,30.7,20.3
2011-09-04,1791619.0,True,23.7,30.2,19.4
2011-09-05,2216184.0,True,23.8,28.5,19.5
2011-09-06,2196352.0,True,23.4,28.7,18.8
2011-09-07,2212730.0,True,22.6,27.3,17.5
2011-09-08,2203736.0,True,22.3,25.8,20.4
2011-09-09,2220431.0,True,19.9,20.7,19.0
2011-09-10,1961629.0,True,21.5,26.4,18.0
2011-09-11,1827155.0,True,21.2,22.5,19.5
2011-09-12,1463159.0,True,23.3,27.0,20.0
2011-09-13,1593018.0,True,25.0,30.9,20.9
2011-09-14,2122114.0,True,24.4,28.1,22.8
2011-09-15,2353174.0,True,25.7,31.3,21.2
2011-09-16,2352904.0,True,25.6,31.2,21.7
2011-09-17,2011322.0,True,25.8,31.0,21.6
2011-09-18,1860867.0,True,21.0,26.4,17.5
2011-09-19,2249903.0,True,16.8,18.2,14.5
2011-09-20,2411453.0,True,17.7,23.2,13.4
2011-09-21,2528209.0,True,18.1,24.0,12.4
2011-09-22,2551147.0,True,18.1,24.6,11.9
2011-09-23,2416607.0,True,19.5,26.0,13.5
2011-09-24,2253474.0,True,19.6,25.9,14.4
2011-09-25,2112680.0,True,20.0,26.6,14.6
2011-09-26,2298799.0,True,21.2,27.7,14.8
2011-09-27,2369653.0,True,21.8,29.2,15.4
2011-09-28,2376549.0,True,19.8,23.5,16.6
2011-09-29,2606564.0,True,16.9,19.5,15.5
2011-09-30,2806586.0,True,14.8,18.6,10.3
2011-10-01,3150146.0,True,12.7,17.6,7.7
2011-10-02,3008347.0,True,13.3,18.1,9.6
2011-10-03,3294221.0,True,13.8,20.8,7.3
2011-10-04,3346925.0,True,14.9,21.2,8.4
2011-10-05,3156893.0,True,16.4,22.0,12.7
2011-10-06,3111710.0,True,16.5,20.2,12.7
2011-10-07,3083740.0,True,15.4,21.2,10.5
2011-10-08,2999775.0,True,16.2,22.5,10.4
2011-10-09,2861024.0,True,16.6,22.5,11.9
2011-10-10,2944126.0,True,16.9,21.8,12.4
2011-10-11,3015363.0,True,16.5,22.4,12.4
2011-10-12,3279509.0,True,14.7,18.7,10.7
2011-10-13,3086147.0,True,16.6,23.4,10.7
2011-10-14,3305422.0,True,14.4,15.7,12.7
2011-10-15,3642644.0,True,13.0,16.9,11.4
2011-10-16,3546114.0,True,14.8,20.1,11.1
2011-10-17,4132276.0,True,11.2,14.8,7.0
2011-10-18,4587217.0,True,9.4,15.4,3.9
2011-10-19,4326192.0,True,12.8,20.4,4.6
2011-10-20,3994093.0,True,15.5,20.9,11.0
2011-10-21,3490543.0,True,17.3,21.0,13.1
2011-10-22,3187924.0,True,17.1,21.7,14.4
2011-10-23,3093883.0,True,16.5,22.1,11.8
2011-10-24,3877801.0,True,12.3,15.3,7.1
2011-10-25,4988984.0,True,7.6,12.1,3.7
2011-10-26,5044452.0,True,9.5,15.3,3.1
2011-10-27,4457916.0,True,12.7,19.5,6.6
2011-10-28,4008418.0,True,14.5,19.8,11.0
2011-10-29,4150970.0,True,12.0,13.5,10.2
2011-10-30,3911021.0,True,14.8,20.8,10.7
2011-10-31,4020917.0,True,15.0,22.1,8.5
2011-11-01,3689717.0,True,16.1,22.6,9.9
2011-11-02,3514386.0,True,16.2,21.5,13.4
2011-11-03,3466849.0,True,16.8,24.3,10.0
2011-11-04,3236701.0,True,18.4,22.5,15.4
2011-11-05,2936275.0,True,19.9,25.9,16.4
2011-11-06,3373993.0,True,14.6,19.3,12.9
2011-11-07,3513417.0,True,15.1,18.8,12.5
2011-11-08,3676638.0,True,14.9,19.6,11.1
2011-11-09,3911864.0,True,14.5,18.4,12.5
2011-11-10,4036718.0,True,14.1,17.0,10.9
2011-11-11,4239147.0,True,12.5,14.7,11.0
2011-11-12,4286687.0,True,12.0,15.8,9.1
2011-11-13,4232216.0,True,11.3,15.8,6.0
2011-11-14,5608450.0,True,6.4,11.0,3.4
2011-11-15,5791806.0,True,7.2,11.6,3.4
2011-11-16,5397427.0,True,10.9,15.7,5.8
2011-11-17,4847483.0,True,13.6,16.3,10.5
2011-11-18,4768260.0,True,14.2,16.1,11.9
2011-11-19,5149391.0,True,10.6,15.5,3.5
2011-11-20,7286748.0,True,0.4,3.7,-2.2
2011-11-21,8008241.0,True,1.6,6.3,-2.6
2011-11-22,7612764.0,True,5.6,7.9,1.9
2011-11-23,8101053.0,True,2.8,7.4,-2.1
2011-11-24,9363496.0,True,-1.6,2.0,-5.5
2011-11-25,8416092.0,True,2.8,7.2,-0.5
2011-11-26,7782443.0,True,5.6,8.8,1.8
2011-11-27,6360811.0,True,13.5,15.3,8.7
2011-11-28,5357896.0,True,14.6,17.0,13.6
2011-11-29,5319456.0,True,11.3,13.6,9.2
2011-11-30,6921994.0,True,4.7,9.2,3.0
2011-12-01,7215176.0,True,5.8,9.0,4.3
2011-12-02,7435768.0,True,5.5,7.5,2.5
2011-12-03,7199533.0,True,5.3,9.1,3.7
2011-12-04,7766355.0,True,2.5,6.3,-0.3
2011-12-05,8437245.0,True,1.5,5.9,-2.1
2011-12-06,7923621.0,True,3.9,7.7,1.2
2011-12-07,7901444.0,True,4.0,5.7,2.3
2011-12-08,8679642.0,True,0.1,3.7,-3.7
2011-12-09,9775300.0,True,-2.7,0.1,-4.4
2011-12-10,9513780.0,True,-1.7,1.4,-4.9
2011-12-11,8692880.0,True,2.8,6.3,-1.7
2011-12-12,8458520.0,True,3.5,6.4,-0.1
2011-12-13,8806040.0,True,1.5,7.4,-3.1
2011-12-14,9020624.0,True,2.4,7.2,-1.1
2011-12-15,10383660.0,True,-3.9,-0.9,-5.8
2011-12-16,11666600.0,True,-7.1,-3.5,-9.8
2011-12-17,11630140.0,True,-5.8,-1.6,-10.6
2011-12-18,10551240.0,True,-2.4,1.4,-5.0
2011-12-19,10960420.0,True,-2.4,1.9,-6.7
2011-12-20,10575640.0,True,-0.3,3.8,-5.1
2011-12-21,10090020.0,True,1.9,5.2,-0.7
2011-12-22,11493820.0,True,-5.5,1.1,-8.7
2011-12-23,11835840.0,True,-5.4,-1.1,-10.1
2011-12-24,11385600.0,True,-5.2,-3.0,-7.8
2011-12-25,11835760.0,True,-7.1,-3.5,-9.5
2011-12-26,12574120.0,True,-7.1,-3.5,-10.1
2011-12-27,12010620.0,True,-4.0,1.2,-8.8
2011-12-28,11148020.0,True,-0.5,2.2,-4.1
2011-12-29,10746060.0,True,-1.7,1.7,-4.8
2011-12-30,11098980.0,True,-3.0,1.9,-6.4
2011-12-31,10766000.0,True,-1.9,1.4,-6.0
2012-01-01,10038000.0,True,-3.0,0.4,-6.9
2012-01-02,11167640.0,True,-4.8,-1.2,-8.3
2012-01-03,11318640.0,True,-4.5,-0.2,-6.8
2012-01-04,12008960.0,True,-7.4,-4.3,-9.6
2012-01-05,11835400.0,True,-5.7,-1.3,-9.8
2012-01-06,10939720.0,True,-2.8,1.3,-5.6
2012-01-07,10817940.0,True,-3.8,2.0,-8.0
2012-01-08,10512000.0,True,-2.5,0.4,-5.5
2012-01-09,10321000.0,True,-0.3,2.7,-1.8
2012-01-10,10390280.0,True,-2.5,1.5,-5.8
2012-01-11,11255520.0,True,-6.0,-3.3,-8.1
2012-01-12,11298620.0,True,-4.6,-0.4,-10.3
2012-01-13,10341380.0,True,-1.2,2.6,-4.1
2012-01-14,10108440.0,True,-1.5,2.7,-6.3
2012-01-15,10027760.0,True,-2.6,0.3,-4.7
2012-01-16,10025420.0,True,1.0,7.8,-5.1
2012-01-17,9367880.0,True,2.8,8.2,0.0
2012-01-18,9479300.0,True,1.4,5.4,-2.2
2012-01-19,9007340.0,True,5.3,8.4,1.4
2012-01-20,8435920.0,True,5.4,8.3,3.7
2012-01-21,8284260.0,True,2.4,5.7,-2.6
2012-01-22,9784220.0,True,-7.7,-2.4,-11.6
2012-01-23,10148220.0,True,-9.6,-5.3,-12.2
2012-01-24,11190320.0,True,-7.3,-3.1,-11.8
2012-01-25,12422620.0,True,-8.2,-5.0,-11.6
2012-01-26,11495260.0,True,-2.9,1.8,-8.5
2012-01-27,10619840.0,True,-0.9,4.9,-4.4
2012-01-28,10303240.0,True,-1.8,3.1,-6.0
2012-01-29,10257760.0,True,-2.8,1.6,-5.5
2012-01-30,11329040.0,True,-5.6,-0.8,-8.8
2012-01-31,11649460.0,True,-4.7,-0.3,-8.5
2012-02-01,13109760.0,True,-12.8,-8.1,-15.3
2012-02-02,14198020.0,True,-13.7,-9.5,-17.1
2012-02-03,13306400.0,True,-8.6,-3.9,-14.5
2012-02-04,11443500.0,True,-3.0,1.0,-5.2
2012-02-05,10675680.0,True,-0.9,4.8,-4.5
2012-02-06,10371460.0,True,0.9,7.0,-3.2
2012-02-07,11884060.0,True,-8.7,-0.1,-11.5
2012-02-08,12362360.0,True,-8.0,-3.8,-12.1
2012-02-09,11576200.0,True,-4.5,-0.5,-9.0
2012-02-10,11037920.0,True,-3.5,1.7,-6.9
2012-02-11,10806160.0,True,-3.8,0.8,-9.2
2012-02-12,9882320.0,True,-0.1,4.8,-5.0
2012-02-13,9411120.0,True,3.1,8.4,0.2
2012-02-14,8881490.0,True,3.0,8.3,-0.3
2012-02-15,9517950.0,True,-1.3,3.0,-4.1
2012-02-16,10168580.0,True,-2.8,2.7,-6.1
2012-02-17,11149200.0,True,-6.4,-2.9,-8.8
2012-02-18,11235750.0,True,-6.8,-2.2,-9.6
2012-02-19,10614400.0,True,-4.4,1.3,-9.6
2012-02-20,10031370.0,True,-0.2,5.3,-5.5
2012-02-21,9381480.0,True,2.3,5.5,-0.9
2012-02-22,8528360.0,True,5.8,12.1,-0.8
2012-02-23,7978040.0,True,4.4,8.2,1.1
2012-02-24,8009140.0,True,4.3,9.7,0.2
2012-02-25,8331390.0,True,1.2,5.0,-2.3
2012-02-26,8959790.0,True,-1.6,3.2,-4.0
2012-02-27,9320850.0,True,-0.7,5.2,-5.9
2012-02-28,8928850.0,True,2.1,7.3,-3.2
2012-02-29,8051690.0,True,5.4,11.8,-1.5
2012-03-01,7091664.0,True,8.7,14.6,4.0
2012-03-02,7099784.0,True,6.9,9.5,5.2
2012-03-03,6748544.0,True,6.9,12.9,2.7
2012-03-04,6937904.0,True,6.2,9.7,3.0
2012-03-05,7539084.0,True,5.3,8.5,3.1
2012-03-06,8105494.0,True,3.0,4.6,1.8
2012-03-07,7936314.0,True,3.0,7.7,-0.2
2012-03-08,8254074.0,True,2.0,5.2,-0.3
2012-03-09,8168604.0,True,3.4,9.1,-2.1
2012-03-10,7707094.0,True,3.9,8.9,1.3
2012-03-11,8840434.0,True,-2.4,1.3,-4.6
2012-03-12,9345954.0,True,-1.6,3.2,-5.7
2012-03-13,8595854.0,True,1.7,6.6,-3.5
2012-03-14,8404624.0,True,3.6,5.9,1.8
2012-03-15,7788414.0,True,5.5,11.8,-1.7
2012-03-16,7174024.0,True,8.1,12.9,5.7
2012-03-17,6177494.0,True,10.4,16.1,6.8
2012-03-18,6151134.0,True,6.9,11.5,2.2
2012-03-19,7217464.0,True,2.8,7.2,-0.5
2012-03-20,7536194.0,True,3.1,8.3,-1.9
2012-03-21,7282074.0,True,4.3,10.4,-0.5
2012-03-22,6847434.0,True,7.8,11.4,3.3
2012-03-23,7164484.0,True,5.0,9.7,2.3
2012-03-24,7450224.0,True,3.3,6.9,1.5
2012-03-25,7385394.0,True,3.6,7.7,0.9
2012-03-26,7457864.0,True,3.9,8.7,-0.2
2012-03-27,7175784.0,True,6.4,10.9,1.0
2012-03-28,6198414.0,True,10.1,15.8,6.4
2012-03-29,5770904.0,True,11.6,16.2,5.9
2012-03-30,5749084.0,True,9.0,11.9,5.8
2012-03-31,6176504.0,True,5.4,10.1,2.5
2012-04-01,6727638.0,True,4.6,9.4,0.6
2012-04-02,6830698.0,True,8.3,14.1,3.5
2012-04-03,7417668.0,True,4.9,9.4,1.1
2012-04-04,6864998.0,True,7.2,12.8,2.2
2012-04-05,6733388.0,True,6.7,12.2,3.1
2012-04-06,6956668.0,True,5.4,9.6,2.6
2012-04-07,6661708.0,True,5.9,12.4,0.6
2012-04-08,5853968.0,True,11.3,17.6,4.6
2012-04-09,4956238.0,True,15.4,22.4,10.7
2012-04-10,4852848.0,True,13.7,16.9,11.5
2012-04-11,4742618.0,True,12.2,17.4,9.1
2012-04-12,5273228.0,True,8.9,12.4,5.3
2012-04-13,5219038.0,True,10.3,15.1,7.4
2012-04-14,4895708.0,True,10.5,16.4,5.9
2012-04-15,4035098.0,True,13.4,21.7,6.9
2012-04-16,4178468.0,True,11.9,17.9,7.2
2012-04-17,4007838.0,True,13.6,19.7,7.5
2012-04-18,3894248.0,True,15.2,21.3,9.2
2012-04-19,3547698.0,True,17.0,24.3,12.2
2012-04-20,3211388.0,True,18.4,23.8,13.6
2012-04-21,3884198.0,True,11.4,16.3,9.5
2012-04-22,4324358.0,True,9.4,12.0,7.9
2012-04-23,3941078.0,True,12.9,17.3,9.1
2012-04-24,3233698.0,True,19.7,26.6,12.2
2012-04-25,3535848.0,True,15.1,20.7,10.5
2012-04-26,3694048.0,True,11.9,16.8,8.0
2012-04-27,3489768.0,True,15.2,22.3,7.8
2012-04-28,3080648.0,True,17.0,22.1,13.8
2012-04-29,2626868.0,True,19.9,26.3,14.0
2012-04-30,2633127.0,True,22.9,29.4,15.4
2012-05-01,2703898.0,True,22.6,28.3,17.3
2012-05-02,2703508.0,True,23.1,29.1,19.0
2012-05-03,2661428.0,True,20.0,25.4,17.0
2012-05-04,2548328.0,True,19.7,25.7,14.3
2012-05-05,2371988.0,True,18.8,24.9,13.5
2012-05-06,2368108.0,True,18.1,24.1,13.1
2012-05-07,2623228.0,True,18.5,24.9,12.2
2012-05-08,2644858.0,True,20.8,28.0,14.2
2012-05-09,2612798.0,True,20.7,27.4,15.0
2012-05-10,2603718.0,True,20.1,26.6,15.5
2012-05-11,2609358.0,True,16.2,19.2,13.2
2012-05-12,2501428.0,True,17.1,21.1,14.4
2012-05-13,2385088.0,True,19.1,25.2,14.8
2012-05-14,2781988.0,True,16.1,17.2,15.1
2012-05-15,2733628.0,True,16.9,22.7,13.0
2012-05-16,2758328.0,True,16.6,22.0,12.7
2012-05-17,2759818.0,True,16.6,20.5,13.9
2012-05-18,2681108.0,True,18.1,24.5,12.0
2012-05-19,2491968.0,True,19.5,25.8,13.1
2012-05-20,2317078.0,True,21.3,28.7,14.5
2012-05-21,2513380.0,True,23.0,28.9,17.2
2012-05-22,2506950.0,True,23.3,29.3,17.8
2012-05-23,2477760.0,True,22.1,27.8,18.3
2012-05-24,2435310.0,True,19.7,24.0,17.0
2012-05-25,2456900.0,True,20.5,26.6,16.2
2012-05-26,2265930.0,True,19.8,26.1,14.1
2012-05-27,2091480.0,True,19.3,23.4,17.1
2012-05-28,2186630.0,True,20.9,26.0,16.4
2012-05-29,2411240.0,True,21.6,25.4,18.8
2012-05-30,2410340.0,True,20.7,23.6,18.6
2012-05-31,2428930.0,True,20.9,27.2,16.6
2012-06-01,2422950.0,True,21.4,26.7,16.3
2012-06-02,2168100.0,True,23.1,28.8,19.2
2012-06-03,2016320.0,True,23.3,29.1,18.0
2012-06-04,2308690.0,True,23.7,29.1,18.6
2012-06-05,2293290.0,True,22.5,27.5,19.8
2012-06-06,2044900.0,True,23.0,28.9,19.1
2012-06-07,2318600.0,True,23.0,29.4,18.5
2012-06-08,2291675.0,True,22.2,27.9,19.0
2012-06-09,2085800.0,True,24.2,29.9,18.6
2012-06-10,1908490.0,True,23.7,28.7,20.8
2012-06-11,2240800.0,True,23.2,27.8,20.3
2012-06-12,2280160.0,True,22.6,28.9,19.0
2012-06-13,2269280.0,True,23.4,28.9,18.3
2012-06-14,2283950.0,True,24.8,31.7,19.3
2012-06-15,2246780.0,True,23.7,28.0,20.4
2012-06-16,2024070.0,True,23.5,29.9,20.2
2012-06-17,1848610.0,True,23.6,29.8,18.1
2012-06-18,2245510.0,True,24.9,30.2,20.1
2012-06-19,2235430.0,True,26.0,33.5,20.9
2012-06-20,2268310.0,True,25.4,31.3,21.3
2012-06-21,2242330.0,True,25.7,32.4,21.3
2012-06-22,2223080.0,True,24.3,29.3,21.3
2012-06-23,1978380.0,True,26.2,31.7,21.5
2012-06-24,1763830.0,True,27.8,32.8,23.6
2012-06-25,2121470.0,True,26.5,33.2,22.2
2012-06-26,2190680.0,True,24.6,30.8,20.6
2012-06-27,2208270.0,True,24.8,31.0,19.3
2012-06-28,2209650.0,True,25.3,29.6,20.9
2012-06-29,2211260.0,True,25.9,31.0,22.0
2012-06-30,1978250.0,True,21.9,23.7,20.2
2012-07-01,1815170.0,True,21.6,25.4,19.2
2012-07-02,2153440.0,True,24.0,29.8,21.7
2012-07-03,2226880.0,True,22.7,25.7,19.7
2012-07-04,2292900.0,True,24.4,27.4,22.6
2012-07-05,2335950.0,True,22.7,24.6,20.9
2012-07-06,2318610.0,True,20.9,21.8,19.9
2012-07-07,2008210.0,True,24.8,31.0,18.5
2012-07-08,1877400.0,True,25.8,30.7,21.4
2012-07-09,2297550.0,True,26.3,32.3,21.9
2012-07-10,2307070.0,True,25.9,29.1,21.7
2012-07-11,2345940.0,True,23.3,26.5,21.0
2012-07-12,2292170.0,True,24.7,28.5,21.1
2012-07-13,2364270.0,True,26.1,29.3,21.8
2012-07-14,2050280.0,True,22.8,26.2,20.4
2012-07-15,2027300.0,True,19.7,20.5,19.1
2012-07-16,2442050.0,True,21.7,25.0,19.0
2012-07-17,2243870.0,True,25.5,29.0,21.6
2012-07-18,2518570.0,True,26.3,28.4,24.7
2012-07-19,2452480.0,True,23.9,26.5,22.4
2012-07-20,2346480.0,True,25.6,29.7,22.1
2012-07-21,2068600.0,True,27.5,31.4,24.1
2012-07-22,1904090.0,True,27.2,30.4,23.7
2012-07-23,2331830.0,True,27.6,30.5,25.6
2012-07-24,2338992.0,True,27.8,32.1,25.5
2012-07-25,2308616.0,True,27.9,32.1,24.2
2012-07-26,2280225.0,True,28.1,32.6,24.3
2012-07-27,2260909.0,True,27.9,32.3,24.9
2012-07-28,1954601.0,True,28.5,33.2,25.2
2012-07-29,1753724.0,True,29.2,33.2,26.2
2012-07-30,2164086.0,True,28.4,31.6,23.0
2012-07-31,2175061.0,True,29.0,33.0,26.6
2012-08-01,2156649.0,True,30.8,35.3,25.9
2012-08-02,2132204.0,True,30.8,35.5,26.8
2012-08-03,2092031.0,True,31.3,35.4,27.1
2012-08-04,1777304.0,True,31.7,36.2,28.2
2012-08-05,1626587.0,True,31.8,36.7,27.5
2012-08-06,2111461.0,True,31.5,35.8,27.8
2012-08-07,2150275.0,True,30.7,35.0,26.6
2012-08-08,2076232.0,True,29.6,34.3,25.6
2012-08-09,2115134.0,True,29.7,34.6,26.6
2012-08-10,2084151.0,True,27.4,29.0,25.7
2012-08-11,1746577.0,True,27.7,31.8,24.0
2012-08-12,1619693.0,True,25.5,27.9,22.3
2012-08-13,2059674.0,True,26.6,32.1,22.1
2012-08-14,2160209.0,True,26.7,31.2,23.2
2012-08-15,1884301.0,True,23.7,27.1,22.4
2012-08-16,2217796.0,True,26.0,28.9,22.7
2012-08-17,2289800.0,True,27.5,32.2,24.3
2012-08-18,2046824.0,True,27.2,28.6,25.8
2012-08-19,1908929.0,True,27.9,30.8,26.3
2012-08-20,2365543.0,True,25.4,27.1,24.0
2012-08-21,2378774.0,True,25.3,28.7,23.5
2012-08-22,2250471.0,True,22.0,24.6,20.3
2012-08-23,2215936.0,True,23.0,25.7,20.5
2012-08-24,2232371.0,True,23.3,26.1,21.1
2012-08-25,2076581.0,True,25.0,28.9,21.5
2012-08-26,1925417.0,True,27.5,32.4,24.1
2012-08-27,2358316.0,True,28.5,32.9,24.5
2012-08-28,2232294.0,True,26.1,29.4,21.8
2012-08-29,2322459.0,True,25.7,29.1,21.7
2012-08-30,2286544.0,True,21.4,24.7,18.7
2012-08-31,2193728.0,True,23.8,28.4,18.7
2012-09-01,1964049.0,True,25.2,29.4,22.3
2012-09-02,1800760.0,True,25.0,29.5,20.8
2012-09-03,2222194.0,True,24.9,28.5,22.2
2012-09-04,2264912.0,True,22.0,24.4,19.7
2012-09-05,2226036.0,True,22.3,26.1,19.2
2012-09-06,2201269.0,True,21.6,27.1,16.0
2012-09-07,2184318.0,True,22.5,27.2,16.9
2012-09-08,2054060.0,True,20.2,23.7,17.7
2012-09-09,1910033.0,True,20.9,25.0,17.1
2012-09-10,2211278.0,True,23.2,28.3,17.8
2012-09-11,2225554.0,True,22.8,27.5,18.1
2012-09-12,2194326.0,True,21.6,24.8,19.6
2012-09-13,2295882.0,True,20.0,21.1,18.6
2012-09-14,2264755.0,True,19.4,21.8,17.3
2012-09-15,2106471.0,True,21.0,25.5,17.0
2012-09-16,2067915.0,True,19.9,22.1,17.5
2012-09-17,2575936.0,True,17.3,18.4,16.0
2012-09-18,2382452.0,True,20.9,24.6,17.7
2012-09-19,2358886.0,True,20.6,25.2,17.7
2012-09-20,2365648.0,True,20.1,24.7,15.6
2012-09-21,2343663.0,True,20.1,24.3,17.2
2012-09-22,2208267.0,True,20.7,26.4,15.2
2012-09-23,2066065.0,True,21.2,26.6,16.4
2012-09-24,2284213.0,True,21.5,27.5,16.1
2012-09-25,2312512.0,True,21.8,27.8,16.9
2012-09-26,2300467.0,True,21.3,25.4,17.5
2012-09-27,2306363.0,True,20.3,23.6,17.7
2012-09-28,2460485.0,True,18.0,22.0,15.4
2012-09-29,2415411.0,True,16.4,19.8,14.0
2012-09-30,2223170.0,True,16.2,21.0,12.0
2012-10-01,2107616.0,True,18.1,24.6,12.5
2012-10-02,2316511.0,True,19.3,24.9,14.3
2012-10-03,2236844.0,True,19.9,26.0,15.0
2012-10-04,2438807.0,True,19.0,24.2,14.4
2012-10-05,2461035.0,True,19.0,22.8,14.9
2012-10-06,2347844.0,True,19.6,24.5,16.1
2012-10-07,2312562.0,True,19.2,24.4,15.1
2012-10-08,2486501.0,True,18.4,23.4,14.6
2012-10-09,2534195.0,True,17.6,22.4,13.8
2012-10-10,2780290.0,True,15.7,20.3,12.6
2012-10-11,3094019.0,True,13.9,19.0,9.9
2012-10-12,3097222.0,True,14.9,21.4,8.5
2012-10-13,2906487.0,True,16.4,23.1,11.3
2012-10-14,2868008.0,True,16.3,21.8,12.0
2012-10-15,3252499.0,True,14.8,21.8,10.3
2012-10-16,3172450.0,True,17.1,23.4,10.8
2012-10-17,3570868.0,True,12.6,17.6,8.1
2012-10-18,3836905.0,True,11.6,17.0,6.0
2012-10-19,3509728.0,True,14.8,20.1,10.3
2012-10-20,3289687.0,True,15.8,21.0,10.5
2012-10-21,2876787.0,True,18.3,23.7,15.4
2012-10-22,3664966.0,True,13.4,17.1,8.5
2012-10-23,4137286.0,True,10.0,14.5,4.5
2012-10-24,3931963.0,True,13.2,18.4,9.5
2012-10-25,3645863.0,True,15.2,20.0,12.6
2012-10-26,3451980.0,True,15.9,22.3,11.1
2012-10-27,3765037.0,True,14.3,16.4,12.5
2012-10-28,3503885.0,True,14.3,18.8,10.8
2012-10-29,4019189.0,True,11.7,16.7,8.0
2012-10-30,4623948.0,True,8.6,12.4,5.8
2012-10-31,5396841.0,True,6.9,11.6,2.8
2012-11-01,5926260.0,True,5.6,10.0,2.7
2012-11-02,5759354.0,True,7.2,12.4,1.6
2012-11-03,5365843.0,True,9.4,15.7,3.2
2012-11-04,5197196.0,True,11.8,15.3,9.1
2012-11-05,5403675.0,True,8.5,10.7,7.2
2012-11-06,5813587.0,True,7.1,8.6,5.1
2012-11-07,5686894.0,True,8.4,12.5,4.1
2012-11-08,5578999.0,True,8.8,12.6,6.0
2012-11-09,5494274.0,True,9.4,15.0,4.4
2012-11-10,5175711.0,True,12.0,14.7,9.2
2012-11-11,5645595.0,True,8.7,12.0,3.6
2012-11-12,6167325.0,True,7.3,9.1,5.8
2012-11-13,6521134.0,True,5.3,9.1,1.7
2012-11-14,7344580.0,True,2.4,6.7,-0.6
2012-11-15,7154802.0,True,4.2,9.8,-0.3
2012-11-16,7173999.0,True,4.9,8.2,1.0
2012-11-17,6810155.0,True,5.3,8.0,1.5
2012-11-18,6953227.0,True,3.5,8.4,-0.5
2012-11-19,7513564.0,True,3.4,7.6,-0.5
2012-11-20,7953823.0,True,1.9,6.4,-1.8
2012-11-21,7703771.0,True,4.1,8.4,-0.4
2012-11-22,7189803.0,True,6.7,10.5,1.9
2012-11-23,7524555.0,True,3.3,6.9,0.3
2012-11-24,7711519.0,True,1.7,6.7,-1.8
2012-11-25,7558244.0,True,3.4,7.5,-0.7
2012-11-26,8097111.0,True,2.3,5.1,-1.2
2012-11-27,8402958.0,True,2.1,6.5,-2.8
2012-11-28,7893132.0,True,5.0,10.2,-0.1
2012-11-29,8477014.0,True,0.8,4.7,-1.9
2012-11-30,8437736.0,True,1.7,6.2,-3.0
2012-12-01,8975377.0,True,-0.9,4.0,-5.9
2012-12-02,8127834.0,True,2.9,7.1,1.0
2012-12-03,8804213.0,True,1.7,5.0,-1.6
2012-12-04,9732536.0,True,-3.3,-0.1,-5.9
2012-12-05,10314235.0,True,-3.8,-0.8,-6.2
2012-12-06,10914789.0,True,-6.3,-2.9,-10.3
2012-12-07,11104804.0,True,-4.5,-2.4,-6.4
2012-12-08,11465786.0,True,-8.2,-5.3,-11.0
2012-12-09,12149654.0,True,-10.5,-7.0,-13.2
2012-12-10,12410934.0,True,-8.3,-4.6,-11.8
2012-12-11,12114904.0,True,-6.5,-0.8,-10.4
2012-12-12,11687963.0,True,-5.0,0.0,-9.0
2012-12-13,10993885.0,True,-1.5,3.4,-6.2
2012-12-14,10197863.0,True,2.7,4.7,0.3
2012-12-15,8764613.0,True,4.6,8.3,1.9
2012-12-16,8774759.0,True,1.6,4.3,-1.2
2012-12-17,9536987.0,True,-0.4,3.2,-4.7
2012-12-18,10970231.0,True,-6.8,-4.0,-9.2
2012-12-19,11228379.0,True,-6.9,-2.8,-10.4
2012-12-20,11013442.0,True,-3.4,0.3,-7.8
2012-12-21,10881140.0,True,-0.7,0.8,-1.9
2012-12-22,10041463.0,True,-3.0,-0.8,-5.9
2012-12-23,11475329.0,True,-8.9,-5.9,-12.5
2012-12-24,12478764.0,True,-8.8,-4.5,-13.6
2012-12-25,12067229.0,True,-8.9,-4.6,-13.7
2012-12-26,13406035.0,True,-10.8,-7.0,-14.5
2012-12-27,12541094.0,True,-5.7,-0.8,-11.3
2012-12-28,11301576.0,True,-0.9,1.5,-3.5
2012-12-29,10529685.0,True,-0.3,0.6,-1.9
2012-12-30,11219538.0,True,-8.2,0.0,-10.7
2012-12-31,12217431.0,True,-8.7,-5.0,-11.6
2013-01-01,11315941.0,True,-4.7,0.0,-8.7
2013-01-02,13109295.0,True,-11.7,-4.8,-15.1
2013-01-03,14024371.0,True,-13.2,-9.3,-16.4
2013-01-04,13623338.0,True,-10.7,-5.8,-14.8
2013-01-05,12681900.0,True,-7.0,-1.2,-12.1
2013-01-06,12013045.0,True,-6.3,-2.0,-9.4
2013-01-07,12144593.0,True,-5.1,0.1,-8.8
2013-01-08,11810674.0,True,-4.6,-0.7,-6.8
2013-01-09,12552214.0,True,-9.0,-6.4,-10.7
2013-01-10,12643571.0,True,-8.3,-3.6,-12.3
2013-01-11,11529678.0,True,-3.2,1.4,-7.9
2013-01-12,10618595.0,True,0.0,4.2,-2.7
2013-01-13,9634848.0,True,-0.5,3.3,-3.0
2013-01-14,10558783.0,True,-2.1,1.8,-4.3
2013-01-15,10613260.0,True,-2.1,2.0,-5.5
2013-01-16,10657250.0,True,-2.6,0.4,-5.8
2013-01-17,11369765.0,True,-5.8,-2.5,-8.2
2013-01-18,11122777.0,True,-4.4,0.2,-9.2
2013-01-19,9907623.0,True,0.5,4.6,-2.5
2013-01-20,9471687.0,True,1.6,4.1,-2.0
2013-01-21,9534478.0,True,2.2,4.0,1.1
2013-01-22,8930142.0,True,3.8,6.0,2.0
2013-01-23,9029926.0,True,1.8,3.8,1.0
2013-01-24,9806570.0,True,-0.9,2.4,-6.7
2013-01-25,11645063.0,True,-9.1,-6.5,-10.8
2013-01-26,11887044.0,True,-9.2,-5.1,-11.9
2013-01-27,11626529.0,True,-7.3,-3.9,-10.7
2013-01-28,11477290.0,True,-3.5,0.2,-8.9
2013-01-29,10138927.0,True,2.2,3.7,-0.3
2013-01-30,9002188.0,True,5.4,8.5,3.5
2013-01-31,8126363.0,True,7.4,11.5,3.7
2013-02-01,7781894.0,True,7.3,9.3,3.7
2013-02-02,8510135.0,True,-1.1,3.7,-4.5
2013-02-03,9679660.0,True,-3.2,-1.1,-5.8
2013-02-04,10002144.0,True,-0.8,2.5,-3.3
2013-02-05,9808137.0,True,-0.6,2.7,-4.0
2013-02-06,10144082.0,True,-1.5,0.2,-3.1
2013-02-07,12402338.0,True,-11.1,-2.6,-13.8
2013-02-08,13230877.0,True,-11.5,-6.1,-15.8
2013-02-09,11684648.0,True,-7.2,-2.6,-12.3
2013-02-10,9985202.0,True,-4.0,-0.5,-8.4
2013-02-11,10846584.0,True,-5.8,-0.9,-10.4
2013-02-12,11420604.0,True,-3.8,-1.9,-4.8
2013-02-13,10599650.0,True,-1.3,2.9,-6.3
2013-02-14,9770067.0,True,1.1,5.2,-2.6
2013-02-15,9746809.0,True,-1.2,1.5,-5.2
2013-02-16,9857737.0,True,-2.6,2.6,-7.0
2013-02-17,9036989.0,True,2.3,5.8,-2.1
2013-02-18,9274232.0,True,0.5,3.1,-2.5
2013-02-19,9998855.0,True,-2.9,0.6,-7.1
2013-02-20,10536476.0,True,-4.8,0.0,-8.7
2013-02-21,9934157.0,True,-1.7,2.5,-5.3
2013-02-22,9489233.0,True,0.5,4.3,-3.1
2013-02-23,9538283.0,True,-0.9,2.4,-4.4
2013-02-24,8808152.0,True,1.4,5.3,-2.4
2013-02-25,8659447.0,True,3.3,8.6,-0.7
2013-02-26,8530182.0,True,4.8,7.5,2.5
2013-02-27,7711522.0,True,3.4,8.8,0.8
2013-02-28,7528278.0,True,6.7,13.9,-1.1
2013-03-01,7828219.0,True,0.8,7.7,-2.4
2013-03-02,8460249.0,True,-0.8,3.1,-4.4
2013-03-03,8390532.0,True,0.4,4.8,-3.5
2013-03-04,8330515.0,True,3.1,8.9,-0.7
2013-03-05,8009672.0,True,3.7,9.1,-0.7
2013-03-06,7417203.0,True,7.9,14.3,0.9
2013-03-07,6916165.0,True,8.0,11.7,4.3
2013-03-08,6557219.0,True,8.5,14.1,3.8
2013-03-09,5700118.0,True,13.2,23.8,6.2
2013-03-10,6909985.0,True,1.2,7.9,-1.5
2013-03-11,7246533.0,True,4.2,12.1,-2.6
2013-03-12,6979392.0,True,7.5,11.7,1.6
2013-03-13,7163205.0,True,5.2,8.4,1.8
2013-03-14,7246989.0,True,4.1,9.8,0.9
2013-03-15,7143520.0,True,4.6,10.5,0.0
2013-03-16,6678844.0,True,6.3,12.7,1.6
2013-03-17,6331637.0,True,8.2,15.9,3.4
2013-03-18,6224064.0,True,8.3,14.2,5.3
2013-03-19,6252119.0,True,8.0,11.4,5.2
2013-03-20,7295533.0,True,2.8,8.5,-2.5
2013-03-21,7865969.0,True,1.5,7.2,-4.0
2013-03-22,7494138.0,True,3.4,6.9,0.9
2013-03-23,7129626.0,True,5.4,12.1,-1.2
2013-03-24,6743815.0,True,5.1,10.2,1.8
2013-03-25,7364762.0,True,2.8,7.8,-0.7
2013-03-26,7130803.0,True,4.4,10.4,-0.9
2013-03-27,6648622.0,True,7.5,14.9,1.4
2013-03-28,6528312.0,True,7.3,12.0,4.4
2013-03-29,6637236.0,True,5.4,10.4,0.6
2013-03-30,6718420.0,True,4.9,10.2,2.3
2013-03-31,6337289.0,True,6.3,13.2,1.0
2013-04-01,6200847.0,True,9.2,13.4,3.3
2013-04-02,6353228.0,True,7.2,9.5,5.8
2013-04-03,6033343.0,True,7.9,14.1,3.9
2013-04-04,5367297.0,True,12.6,19.8,5.6
2013-04-05,4861781.0,True,14.6,19.9,10.1
2013-04-06,5555768.0,True,7.5,13.0,2.5
2013-04-07,5920016.0,True,5.1,9.6,2.0
2013-04-08,6072619.0,True,8.0,13.8,2.5
2013-04-09,6280687.0,True,6.2,10.7,3.2
2013-04-10,6634933.0,True,5.0,8.1,1.3
2013-04-11,6588243.0,True,5.5,9.6,3.7
2013-04-12,6293456.0,True,6.9,11.9,2.2
2013-04-13,5620234.0,True,11.4,17.5,3.4
2013-04-14,5484887.0,True,8.3,12.2,4.2
2013-04-15,5909173.0,True,7.5,12.5,2.6
2013-04-16,5148981.0,True,13.2,19.1,8.6
2013-04-17,4504039.0,True,14.8,20.6,10.3
2013-04-18,4556115.0,True,12.3,16.3,9.0
2013-04-19,4772076.0,True,9.8,15.0,5.1
2013-04-20,5422880.0,True,6.6,10.1,4.0
2013-04-21,5040783.0,True,9.0,15.3,4.2
2013-04-22,4826898.0,True,11.4,17.2,5.6
2013-04-23,5055711.0,True,11.2,14.8,9.7
2013-04-24,4531166.0,True,12.3,18.0,8.3
2013-04-25,4985745.0,True,9.3,13.8,7.9
2013-04-26,4606855.0,True,11.7,16.3,6.9
2013-04-27,4282464.0,True,12.8,18.5,8.2
2013-04-28,3947427.0,True,16.0,21.6,10.3
2013-04-29,4057058.0,True,13.5,17.7,9.0
2013-04-30,3896075.0,True,13.4,19.5,7.7
2013-05-01,3757248.0,True,13.2,18.6,8.7
2013-05-02,3799415.0,True,12.4,17.1,9.0
2013-05-03,3852798.0,True,12.6,18.2,9.0
2013-05-04,3638387.0,True,13.9,19.6,9.3
2013-05-05,3463745.0,True,14.3,20.6,9.2
2013-05-06,3522584.0,True,14.6,21.3,7.9
2013-05-07,3270014.0,True,18.7,26.7,11.9
2013-05-08,3104003.0,True,19.4,26.2,12.7
2013-05-09,3097172.0,True,18.1,23.0,14.7
2013-05-10,3302209.0,True,14.0,16.1,10.4
2013-05-11,2976879.0,True,17.9,24.8,11.0
2013-05-12,2749899.0,True,19.1,22.5,16.4
2013-05-13,2716091.0,True,21.6,26.8,17.7
2013-05-14,2659670.0,True,20.2,25.3,17.0
2013-05-15,2611284.0,True,19.4,24.4,15.6
2013-05-16,2558352.0,True,22.0,28.3,15.3
2013-05-17,2280970.0,True,20.2,26.6,15.7
2013-05-18,2365283.0,True,17.7,22.3,13.7
2013-05-19,2490539.0,True,16.6,21.5,13.6
2013-05-20,2770579.0,True,14.4,18.5,12.1
2013-05-21,2743287.0,True,17.7,24.6,10.2
2013-05-22,2655714.0,True,19.7,25.9,13.9
2013-05-23,2593620.0,True,22.1,30.2,15.4
2013-05-24,2523636.0,True,21.3,27.5,15.7
2013-05-25,2279938.0,True,24.7,31.8,18.2
2013-05-26,2102725.0,True,23.9,28.4,20.8
2013-05-27,2473252.0,True,19.7,22.6,17.7
2013-05-28,2531949.0,True,18.9,20.9,17.6
2013-05-29,2638876.0,True,16.1,18.1,14.9
2013-05-30,2552678.0,True,19.2,25.0,14.3
2013-05-31,2464146.0,True,21.3,27.8,13.9
2013-06-01,2260154.0,True,21.7,27.9,17.4
2013-06-02,2129564.0,True,23.5,30.8,16.3
2013-06-03,2374052.0,True,21.3,26.7,18.4
2013-06-04,2375940.0,True,22.8,28.4,17.5
2013-06-05,2371589.0,True,24.8,30.4,19.1
2013-06-06,2062127.0,True,25.0,30.0,21.7
2013-06-07,2308183.0,True,25.7,31.1,20.7
2013-06-08,2059956.0,True,26.4,31.2,21.0
2013-06-09,1894466.0,True,27.4,32.4,22.3
2013-06-10,2269950.0,True,27.5,32.2,21.6
2013-06-11,2235819.0,True,23.7,26.7,20.5
2013-06-12,2233474.0,True,20.5,22.5,19.6
2013-06-13,2267964.0,True,23.0,27.5,18.8
2013-06-14,2284685.0,True,24.6,29.7,20.9
2013-06-15,2014327.0,True,24.6,29.1,21.3
2013-06-16,1879884.0,True,22.5,27.5,19.8
2013-06-17,2226948.0,True,22.3,25.8,19.9
2013-06-18,2280095.0,True,21.7,23.1,20.5
2013-06-19,2293336.0,True,24.3,29.6,20.6
2013-06-20,2276253.0,True,25.8,31.1,20.9
2013-06-21,2269207.0,True,26.6,31.8,22.9
2013-06-22,2026792.0,True,25.1,29.6,22.7
2013-06-23,1848537.0,True,22.9,26.2,20.6
2013-06-24,2214607.0,True,23.5,29.4,19.6
2013-06-25,2247428.0,True,25.1,29.8,21.0
2013-06-26,2243763.0,True,24.5,29.7,21.1
2013-06-27,2258930.0,True,25.1,31.8,20.4
2013-06-28,2241530.0,True,25.5,30.6,21.5
2013-06-29,1967269.0,True,27.2,32.6,21.8
2013-06-30,1809758.0,True,27.7,31.9,23.4
2013-07-01,2212260.0,True,27.1,31.3,23.9
2013-07-02,2240075.0,True,24.3,27.9,21.5
2013-07-03,2201455.0,True,25.2,30.7,20.5
2013-07-04,2271750.0,True,24.9,27.6,23.1
2013-07-05,2219440.0,True,25.6,30.2,22.1
2013-07-06,1953568.0,True,25.2,30.6,21.6
2013-07-07,1832022.0,True,24.9,29.5,22.4
2013-07-08,2307775.0,True,24.3,26.3,22.3
2013-07-09,2308246.0,True,24.5,26.2,23.5
2013-07-10,2313359.0,True,25.3,26.1,24.6
2013-07-11,2372279.0,True,24.6,25.1,23.8
2013-07-12,2410458.0,True,23.6,24.3,23.2
2013-07-13,2263340.0,True,24.2,25.6,22.2
2013-07-14,2077888.0,True,24.1,25.4,23.1
2013-07-15,2445412.0,True,26.5,29.1,23.6
2013-07-16,2370643.0,True,26.9,28.8,25.2
2013-07-17,2419007.0,True,24.2,25.7,23.5
2013-07-18,2436434.0,True,25.1,27.7,23.8
2013-07-19,2374993.0,True,26.8,30.5,23.3
2013-07-20,2093950.0,True,27.0,30.3,25.3
2013-07-21,1966077.0,True,26.8,28.4,25.6
2013-07-22,2356211.0,True,26.4,29.4,24.1
2013-07-23,2448652.0,True,25.7,26.4,24.7
2013-07-24,2327233.0,True,24.7,27.6,23.2
2013-07-25,2286816.0,True,26.0,30.2,22.9
2013-07-26,2254728.0,True,26.5,31.1,23.1
2013-07-27,1990508.0,True,26.2,31.2,23.1
2013-07-28,1905936.0,True,25.3,26.7,23.9
2013-07-29,2254971.0,True,26.5,29.6,24.4
2013-07-30,2190892.0,True,26.3,29.9,24.0
2013-07-31,2194859.0,True,26.4,29.0,24.7
2013-08-01,2151629.0,True,28.0,32.1,24.5
2013-08-02,2154145.0,True,27.4,29.3,25.2
2013-08-03,1887089.0,True,28.9,32.6,26.7
2013-08-04,1788134.0,True,28.3,31.3,26.4
2013-08-05,2197914.0,True,27.7,30.1,26.4
2013-08-06,2202523.0,True,26.4,27.6,23.0
2013-08-07,2220628.0,True,28.7,32.1,25.0
2013-08-08,2260033.0,True,29.3,32.8,27.3
2013-08-09,2281199.0,True,29.2,30.8,27.9
2013-08-10,1966271.0,True,28.0,29.4,25.8
2013-08-11,1772160.0,True,28.7,33.2,24.2
2013-08-12,2254851.0,True,29.3,32.6,27.1
2013-08-13,2206117.0,True,29.0,32.9,26.6
2013-08-14,2179719.0,True,28.6,32.0,26.2
2013-08-15,1803467.0,True,28.7,32.4,25.8
2013-08-16,2176191.0,True,28.7,31.7,26.1
2013-08-17,1870697.0,True,28.7,31.6,27.1
2013-08-18,1725151.0,True,28.3,31.5,26.0
2013-08-19,2199506.0,True,28.2,32.3,25.7
2013-08-20,2190308.0,True,27.4,32.3,23.0
2013-08-21,2173100.0,True,28.8,33.9,24.2
2013-08-22,2194106.0,True,29.3,32.3,26.3
2013-08-23,2176089.0,True,25.7,28.7,23.7
2013-08-24,1820519.0,True,26.6,31.5,21.9
2013-08-25,1650789.0,True,27.1,32.1,22.0
2013-08-26,2127873.0,True,27.0,31.6,22.8
2013-08-27,2133703.0,True,25.6,29.3,22.5
2013-08-28,2130297.0,True,26.4,30.8,22.7
2013-08-29,2228345.0,True,25.5,26.7,24.5
2013-08-30,2154285.0,True,25.1,28.3,22.3
2013-08-31,1843385.0,True,24.0,27.9,21.1
2013-09-01,1715846.0,True,23.5,28.2,19.8
2013-09-02,2071388.0,True,22.4,26.9,17.3
2013-09-03,2089181.0,True,21.7,26.8,16.4
2013-09-04,2105880.0,True,22.0,27.5,16.4
2013-09-05,2091021.0,True,21.2,24.1,17.9
2013-09-06,2101035.0,True,20.8,23.1,19.0
2013-09-07,1937659.0,True,21.9,26.9,17.9
2013-09-08,1807980.0,True,22.9,27.9,18.4
2013-09-09,2109528.0,True,23.0,26.5,19.8
2013-09-10,2180052.0,True,22.0,25.2,19.1
2013-09-11,2231785.0,True,20.1,20.9,19.1
2013-09-12,2215117.0,True,23.0,26.3,20.3
2013-09-13,2305342.0,True,22.9,25.2,20.9
2013-09-14,2091737.0,True,23.1,25.3,21.5
2013-09-15,1910902.0,True,23.4,28.2,20.3
2013-09-16,2197459.0,True,20.9,27.0,15.2
2013-09-17,2204852.0,True,22.6,29.3,17.0
2013-09-18,1892037.0,True,24.4,31.1,17.5
2013-09-19,1461481.0,True,24.7,30.2,20.5
2013-09-20,1550358.0,True,23.4,28.0,20.1
2013-09-21,1761011.0,True,23.8,27.8,19.9
2013-09-22,1788624.0,True,23.1,27.2,20.4
2013-09-23,2185372.0,True,23.8,29.0,18.6
2013-09-24,2217764.0,True,22.0,23.9,20.0
2013-09-25,2245070.0,True,19.5,24.2,15.3
2013-09-26,2368341.0,True,17.3,22.5,12.7
2013-09-27,2374456.0,True,17.9,24.0,10.9
2013-09-28,2304370.0,True,17.4,19.9,15.2
2013-09-29,2385093.0,True,17.2,19.7,14.7
2013-09-30,2369432.0,True,20.7,25.5,18.0
2013-10-01,2354445.0,True,21.6,27.2,17.2
2013-10-02,2355331.0,True,19.4,22.8,15.0
2013-10-03,2416971.0,True,16.3,21.3,11.0
2013-10-04,2492900.0,True,17.4,25.1,10.7
2013-10-05,2331086.0,True,20.0,28.1,12.6
2013-10-06,2187174.0,True,20.8,25.7,15.4
2013-10-07,2313350.0,True,22.8,26.9,19.8
2013-10-08,2383945.0,True,20.0,21.8,18.0
2013-10-09,2233947.0,True,20.5,26.4,15.5
2013-10-10,2340239.0,True,21.1,26.4,15.9
2013-10-11,2435361.0,True,18.1,20.7,14.1
2013-10-12,2436762.0,True,16.4,21.5,11.0
2013-10-13,2292081.0,True,17.3,23.4,12.2
2013-10-14,2503273.0,True,18.3,24.4,13.3
2013-10-15,3211056.0,True,12.0,17.4,7.7
2013-10-16,3507435.0,True,11.2,16.8,6.1
2013-10-17,3560976.0,True,12.4,18.9,6.8
2013-10-18,3459764.0,True,13.6,20.2,8.1
2013-10-19,3322553.0,True,14.6,19.5,9.8
2013-10-20,2994743.0,True,16.7,22.9,11.7
2013-10-21,3161578.0,True,16.2,22.2,12.0
2013-10-22,3217316.0,True,15.9,21.7,11.3
2013-10-23,3158633.0,True,16.2,22.1,12.2
2013-10-24,3509318.0,True,13.1,18.5,7.8
2013-10-25,4167193.0,True,9.3,14.5,5.3
2013-10-26,4171510.0,True,10.0,15.7,4.3
2013-10-27,4046492.0,True,11.4,18.0,5.1
2013-10-28,4125240.0,True,11.6,16.7,6.7
2013-10-29,4173784.0,True,12.7,16.5,9.5
2013-10-30,4370937.0,True,10.5,16.2,6.4
2013-10-31,4339814.0,True,11.7,18.8,5.5
2013-11-01,4031581.0,True,14.8,20.7,8.6
2013-11-02,4220081.0,True,11.6,14.9,8.6
2013-11-03,4168301.0,True,11.9,16.7,7.8
2013-11-04,4182652.0,True,12.6,17.6,9.2
2013-11-05,4244527.0,True,12.3,18.5,7.5
2013-11-06,4407310.0,True,12.2,15.9,9.0
2013-11-07,4431887.0,True,12.2,15.8,7.5
2013-11-08,4884941.0,True,9.0,14.5,4.0
2013-11-09,4918318.0,True,11.6,15.5,9.2
2013-11-10,5671750.0,True,5.5,10.4,2.1
2013-11-11,6630252.0,True,2.6,7.5,-1.4
2013-11-12,6884679.0,True,3.4,8.5,-1.1
2013-11-13,6754033.0,True,4.8,11.4,-0.9
2013-11-14,6589884.0,True,6.7,9.9,3.1
2013-11-15,6139175.0,True,8.2,12.4,5.8
2013-11-16,6082503.0,True,7.0,12.0,2.4
2013-11-17,6486147.0,True,5.2,7.6,2.2
2013-11-18,7851902.0,True,1.1,4.2,-1.5
2013-11-19,8358729.0,True,1.1,3.8,-1.7
2013-11-20,8271118.0,True,1.5,5.9,-1.9
2013-11-21,7948729.0,True,2.6,7.3,-1.4
2013-11-22,7560369.0,True,4.6,10.5,-0.7
2013-11-23,6711288.0,True,7.1,12.5,2.2
2013-11-24,6630916.0,True,7.3,10.6,4.4
2013-11-25,7545647.0,True,4.7,10.2,-0.1
2013-11-26,8044095.0,True,2.1,5.8,-2.4
2013-11-27,8552901.0,True,0.0,4.7,-4.3
2013-11-28,9479071.0,True,-3.8,-0.9,-6.4
2013-11-29,9041296.0,True,-0.7,4.8,-5.4
2013-11-30,7791675.0,True,5.3,10.6,-1.1
2013-12-01,7412971.0,True,4.5,8.6,1.4
2013-12-02,7816744.0,True,3.9,6.6,0.1
2013-12-03,7179584.0,True,6.7,9.9,4.5
2013-12-04,7205633.0,True,5.5,9.6,2.1
2013-12-05,7173138.0,True,5.5,9.0,2.1
2013-12-06,7582462.0,True,3.0,7.0,-0.7
2013-12-07,6932083.0,True,6.2,11.0,3.8
2013-12-08,7137086.0,True,4.2,6.5,2.5
2013-12-09,7720694.0,True,3.8,5.2,1.9
2013-12-10,8380009.0,True,0.3,3.5,-2.2
2013-12-11,9080419.0,True,-1.7,0.2,-4.3
2013-12-12,9869079.0,True,-3.2,0.3,-6.3
2013-12-13,10581346.0,True,-6.8,-4.3,-8.9
2013-12-14,10369994.0,True,-4.9,-1.4,-8.5
2013-12-15,10174230.0,True,-4.4,0.7,-8.0
2013-12-16,10594476.0,True,-3.6,0.5,-7.3
2013-12-17,10110025.0,True,-0.3,4.7,-5.5
2013-12-18,9396187.0,True,2.2,6.5,-0.9
2013-12-19,10233354.0,True,-3.5,-0.9,-6.5
2013-12-20,10514777.0,True,-4.0,-0.1,-8.1
2013-12-21,9997855.0,True,-3.1,0.9,-6.3
2013-12-22,9705320.0,True,-2.1,3.1,-6.8
2013-12-23,9658362.0,True,-1.1,2.3,-3.7
2013-12-24,9740170.0,True,-1.6,4.0,-5.9
2013-12-25,9273432.0,True,-0.5,3.7,-4.4
2013-12-26,9663115.0,True,-0.5,2.7,-4.0
2013-12-27,10945190.0,True,-6.8,-3.7,-9.3
2013-12-28,10861812.0,True,-6.5,-2.7,-9.8
2013-12-29,10196343.0,True,-2.9,1.6,-8.0
2013-12-30,9565184.0,True,2.2,6.3,-1.9
2013-12-31,8870490.0,True,3.8,8.0,0.5
2014-01-01,8151987.0,True,4.0,7.9,0.3
2014-01-02,8481624.0,True,1.5,6.2,-1.3
2014-01-03,8394250.0,True,2.3,7.3,-1.1
2014-01-04,8472586.0,True,-0.1,5.6,-3.7
2014-01-05,8681310.0,True,-0.8,3.8,-4.3
2014-01-06,8978360.0,True,0.8,6.4,-3.7
2014-01-07,8664688.0,True,3.0,5.5,0.3
2014-01-08,9117944.0,True,0.5,4.0,-5.7
2014-01-09,11054281.0,True,-7.8,-4.3,-10.4
2014-01-10,10775511.0,True,-4.7,-0.9,-9.3
2014-01-11,9792777.0,True,-1.7,2.4,-5.4
2014-01-12,9728943.0,True,-2.4,2.5,-7.7
2014-01-13,11149516.0,True,-6.2,-1.6,-10.5
2014-01-14,10810979.0,True,-4.3,1.1,-8.9
2014-01-15,10460962.0,True,-2.9,2.2,-7.6
2014-01-16,9828276.0,True,0.1,3.6,-4.0
2014-01-17,9523728.0,True,-0.1,3.8,-3.7
2014-01-18,9545807.0,True,-2.2,0.8,-4.9
2014-01-19,9649770.0,True,-2.6,2.4,-7.4
2014-01-20,9979833.0,True,-1.5,1.9,-4.2
2014-01-21,10706596.0,True,-5.5,-3.1,-7.2
2014-01-22,10544295.0,True,-3.9,1.6,-9.5
2014-01-23,9881698.0,True,-0.8,4.1,-5.2
2014-01-24,9051971.0,True,3.0,5.7,-1.1
2014-01-25,8365492.0,True,4.2,6.3,-0.4
2014-01-26,9046030.0,True,-2.1,2.3,-5.3
2014-01-27,9367754.0,True,0.2,6.0,-5.4
2014-01-28,8922972.0,True,1.5,4.6,-3.0
2014-01-29,9004367.0,True,2.2,8.2,-5.3
2014-01-30,7861365.0,True,4.0,6.5,-1.0
2014-01-31,7359123.0,True,1.3,7.0,-4.3
2014-02-01,7532157.0,True,4.9,6.0,3.7
2014-02-02,7640145.0,True,4.9,6.5,2.8
2014-02-03,9883977.0,True,-3.5,2.8,-8.2
2014-02-04,11214798.0,True,-7.4,-3.7,-10.5
2014-02-05,10908697.0,True,-4.8,0.3,-8.9
2014-02-06,10167168.0,True,-1.3,4.5,-5.2
2014-02-07,9447873.0,True,2.4,7.6,-2.0
2014-02-08,9158768.0,True,0.2,2.5,-1.5
2014-02-09,9225961.0,True,-1.6,0.7,-3.4
2014-02-10,9489896.0,True,-0.1,4.4,-2.9
2014-02-11,9331407.0,True,0.2,5.2,-3.8
2014-02-12,9036265.0,True,1.2,5.1,-2.0
2014-02-13,8805651.0,True,1.9,6.5,-2.1
2014-02-14,8433013.0,True,2.7,7.6,-0.7
2014-02-15,7944074.0,True,2.7,8.5,-1.9
2014-02-16,7804267.0,True,2.8,8.1,-1.1
2014-02-17,7952308.0,True,4.2,8.5,0.9
2014-02-18,8134356.0,True,2.5,5.4,0.3
2014-02-19,8179619.0,True,2.1,6.7,-1.9
2014-02-20,8262843.0,True,1.2,5.5,-1.2
2014-02-21,8329069.0,True,0.9,6.9,-4.0
2014-02-22,7913947.0,True,2.2,7.4,-2.1
2014-02-23,7636027.0,True,3.1,8.5,-1.8
2014-02-24,7673348.0,True,4.1,9.3,-0.3
2014-02-25,7331124.0,True,5.7,12.3,0.6
2014-02-26,6784592.0,True,8.4,16.4,1.4
2014-02-27,6461643.0,True,7.7,13.1,3.8
2014-02-28,6510788.0,True,6.7,12.3,1.3
2014-03-01,6334686.0,True,6.0,9.4,3.3
2014-03-02,6560194.0,True,4.5,10.1,-0.2
2014-03-03,6896178.0,True,5.2,11.9,-1.0
2014-03-04,6861602.0,True,6.3,12.3,2.2
2014-03-05,7735872.0,True,1.4,5.3,-1.4
2014-03-06,8304194.0,True,0.3,5.0,-3.0
2014-03-07,8563446.0,True,-0.6,4.3,-4.6
2014-03-08,7934576.0,True,2.0,7.0,-2.2
2014-03-09,7908705.0,True,1.4,4.8,-1.6
2014-03-10,8128506.0,True,1.5,7.7,-3.6
2014-03-11,7692635.0,True,4.5,9.4,-0.9
2014-03-12,7234871.0,True,6.9,9.5,4.0
2014-03-13,7311180.0,True,5.2,8.3,1.6
2014-03-14,7355182.0,True,3.4,8.5,-1.5
2014-03-15,6818929.0,True,6.8,13.4,0.1
2014-03-16,5790179.0,True,11.3,18.5,5.7
2014-03-17,5501695.0,True,12.6,19.4,6.9
2014-03-18,5254724.0,True,10.5,16.0,7.7
2014-03-19,5421044.0,True,9.6,12.3,7.4
2014-03-20,5901296.0,True,6.3,10.3,2.8
2014-03-21,6097710.0,True,5.9,12.0,1.2
2014-03-22,5617090.0,True,8.6,15.5,2.3
2014-03-23,5263975.0,True,9.6,15.5,4.6
2014-03-24,5253362.0,True,10.9,15.3,4.6
2014-03-25,4680824.0,True,14.6,18.2,11.9
2014-03-26,4287927.0,True,15.4,21.9,11.8
2014-03-27,4291650.0,True,13.5,20.4,7.7
2014-03-28,3955574.0,True,16.6,23.8,11.3
2014-03-29,3886847.0,True,15.0,18.0,13.2
2014-03-30,3713890.0,True,14.9,20.6,10.2
2014-03-31,3795133.0,True,14.5,20.2,8.8
2014-04-01,3761008.0,True,15.6,23.0,9.5
2014-04-02,3676733.0,True,15.5,21.9,9.9
2014-04-03,4303653.0,True,10.2,13.6,5.5
2014-04-04,4925879.0,True,6.6,11.7,2.3
2014-04-05,5202667.0,True,6.2,11.0,3.5
2014-04-06,5345080.0,True,7.4,12.8,2.3
2014-04-07,4960425.0,True,10.3,16.7,4.9
2014-04-08,4570118.0,True,11.9,19.7,5.7
2014-04-09,4640846.0,True,10.3,15.3,7.0
2014-04-10,4401644.0,True,12.5,20.0,7.2
2014-04-11,4149271.0,True,13.6,18.7,10.1
2014-04-12,3961594.0,True,14.3,17.2,11.1
2014-04-13,3490483.0,True,17.2,24.3,13.2
2014-04-14,3475566.0,True,16.3,22.4,12.1
2014-04-15,3666108.0,True,12.9,16.8,9.3
2014-04-16,3665631.0,True,14.0,19.4,10.0
2014-04-17,3750157.0,True,14.7,20.9,8.4
2014-04-18,3494414.0,True,15.9,23.0,12.0
2014-04-19,3530071.0,True,14.0,18.4,11.4
2014-04-20,3366503.0,True,14.6,21.6,10.0
2014-04-21,3409815.0,True,15.1,21.4,9.8
2014-04-22,3335238.0,True,16.0,23.3,9.6
2014-04-23,3201926.0,True,17.2,24.9,10.4
2014-04-24,3022936.0,True,18.6,26.2,12.1
2014-04-25,2922824.0,True,19.0,25.9,12.3
2014-04-26,2788607.0,True,18.7,25.4,13.3
2014-04-27,2880502.0,True,15.6,18.3,13.6
2014-04-28,3363923.0,True,13.6,15.0,12.2
2014-04-29,3308231.0,True,15.0,18.9,11.9
2014-04-30,3095806.0,True,16.1,21.4,11.4
2014-05-01,2985630.0,True,16.0,22.1,10.4
2014-05-02,3064619.0,True,15.7,24.8,11.1
2014-05-03,3090117.0,True,13.1,19.3,8.0
2014-05-04,3061127.0,True,12.3,20.5,8.5
2014-05-05,3297178.0,True,11.3,15.5,6.8
2014-05-06,3390197.0,True,13.1,19.0,7.6
2014-05-07,3392819.0,True,15.7,22.3,8.7
2014-05-08,3374731.0,True,14.5,19.5,11.5
2014-05-09,3124233.0,True,16.8,23.8,9.8
2014-05-10,2796434.0,True,20.5,28.3,12.9
2014-05-11,2739922.0,True,18.9,23.8,15.9
2014-05-12,2927206.0,True,16.4,20.4,13.6
2014-05-13,2780804.0,True,19.2,25.6,11.9
2014-05-14,2647958.0,True,19.6,25.9,15.3
2014-05-15,2619210.0,True,18.2,23.7,14.5
2014-05-16,2624034.0,True,19.0,26.2,12.3
2014-05-17,2449000.0,True,20.0,26.2,14.3
2014-05-18,2309773.0,True,20.3,27.1,13.7
2014-05-19,2495369.0,True,20.0,26.2,14.1
2014-05-20,2483256.0,True,21.5,28.4,16.1
2014-05-21,2471431.0,True,20.1,26.5,15.9
2014-05-22,2483859.0,True,20.9,28.3,13.6
2014-05-23,2437269.0,True,22.0,27.8,17.6
2014-05-24,2265042.0,True,21.3,27.9,16.9
2014-05-25,2172720.0,True,20.5,24.9,18.3
2014-05-26,2386573.0,True,19.4,24.7,16.5
2014-05-27,2392715.0,True,22.8,28.3,16.7
2014-05-28,2395208.0,True,24.0,29.8,19.9
2014-05-29,2376260.0,True,23.2,30.9,17.5
2014-05-30,2348880.0,True,24.8,31.8,17.3
2014-05-31,2124448.0,True,26.2,33.3,20.5
2014-06-01,1964987.0,True,24.7,29.9,20.4
2014-06-02,2266054.0,True,22.6,24.6,20.6
2014-06-03,2290921.0,True,18.7,21.0,17.5
2014-06-04,2057743.0,True,22.8,27.8,18.7
2014-06-05,2188389.0,True,22.9,26.1,20.4
2014-06-06,1948628.0,True,24.4,31.1,18.8
2014-06-07,1964884.0,True,23.5,27.1,19.7
2014-06-08,1895260.0,True,21.4,24.5,19.2
2014-06-09,2247927.0,True,22.9,28.7,18.5
2014-06-10,2298000.0,True,23.6,29.3,20.0
2014-06-11,2323757.0,True,20.5,26.9,18.3
2014-06-12,2308118.0,True,21.2,27.1,17.3
2014-06-13,2258595.0,True,21.3,25.8,18.4
2014-06-14,2072340.0,True,22.5,27.7,18.3
2014-06-15,1947997.0,True,23.2,28.5,19.5
2014-06-16,2250481.0,True,23.9,29.0,19.1
2014-06-17,2300577.0,True,24.5,30.7,21.5
2014-06-18,2302612.0,True,24.4,29.1,20.5
2014-06-19,2268749.0,True,22.5,25.6,20.8
2014-06-20,2279851.0,True,24.2,28.6,20.7
2014-06-21,2043037.0,True,23.1,28.2,19.8
2014-06-22,1896289.0,True,23.7,29.0,20.2
2014-06-23,2239941.0,True,21.0,23.2,19.4
2014-06-24,2262030.0,True,22.9,27.2,19.4
2014-06-25,2297621.0,True,23.8,29.0,20.2
2014-06-26,2302676.0,True,24.4,29.5,20.2
2014-06-27,2266536.0,True,24.1,29.5,20.6
2014-06-28,2000215.0,True,23.8,28.4,21.3
2014-06-29,1860653.0,True,24.1,29.8,20.9
2014-06-30,2236706.0,True,25.3,30.2,21.2
2014-07-01,2281985.0,True,26.0,31.2,21.1
2014-07-02,2293694.0,True,25.7,31.1,22.1
2014-07-03,2225859.0,True,22.6,24.7,21.4
2014-07-04,2243552.0,True,26.8,32.3,21.6
2014-07-05,1986493.0,True,25.7,29.7,22.3
2014-07-06,1804992.0,True,25.7,29.5,23.0
2014-07-07,2222420.0,True,27.1,33.8,20.8
2014-07-08,2265419.0,True,25.9,29.3,23.7
2014-07-09,2318997.0,True,27.6,33.0,25.6
2014-07-10,2270000.0,True,28.9,33.6,24.6
2014-07-11,2255851.0,True,27.1,32.8,23.0
2014-07-12,1948964.0,True,25.3,29.6,22.9
2014-07-13,1784741.0,True,25.4,29.4,23.0
2014-07-14,2229639.0,True,26.4,30.7,22.8
2014-07-15,2262594.0,True,26.8,32.3,23.9
2014-07-16,2257426.0,True,26.6,32.2,23.5
2014-07-17,2278925.0,True,25.9,29.6,23.6
2014-07-18,2293573.0,True,26.1,30.6,22.6
2014-07-19,1959958.0,True,27.0,30.7,24.7
2014-07-20,1788360.0,True,27.9,33.2,24.6
2014-07-21,2207932.0,True,27.3,31.6,24.4
2014-07-22,2240597.0,True,25.9,28.2,24.6
2014-07-23,2211517.0,True,23.6,25.2,21.7
2014-07-24,2181059.0,True,21.9,24.5,19.1
2014-07-25,2250958.0,True,27.5,33.7,22.1
2014-07-26,1927026.0,True,22.6,27.3,20.8
2014-07-27,1745360.0,True,25.0,30.6,21.4
2014-07-28,2130014.0,True,26.6,31.3,21.6
2014-07-29,2124468.0,True,26.5,30.1,23.4
2014-07-30,2161070.0,True,28.6,33.5,25.0
2014-07-31,2140803.0,True,28.6,34.4,25.8
2014-08-01,2106546.0,True,30.2,34.7,24.7
2014-08-02,1806812.0,True,31.4,35.8,28.7
2014-08-03,1712046.0,True,26.5,30.5,24.1
2014-08-04,2117163.0,True,26.4,29.6,24.7
2014-08-05,2146821.0,True,26.6,29.2,25.0
2014-08-06,2133998.0,True,24.4,26.2,22.5
2014-08-07,2163972.0,True,24.7,27.1,22.6
2014-08-08,2098814.0,True,26.1,30.6,21.9
2014-08-09,1845782.0,True,26.5,31.6,22.3
2014-08-10,1731697.0,True,23.4,27.7,19.6
2014-08-11,2103627.0,True,23.7,28.6,18.3
2014-08-12,2146231.0,True,25.8,30.4,22.3
2014-08-13,2134438.0,True,24.2,26.7,22.5
2014-08-14,2079899.0,True,22.3,24.2,21.4
2014-08-15,1789808.0,True,24.9,29.6,20.9
2014-08-16,1828513.0,True,26.1,31.8,22.2
2014-08-17,1766679.0,True,24.0,25.0,22.9
2014-08-18,2155910.0,True,22.3,24.4,20.9
2014-08-19,2208554.0,True,22.3,25.3,20.4
2014-08-20,2242106.0,True,24.8,28.0,22.4
2014-08-21,2292678.0,True,23.1,24.6,21.8
2014-08-22,2274319.0,True,24.7,28.2,21.8
2014-08-23,2005481.0,True,25.2,29.7,22.8
2014-08-24,1845277.0,True,25.6,30.7,20.7
2014-08-25,2250922.0,True,25.9,28.6,24.1
2014-08-26,2287156.0,True,25.4,29.6,21.6
2014-08-27,2277824.0,True,24.6,28.6,21.1
2014-08-28,2275695.0,True,25.1,30.7,19.8
2014-08-29,2279919.0,True,25.2,30.1,21.0
2014-08-30,2001172.0,True,24.6,30.7,19.9
2014-08-31,1835296.0,True,24.1,29.0,20.7
2014-09-01,2238618.0,True,24.1,29.7,20.4
2014-09-02,2251471.0,True,23.1,27.7,19.3
2014-09-03,2278031.0,True,19.1,20.6,17.4
2014-09-04,2253441.0,True,22.4,27.6,18.0
2014-09-05,2244058.0,True,23.8,29.0,20.0
2014-09-06,1910990.0,True,25.2,30.8,20.3
2014-09-07,1754322.0,True,25.3,31.3,19.8
2014-09-08,1441058.0,True,24.8,30.2,20.6
2014-09-09,1530770.0,True,23.3,28.2,19.9
2014-09-10,1823110.0,True,22.4,28.9,16.7
2014-09-11,2190059.0,True,23.3,29.2,17.5
2014-09-12,2211670.0,True,21.3,26.6,18.6
2014-09-13,1984955.0,True,23.1,28.3,18.6
2014-09-14,1858349.0,True,23.0,28.4,18.2
2014-09-15,2196002.0,True,23.1,27.5,20.6
2014-09-16,2234445.0,True,21.3,27.0,15.8
2014-09-17,2218720.0,True,20.2,22.6,17.6
2014-09-18,2264536.0,True,20.6,27.0,16.2
2014-09-19,2275984.0,True,21.4,28.4,14.9
2014-09-20,2084740.0,True,21.6,28.1,15.4
2014-09-21,1933805.0,True,20.2,25.6,17.5
2014-09-22,2229234.0,True,21.4,27.9,15.0
2014-09-23,2223010.0,True,23.0,29.0,18.1
2014-09-24,2224090.0,True,20.3,23.8,18.0
2014-09-25,2247574.0,True,22.2,27.7,17.7
2014-09-26,2243621.0,True,21.0,24.2,18.6
2014-09-27,2074672.0,True,21.4,25.1,18.3
2014-09-28,1945770.0,True,21.7,24.7,19.2
2014-09-29,2275409.0,True,19.4,20.7,17.7
2014-09-30,2309253.0,True,18.9,23.7,15.4
2014-10-01,2304134.0,True,19.2,24.4,14.9
2014-10-02,2388978.0,True,18.1,20.1,17.1
2014-10-03,2273565.0,True,16.1,20.8,13.4
2014-10-04,2348572.0,True,16.9,23.0,11.6
2014-10-05,2373436.0,True,17.1,23.2,12.5
2014-10-06,2601451.0,True,16.6,22.6,10.5
2014-10-07,2663301.0,True,16.1,22.5,11.6
2014-10-08,2642043.0,True,16.7,23.6,10.0
2014-10-09,2440798.0,True,18.6,25.4,12.4
2014-10-10,2503333.0,True,19.0,26.3,12.5
2014-10-11,2347464.0,True,19.4,25.6,13.6
2014-10-12,2173040.0,True,21.2,29.0,13.9
2014-10-13,2570422.0,True,17.4,21.7,11.0
2014-10-14,2866164.0,True,13.8,20.0,8.5
2014-10-15,2986904.0,True,13.8,20.0,8.9
2014-10-16,3217253.0,True,13.2,18.0,9.3
2014-10-17,3249781.0,True,13.6,21.2,6.6
2014-10-18,2990770.0,True,15.5,22.5,9.4
2014-10-19,2797348.0,True,17.0,22.7,11.2
2014-10-20,3228636.0,True,14.4,17.1,12.9
2014-10-21,3476532.0,True,13.8,15.7,11.9
2014-10-22,3522691.0,True,13.6,18.7,10.4
2014-10-23,3545110.0,True,13.8,20.6,8.5
2014-10-24,3362003.0,True,15.1,21.0,9.9
2014-10-25,3118635.0,True,16.5,22.2,12.9
2014-10-26,3080475.0,True,16.0,19.9,11.6
2014-10-27,3926875.0,True,10.7,16.9,6.1
2014-10-28,4181619.0,True,10.2,19.4,2.7
2014-10-29,4126875.0,True,12.1,20.8,4.9
2014-10-30,4081980.0,True,14.2,20.8,7.7
2014-10-31,3838473.0,True,15.0,18.2,12.8
2014-11-01,3379165.0,True,17.3,22.9,15.1
2014-11-02,3882826.0,True,12.0,15.4,7.1
2014-11-03,4503439.0,True,9.3,14.8,3.8
2014-11-04,4328581.0,True,11.3,18.5,5.4
2014-11-05,4240373.0,True,12.4,18.4,6.4
2014-11-06,4101742.0,True,13.5,17.7,9.5
2014-11-07,4521690.0,True,9.8,16.5,5.1
2014-11-08,4627275.0,True,9.9,15.1,6.9
2014-11-09,4631392.0,True,10.0,15.5,6.3
2014-11-10,4942823.0,True,9.4,16.5,3.5
2014-11-11,5072629.0,True,9.4,14.5,4.6
2014-11-12,5980258.0,True,6.0,10.0,-1.3
2014-11-13,7358587.0,True,-0.2,4.3,-3.1
2014-11-14,6899071.0,True,4.2,10.0,-1.4
2014-11-15,6679327.0,True,4.1,9.5,-0.5
2014-11-16,6271924.0,True,6.6,12.4,2.6
2014-11-17,6464077.0,True,6.2,9.0,3.8
2014-11-18,6691115.0,True,5.0,10.4,1.7
2014-11-19,6658601.0,True,5.6,12.6,-0.6
2014-11-20,6243514.0,True,7.9,14.6,2.7
2014-11-21,5642912.0,True,11.3,16.5,5.9
2014-11-22,5299582.0,True,11.0,12.7,8.0
2014-11-23,5444880.0,True,9.0,12.3,6.3
2014-11-24,5643232.0,True,9.8,13.2,8.0
2014-11-25,5703754.0,True,10.2,15.1,6.6
2014-11-26,5456728.0,True,11.0,16.3,8.2
2014-11-27,5380247.0,True,10.4,14.9,6.7
2014-11-28,5789049.0,True,8.8,10.1,6.5
2014-11-29,5598940.0,True,8.3,12.8,5.5
2014-11-30,5736389.0,True,9.1,11.1,7.2
2014-12-01,8125508.0,True,-1.1,7.9,-7.2
2014-12-02,9808583.0,True,-5.4,-2.7,-8.2
2014-12-03,9776427.0,True,-3.3,-0.5,-6.5
2014-12-04,10124344.0,True,-4.6,-0.2,-7.4
2014-12-05,10918905.0,True,-6.6,-2.5,-10.1
2014-12-06,10637143.0,True,-5.6,-0.5,-8.8
2014-12-07,10344960.0,True,-3.4,0.2,-8.2
2014-12-08,10126111.0,True,-1.6,2.7,-4.8
2014-12-09,10190700.0,True,-2.4,4.1,-7.4
2014-12-10,9690247.0,True,1.6,4.2,-1.9
2014-12-11,9712299.0,True,-1.5,3.2,-5.2
2014-12-12,10252337.0,True,-3.8,0.5,-7.0
2014-12-13,10434121.0,True,-5.2,-2.0,-7.3
2014-12-14,10304395.0,True,-3.6,0.6,-8.6
2014-12-15,10084031.0,True,-0.1,2.0,-1.7
2014-12-16,10880039.0,True,-4.9,1.7,-9.4
2014-12-17,12455309.0,True,-9.0,-5.2,-11.1
2014-12-18,12321545.0,True,-8.3,-2.2,-13.2
2014-12-19,11548696.0,True,-3.8,0.0,-8.1
2014-12-20,10237213.0,True,-1.7,2.1,-6.6
2014-12-21,10872135.0,True,-6.4,-1.3,-9.0
2014-12-22,11186085.0,True,-4.7,0.8,-9.7
2014-12-23,10518941.0,True,-1.3,1.8,-5.7
2014-12-24,9525269.0,True,1.7,6.4,-3.1
2014-12-25,9691937.0,True,-2.6,1.8,-5.9
2014-12-26,10179443.0,True,-3.2,2.5,-7.4
2014-12-27,9653959.0,True,-1.8,5.0,-6.3
2014-12-28,9435909.0,True,-0.8,1.6,-3.6
2014-12-29,9133871.0,True,2.9,6.4,-0.5
2014-12-30,8916452.0,True,1.9,6.3,-1.6
2014-12-31,9667658.0,True,-1.9,1.7,-6.9
2015-01-01,10580152.0,True,-7.7,-4.3,-9.8
2015-01-02,11010396.0,True,-6.0,-1.9,-9.0
2015-01-03,10143526.0,True,-2.7,3.1,-9.2
2015-01-04,8893675.0,True,2.5,8.5,0.2
2015-01-05,8891305.0,True,3.7,7.9,-1.1
2015-01-06,9796732.0,True,-3.2,4.0,-7.6
2015-01-07,10703248.0,True,-5.5,-0.6,-8.9
2015-01-08,10743750.0,True,-5.1,-0.2,-9.5
2015-01-09,10219321.0,True,-2.1,3.5,-6.8
2015-01-10,9479029.0,True,-0.3,4.8,-5.6
2015-01-11,9195805.0,True,-0.4,2.5,-4.3
2015-01-12,10053708.0,True,-2.7,3.7,-7.3
2015-01-13,9694574.0,True,0.2,5.8,-5.1
2015-01-14,9197950.0,True,2.5,6.1,-0.3
2015-01-15,8667989.0,True,2.8,9.0,-1.1
2015-01-16,9012551.0,True,0.8,3.4,-2.5
2015-01-17,9582344.0,True,-4.1,0.0,-7.7
2015-01-18,9457064.0,True,-1.3,2.1,-6.5
2015-01-19,9457345.0,True,-0.1,3.1,-4.0
2015-01-20,9590591.0,True,-0.9,4.4,-6.4
2015-01-21,9051569.0,True,2.6,6.5,-1.2
2015-01-22,8609691.0,True,3.1,7.1,0.8
2015-01-23,8703532.0,True,1.2,4.9,-1.6
2015-01-24,8059949.0,True,3.7,8.4,0.8
2015-01-25,8104615.0,True,3.0,5.0,1.1
2015-01-26,8176432.0,True,3.6,6.5,0.2
2015-01-27,9395563.0,True,-3.6,0.5,-7.4
2015-01-28,10179243.0,True,-4.1,2.7,-9.1
2015-01-29,9818588.0,True,-1.1,3.0,-4.6
2015-01-30,9931779.0,True,-3.3,0.8,-7.0
2015-01-31,10048592.0,True,-4.5,0.8,-8.5
2015-02-01,9744427.0,True,-3.0,3.6,-8.2
2015-02-02,9719173.0,True,-0.6,6.4,-5.3
2015-02-03,9350034.0,True,0.6,7.2,-3.5
2015-02-04,9170136.0,True,0.4,5.8,-3.1
2015-02-05,9185538.0,True,-0.1,4.8,-3.8
2015-02-06,9044114.0,True,0.4,6.5,-4.3
2015-02-07,8748894.0,True,1.2,5.7,-2.7
2015-02-08,10886564.0,True,-9.8,-2.8,-11.9
2015-02-09,11350257.0,True,-5.7,-0.1,-13.0
2015-02-10,9758549.0,True,1.7,5.8,-2.0
2015-02-11,8945184.0,True,2.7,8.0,-0.8
2015-02-12,9613020.0,True,-2.2,1.6,-4.7
2015-02-13,9570733.0,True,-1.6,4.0,-6.4
2015-02-14,8900647.0,True,2.0,6.6,-3.1
2015-02-15,7582108.0,True,7.9,13.0,3.2
2015-02-16,7855101.0,True,5.0,7.9,4.1
2015-02-17,8189929.0,True,1.9,4.1,0.5
2015-02-18,7964494.0,True,0.8,3.3,-1.5
2015-02-19,7385528.0,True,2.2,8.6,-2.7
2015-02-20,7618011.0,True,5.2,11.4,-1.3
2015-02-21,7364603.0,True,5.7,6.7,4.8
2015-02-22,7473791.0,True,3.5,7.0,-0.7
2015-02-23,8300838.0,True,0.9,5.9,-2.4
2015-02-24,8051085.0,True,2.1,7.5,-1.1
2015-02-25,7734531.0,True,5.4,12.5,0.2
2015-02-26,8223363.0,True,1.2,4.7,-3.5
2015-02-27,9094986.0,True,-1.3,4.8,-5.6
2015-02-28,8354853.0,True,2.7,6.4,-2.0
2015-03-01,8028005.0,True,2.4,5.9,-0.2
2015-03-02,7981078.0,True,3.9,9.7,-1.9
2015-03-03,8322652.0,True,2.8,6.7,-1.3
2015-03-04,9328564.0,True,-2.1,1.4,-4.6
2015-03-05,8976875.0,True,-0.3,5.5,-5.4
2015-03-06,8302885.0,True,2.9,10.4,-3.2
2015-03-07,7625449.0,True,4.2,11.0,-2.3
2015-03-08,6961147.0,True,7.7,15.1,0.4
2015-03-09,7937655.0,True,2.2,8.2,-5.4
2015-03-10,9606762.0,True,-3.4,1.0,-6.9
2015-03-11,9054378.0,True,0.4,7.5,-5.1
2015-03-12,8459651.0,True,2.1,6.7,-3.5
2015-03-13,7483019.0,True,5.6,11.0,1.8
2015-03-14,7210784.0,True,4.3,11.6,-1.2
2015-03-15,6850022.0,True,5.5,12.5,0.0
2015-03-16,6465138.0,True,9.8,18.6,1.3
2015-03-17,6044095.0,True,10.7,16.1,6.9
2015-03-18,5946843.0,True,10.7,14.4,8.4
2015-03-19,5315066.0,True,12.4,21.0,6.5
2015-03-20,4913940.0,True,13.4,21.9,7.6
2015-03-21,4764531.0,True,11.7,17.8,6.9
2015-03-22,5145889.0,True,8.3,14.9,2.2
2015-03-23,6291372.0,True,4.6,10.1,0.0
2015-03-24,6309956.0,True,5.4,12.4,-0.9
2015-03-25,6128835.0,True,6.5,14.2,0.1
2015-03-26,5882137.0,True,7.9,14.8,1.6
2015-03-27,5622427.0,True,9.1,16.2,3.2
2015-03-28,5369679.0,True,9.7,17.0,2.5
2015-03-29,5069932.0,True,10.5,16.5,7.0
2015-03-30,4788804.0,True,13.2,20.8,5.9
2015-03-31,4708822.0,True,12.9,14.9,10.0
2015-04-01,4534715.0,True,12.9,17.6,10.0
2015-04-02,4482205.0,True,14.8,21.8,8.5
2015-04-03,4467532.0,True,10.6,15.1,6.9
2015-04-04,4262076.0,True,13.5,18.5,8.9
2015-04-05,4416934.0,True,10.5,12.2,10.1
2015-04-06,4706587.0,True,10.3,15.4,6.9
2015-04-07,5056050.0,True,8.4,12.2,5.5
2015-04-08,5130021.0,True,8.3,13.7,3.5
2015-04-09,5007184.0,True,9.6,16.3,3.8
2015-04-10,4697616.0,True,11.6,19.2,4.6
2015-04-11,4245302.0,True,13.5,20.7,6.7
2015-04-12,4012812.0,True,14.9,20.4,9.1
2015-04-13,4447269.0,True,12.0,17.6,7.4
2015-04-14,5124919.0,True,6.9,8.0,5.8
2015-04-15,4628556.0,True,11.1,17.0,5.6
2015-04-16,4855499.0,True,9.9,14.8,6.9
2015-04-17,4660784.0,True,10.5,16.1,4.8
2015-04-18,4133901.0,True,15.2,23.7,5.2
2015-04-19,3985847.0,True,14.5,17.3,11.2
2015-04-20,4173529.0,True,12.2,16.8,10.3
2015-04-21,3954499.0,True,14.0,20.9,7.7
2015-04-22,3845201.0,True,14.2,20.7,9.3
2015-04-23,3740019.0,True,14.5,20.1,8.0
2015-04-24,3540596.0,True,15.7,22.8,10.4
2015-04-25,3355006.0,True,15.9,23.0,9.2
2015-04-26,3103034.0,True,17.3,24.4,9.9
2015-04-27,3070388.0,True,18.5,24.9,12.7
2015-04-28,2973781.0,True,20.3,26.9,12.3
2015-04-29,3008834.0,True,17.0,18.4,15.8
2015-04-30,2817592.0,True,21.2,28.3,15.1
2015-05-01,2561052.0,True,21.0,27.2,15.9
2015-05-02,2430546.0,True,20.7,26.0,15.8
2015-05-03,2413561.0,True,18.3,19.6,17.1
2015-05-04,2663846.0,True,16.1,20.1,12.5
2015-05-05,2813549.0,True,14.2,19.9,8.3
2015-05-06,2952915.0,True,15.4,22.0,9.8
2015-05-07,2954412.0,True,16.5,24.0,10.6
2015-05-08,2880256.0,True,16.7,22.7,11.7
2015-05-09,2689290.0,True,17.6,24.0,12.6
2015-05-10,2526585.0,True,19.1,25.9,13.5
2015-05-11,2786400.0,True,18.4,24.1,14.4
2015-05-12,3093544.0,True,13.3,17.5,10.3
2015-05-13,2905989.0,True,17.4,21.4,11.8
2015-05-14,2742577.0,True,20.4,26.6,15.3
2015-05-15,2640719.0,True,19.1,23.7,16.3
2015-05-16,2552586.0,True,18.0,25.2,11.6
2015-05-17,2424243.0,True,18.6,25.2,11.7
2015-05-18,2623102.0,True,17.7,22.2,13.7
2015-05-19,2848285.0,True,14.8,16.2,13.0
2015-05-20,2803421.0,True,16.3,21.9,10.6
2015-05-21,2710219.0,True,18.7,26.0,12.6
2015-05-22,2615932.0,True,20.0,27.2,13.7
2015-05-23,2406032.0,True,20.6,28.3,13.6
2015-05-24,2166881.0,True,21.0,28.5,14.0
2015-05-25,2213838.0,True,20.8,28.7,14.4
2015-05-26,2478478.0,True,21.5,30.3,14.1
2015-05-27,2524353.0,True,23.2,31.5,14.4
2015-05-28,2499736.0,True,24.3,32.2,16.7
2015-05-29,2438387.0,True,23.8,29.8,18.5
2015-05-30,2223691.0,True,19.8,23.2,17.0
2015-05-31,2102852.0,True,22.1,30.4,15.3
2015-06-01,2415083.0,True,21.7,28.5,15.8
2015-06-02,2464081.0,True,23.1,29.8,18.1
2015-06-03,2442122.0,True,23.3,29.4,17.1
2015-06-04,2443697.0,True,24.2,31.5,17.1
2015-06-05,2382537.0,True,19.1,22.0,17.5
2015-06-06,2126253.0,True,22.4,28.9,16.4
2015-06-07,2031380.0,True,23.4,31.5,18.7
2015-06-08,2345901.0,True,22.4,27.8,18.2
2015-06-09,2400784.0,True,22.2,28.1,18.8
2015-06-10,2432050.0,True,25.3,34.9,17.6
2015-06-11,2410422.0,True,24.6,30.2,20.7
2015-06-12,2383823.0,True,23.6,29.9,19.4
2015-06-13,2159117.0,True,24.7,30.9,20.1
2015-06-14,1985449.0,True,22.8,27.7,17.8
2015-06-15,2355802.0,True,24.2,30.6,19.6
2015-06-16,2424175.0,True,25.0,30.9,20.0
2015-06-17,2427464.0,True,23.4,30.8,20.2
2015-06-18,2367082.0,True,24.8,31.3,19.6
2015-06-19,2311469.0,True,24.5,29.9,20.0
2015-06-20,2071493.0,True,19.6,22.6,17.0
2015-06-21,1946004.0,True,22.4,29.6,15.6
2015-06-22,2299426.0,True,24.0,29.1,19.4
2015-06-23,2359166.0,True,24.7,31.0,19.7
2015-06-24,2373281.0,True,25.7,30.6,21.1
2015-06-25,2352231.0,True,24.8,29.1,21.0
2015-06-26,2270555.0,True,21.0,25.3,18.0
2015-06-27,2057564.0,True,25.2,31.1,19.2
2015-06-28,1902733.0,True,25.4,31.1,21.0
2015-06-29,2307914.0,True,25.7,30.6,21.2
2015-06-30,2306054.0,True,24.4,29.2,21.9
2015-07-01,2279408.0,True,23.7,27.9,21.0
2015-07-02,2287755.0,True,23.7,29.3,20.4
2015-07-03,2280577.0,True,23.3,28.3,19.2
2015-07-04,2020965.0,True,24.1,29.9,18.2
2015-07-05,1895299.0,True,24.2,29.6,20.1
2015-07-06,2278869.0,True,25.3,32.5,20.2
2015-07-07,2286142.0,True,25.6,29.7,21.4
2015-07-08,2276994.0,True,23.4,26.3,20.7
2015-07-09,2318734.0,True,26.5,31.8,22.1
2015-07-10,2353705.0,True,29.2,34.3,23.6
2015-07-11,2047561.0,True,30.4,36.0,25.7
2015-07-12,1912606.0,True,24.8,28.0,24.0
2015-07-13,2344226.0,True,23.1,24.9,21.4
2015-07-14,2340676.0,True,26.1,31.4,22.5
2015-07-15,2342574.0,True,27.9,33.9,22.7
2015-07-16,2283970.0,True,24.7,28.9,20.6
2015-07-17,2246032.0,True,23.6,28.6,18.4
2015-07-18,2001739.0,True,24.3,27.8,22.3
2015-07-19,1871411.0,True,25.1,29.8,21.3
2015-07-20,2284657.0,True,27.5,31.2,24.4
2015-07-21,2332087.0,True,27.0,29.6,24.6
2015-07-22,2333126.0,True,27.7,31.7,25.3
2015-07-23,2344977.0,True,26.9,32.1,24.9
2015-07-24,2320193.0,True,24.7,25.4,22.6
2015-07-25,2081926.0,True,25.0,26.4,24.4
2015-07-26,1890669.0,True,26.0,30.0,23.5
2015-07-27,2273345.0,True,26.2,30.0,24.4
2015-07-28,2300879.0,True,27.7,31.2,24.6
2015-07-29,2331499.0,True,26.7,28.8,24.8
2015-07-30,2324020.0,True,28.6,33.1,25.5
2015-07-31,2279596.0,True,27.9,32.4,26.2
2015-08-01,1967867.0,True,28.2,31.6,26.0
2015-08-02,1833975.0,True,26.5,29.2,24.1
2015-08-03,2202411.0,True,27.9,31.5,25.6
2015-08-04,2244881.0,True,27.5,30.8,25.4
2015-08-05,2255105.0,True,28.6,32.7,25.9
2015-08-06,2269380.0,True,29.3,34.4,24.5
2015-08-07,2280514.0,True,28.9,34.4,26.0
2015-08-08,1973005.0,True,26.6,33.0,24.3
2015-08-09,1760398.0,True,26.7,31.0,23.3
2015-08-10,2201113.0,True,27.0,32.0,23.9
2015-08-11,2240021.0,True,26.8,30.6,24.5
2015-08-12,2251243.0,True,27.3,32.9,22.1
2015-08-13,2220018.0,True,26.5,31.1,23.9
2015-08-14,1976787.0,True,26.9,32.5,22.7
2015-08-15,1800699.0,True,27.1,30.8,23.1
2015-08-16,1765829.0,True,25.8,31.2,20.7
2015-08-17,2188977.0,True,26.6,32.9,19.8
2015-08-18,2254431.0,True,27.9,32.2,24.1
2015-08-19,2279810.0,True,26.8,29.7,24.2
2015-08-20,2260994.0,True,25.4,28.1,24.2
2015-08-21,2252612.0,True,25.2,29.3,23.0
2015-08-22,1958727.0,True,25.5,29.6,23.4
2015-08-23,1794502.0,True,26.3,31.7,20.9
2015-08-24,2245160.0,True,26.3,30.3,23.3
2015-08-25,2253720.0,True,21.7,24.5,19.2
2015-08-26,2218698.0,True,21.9,25.3,18.9
2015-08-27,2277604.0,True,24.7,30.0,21.2
2015-08-28,2281908.0,True,23.2,28.1,19.0
2015-08-29,2004779.0,True,24.4,30.8,19.0
2015-08-30,1879555.0,True,24.9,31.0,19.9
2015-08-31,2262229.0,True,25.9,31.2,21.0
2015-09-01,2304682.0,True,25.9,30.7,22.6
2015-09-02,2296271.0,True,23.9,27.7,22.0
2015-09-03,2219524.0,True,23.9,28.2,19.8
2015-09-04,2228725.0,True,24.8,30.7,20.6
2015-09-05,1938366.0,True,21.9,23.6,19.4
2015-09-06,1787838.0,True,22.2,26.2,19.3
2015-09-07,2168421.0,True,22.6,28.7,16.8
2015-09-08,2183527.0,True,22.7,28.9,16.2
2015-09-09,2216639.0,True,22.4,30.1,15.3
2015-09-10,2317870.0,True,22.4,28.4,17.0
2015-09-11,2231493.0,True,21.0,24.4,16.8
2015-09-12,2037849.0,True,19.2,24.0,15.5
2015-09-13,1933877.0,True,20.2,26.0,15.2
2015-09-14,2245572.0,True,22.1,27.8,16.4
2015-09-15,2282066.0,True,22.8,28.7,17.4
2015-09-16,2293040.0,True,21.6,26.7,16.0
2015-09-17,2300017.0,True,21.4,27.6,15.5
2015-09-18,2288206.0,True,21.9,29.2,15.9
2015-09-19,2091072.0,True,22.3,29.0,17.0
2015-09-20,1957469.0,True,22.1,28.3,17.9
2015-09-21,2241328.0,True,22.6,29.4,16.5
2015-09-22,2281464.0,True,23.9,31.0,18.0
2015-09-23,2259807.0,True,22.0,26.1,19.0
2015-09-24,2292197.0,True,23.4,30.6,17.5
2015-09-25,2262372.0,True,23.4,29.8,19.0
2015-09-26,1911704.0,True,22.4,28.0,17.9
2015-09-27,1561978.0,True,21.9,29.8,14.2
2015-09-28,1666992.0,True,21.4,28.3,15.5
2015-09-29,1868438.0,True,22.1,28.2,15.9
2015-09-30,2169046.0,True,21.3,26.2,19.4
2015-10-01,2402510.0,True,16.3,19.7,10.7
2015-10-02,2451711.0,True,16.5,21.5,8.6
2015-10-03,2190640.0,True,19.2,24.5,13.3
2015-10-04,2277369.0,True,16.6,22.4,11.2
2015-10-05,2453587.0,True,18.0,25.6,11.0
2015-10-06,2501996.0,True,18.7,26.3,12.1
2015-10-07,2472440.0,True,19.6,25.7,14.1
2015-10-08,2414795.0,True,20.1,26.4,15.7
2015-10-09,2389180.0,True,16.2,20.5,12.8
2015-10-10,2696851.0,True,12.8,17.2,10.4
2015-10-11,3107754.0,True,10.8,14.4,8.1
2015-10-12,3307097.0,True,12.3,17.9,8.2
2015-10-13,3185007.0,True,15.0,21.3,7.8
2015-10-14,2967571.0,True,17.1,24.5,10.9
2015-10-15,2864212.0,True,17.9,26.1,12.1
2015-10-16,2765335.0,True,17.5,24.2,13.2
2015-10-17,2575570.0,True,18.7,26.6,12.4
2015-10-18,2480144.0,True,17.9,24.2,12.4
2015-10-19,2681866.0,True,18.1,23.9,13.6
2015-10-20,2643981.0,True,18.8,25.1,15.4
2015-10-21,2650966.0,True,17.9,22.7,13.9
2015-10-22,2695010.0,True,17.5,23.1,14.5
2015-10-23,2705389.0,True,17.5,21.4,15.2
2015-10-24,2649315.0,True,16.9,22.0,13.2
2015-10-25,2658659.0,True,16.3,22.8,12.1
2015-10-26,3058013.0,True,15.0,18.7,12.0
2015-10-27,3482126.0,True,12.1,15.9,7.7
2015-10-28,3846917.0,True,9.9,15.8,5.6
2015-10-29,4381909.0,True,8.4,14.7,3.2
2015-10-30,5046786.0,True,5.4,10.4,1.7
2015-10-31,5267533.0,True,5.7,12.3,1.1
2015-11-01,5286437.0,True,7.0,12.6,1.3
2015-11-02,4879863.0,True,10.8,15.2,6.1
2015-11-03,4590715.0,True,11.8,18.7,6.6
2015-11-04,4450046.0,True,12.2,19.8,5.8
2015-11-05,4221181.0,True,13.2,19.2,8.6
2015-11-06,4315739.0,True,13.5,19.2,9.6
2015-11-07,4774385.0,True,10.5,11.7,9.3
2015-11-08,4643226.0,True,11.1,11.8,10.3
2015-11-09,4742214.0,True,10.8,12.1,9.8
2015-11-10,4810259.0,True,10.0,13.5,7.7
2015-11-11,4751205.0,True,11.6,17.7,6.6
2015-11-12,4426483.0,True,14.5,21.0,10.2
2015-11-13,4766330.0,True,11.5,13.1,10.5
2015-11-14,4491463.0,True,12.8,14.2,11.0
2015-11-15,4084459.0,True,13.4,17.2,10.6
2015-11-16,4507990.0,True,12.2,14.0,10.7
2015-11-17,4208491.0,True,13.9,19.3,11.0
2015-11-18,4810043.0,True,10.4,12.6,8.4
2015-11-19,5136669.0,True,8.9,10.8,6.7
2015-11-20,4983924.0,True,9.8,14.4,7.1
2015-11-21,5021478.0,True,9.2,15.4,5.0
2015-11-22,5055281.0,True,10.2,15.7,5.9
2015-11-23,5536564.0,True,8.5,11.0,6.5
2015-11-24,6213810.0,True,5.6,8.8,2.7
2015-11-25,7047028.0,True,2.4,5.3,0.9
2015-11-26,8658095.0,True,-2.7,0.9,-4.8
2015-11-27,9247544.0,True,-2.8,2.0,-7.3
2015-11-28,8499524.0,True,0.1,2.6,-2.7
2015-11-29,8003820.0,True,2.5,3.9,1.0
2015-11-30,7614545.0,True,4.1,8.5,0.9
2015-12-01,7661354.0,True,4.0,10.4,-1.3
2015-12-02,7471216.0,True,6.0,8.5,2.9
2015-12-03,8755868.0,True,-0.7,3.3,-3.2
2015-12-04,8916049.0,True,-0.4,3.1,-4.4
2015-12-05,7858726.0,True,3.4,7.2,0.6
2015-12-06,7954109.0,True,1.3,7.8,-2.0
2015-12-07,8338283.0,True,1.9,6.7,-3.4
2015-12-08,8064852.0,True,2.9,9.6,-1.4
2015-12-09,7801317.0,True,5.0,10.9,-0.8
2015-12-10,7235039.0,True,7.8,9.2,5.8
2015-12-11,7081293.0,True,6.4,12.2,3.3
2015-12-12,6956244.0,True,5.2,11.0,1.1
2015-12-13,6825469.0,True,5.2,12.2,0.9
2015-12-14,7368882.0,True,5.0,6.4,2.6
2015-12-15,7519492.0,True,4.7,8.2,2.0
2015-12-16,8689513.0,True,-1.0,2.8,-5.0
2015-12-17,9800467.0,True,-4.6,-0.4,-7.4
2015-12-18,9926394.0,True,-3.3,-1.0,-7.0
2015-12-19,8943594.0,True,-0.1,6.8,-4.6
2015-12-20,8593500.0,True,1.5,6.0,-3.4
2015-12-21,8610837.0,True,2.2,5.0,-0.2
2015-12-22,8450892.0,True,3.1,7.7,-1.5
2015-12-23,7791255.0,True,5.9,10.6,2.9
2015-12-24,8235821.0,True,1.5,5.3,-1.6
2015-12-25,8370543.0,True,-0.8,3.7,-4.9
2015-12-26,8262594.0,True,0.9,4.7,-3.2
2015-12-27,9736848.0,True,-5.7,-1.0,-8.9
2015-12-28,10762939.0,True,-5.7,-1.0,-9.5
2015-12-29,10405310.0,True,-3.2,2.9,-8.7
2015-12-30,9662373.0,True,0.3,4.3,-3.5
2015-12-31,9116787.0,True,0.7,2.8,-1.9
2016-01-01,8398096.0,True,1.2,4.0,-3.3
2016-01-02,7470699.0,True,5.7,9.5,1.0
2016-01-03,7156079.0,True,6.5,9.4,5.1
2016-01-04,8114269.0,True,2.0,5.3,-2.5
2016-01-05,9282301.0,True,-2.7,1.5,-4.8
2016-01-06,9547188.0,True,-1.7,1.7,-4.9
2016-01-07,9904291.0,True,-3.4,1.4,-5.9
2016-01-08,10031258.0,True,-3.3,1.0,-6.9
2016-01-09,9543250.0,True,-2.1,2.4,-6.2
2016-01-10,8922482.0,True,0.3,3.8,-2.7
2016-01-11,10113246.0,True,-3.8,0.9,-6.5
2016-01-12,10597545.0,True,-5.2,0.7,-9.1
2016-01-13,10896760.0,True,-4.5,0.1,-8.2
2016-01-14,10760258.0,True,-3.4,1.3,-8.4
2016-01-15,9817514.0,True,-0.4,5.3,-4.3
2016-01-16,9386792.0,True,-0.2,2.8,-2.1
2016-01-17,8895001.0,True,1.7,5.4,-0.7
2016-01-18,11065695.0,True,-6.3,0.4,-12.3
2016-01-19,13359547.0,True,-12.8,-8.9,-15.1
2016-01-20,13311070.0,True,-10.5,-5.2,-14.5
2016-01-21,12537018.0,True,-7.1,-2.3,-10.2
2016-01-22,12606586.0,True,-7.6,-3.8,-11.1
2016-01-23,13485082.0,True,-11.5,-8.3,-16.0
2016-01-24,14404588.0,True,-14.4,-10.5,-18.0
2016-01-25,13375184.0,True,-9.4,-3.4,-14.3
2016-01-26,11973313.0,True,-3.3,1.7,-8.5
2016-01-27,10816074.0,True,-1.1,4.3,-4.7
2016-01-28,10626663.0,True,-0.5,3.5,-5.6
2016-01-29,9817263.0,True,1.9,5.4,-1.4
2016-01-30,9326527.0,True,0.6,5.2,-2.5
2016-01-31,9983634.0,True,-3.9,0.3,-6.5
2016-02-01,11098411.0,True,-6.0,-1.0,-9.1
2016-02-02,11223185.0,True,-5.3,0.9,-10.0
2016-02-03,10684035.0,True,-2.4,4.0,-8.3
2016-02-04,10048538.0,True,-0.7,3.9,-4.0
2016-02-05,10360149.0,True,-2.2,3.4,-6.8
2016-02-06,9840175.0,True,-3.1,2.0,-6.2
2016-02-07,9357732.0,True,-2.9,3.5,-8.3
2016-02-08,8439298.0,True,1.3,5.5,-4.3
2016-02-09,8494115.0,True,0.3,5.5,-3.9
2016-02-10,8533179.0,True,2.7,10.7,-4.3
2016-02-11,8322758.0,True,8.1,13.5,1.6
2016-02-12,7507764.0,True,8.4,10.0,6.8
2016-02-13,6423888.0,True,11.0,14.4,5.8
2016-02-14,8483957.0,True,-2.6,5.8,-6.8
2016-02-15,10442526.0,True,-5.8,-2.3,-10.0
2016-02-16,10291757.0,True,-2.7,1.1,-6.7
2016-02-17,9578852.0,True,0.0,5.4,-5.2
2016-02-18,8926149.0,True,3.5,7.8,-1.4
2016-02-19,8704041.0,True,2.3,4.4,0.1
2016-02-20,8528665.0,True,1.3,6.3,-2.5
2016-02-21,8833225.0,True,-0.6,4.4,-4.2
2016-02-22,9110153.0,True,1.1,4.2,-2.2
2016-02-23,8937986.0,True,0.7,4.5,-4.5
2016-02-24,9710957.0,True,-3.0,2.2,-6.8
2016-02-25,9435010.0,True,-0.2,5.7,-5.8
2016-02-26,8665143.0,True,2.2,7.5,-3.2
2016-02-27,7984769.0,True,3.3,8.1,0.5
2016-02-28,8335835.0,True,0.7,6.9,-2.6
2016-02-29,9449144.0,True,-3.8,-1.1,-5.9
2016-03-01,9498074.0,True,-2.7,2.1,-7.5
2016-03-02,8965352.0,True,3.1,8.1,-2.2
2016-03-03,7669806.0,True,8.1,13.9,4.4
2016-03-04,6340657.0,True,13.2,20.3,6.4
2016-03-05,5913785.0,True,11.3,13.5,9.1
2016-03-06,5809672.0,True,7.9,12.9,4.3
2016-03-07,6379303.0,True,8.1,12.2,4.8
2016-03-08,7422392.0,True,2.7,7.0,-1.4
2016-03-09,8367160.0,True,0.3,5.3,-2.7
2016-03-10,8845548.0,True,-1.1,3.1,-4.3
2016-03-11,8786364.0,True,-0.5,4.6,-5.5
2016-03-12,8245005.0,True,2.0,6.4,-3.3
2016-03-13,7746751.0,True,3.7,6.5,1.9
2016-03-14,7600306.0,True,4.7,9.6,1.3
2016-03-15,7388284.0,True,5.2,12.4,-1.0
2016-03-16,6751012.0,True,7.5,13.8,2.7
2016-03-17,6443086.0,True,9.3,14.7,2.0
2016-03-18,5546561.0,True,13.4,20.1,8.8
2016-03-19,5132640.0,True,11.4,18.1,6.6
2016-03-20,5079004.0,True,10.6,17.5,4.9
2016-03-21,5316223.0,True,9.9,16.1,5.5
2016-03-22,5673311.0,True,8.0,13.8,3.5
2016-03-23,5885590.0,True,8.2,13.8,3.8
2016-03-24,6060400.0,True,7.2,12.7,1.6
2016-03-25,6058955.0,True,7.1,12.6,2.1
2016-03-26,6013271.0,True,6.5,12.6,2.1
2016-03-27,5877870.0,True,7.2,13.1,2.2
2016-03-28,5712810.0,True,9.8,17.4,2.3
2016-03-29,5471813.0,True,11.3,17.1,7.6
2016-03-30,5059073.0,True,11.5,18.3,7.0
2016-03-31,4752423.0,True,13.5,21.4,6.0
2016-04-01,4343982.0,True,15.3,23.8,7.3
2016-04-02,3982781.0,True,15.0,21.7,9.6
2016-04-03,4341950.0,True,10.7,12.7,8.2
2016-04-04,4404954.0,True,12.3,19.8,5.1
2016-04-05,4464217.0,True,11.4,18.1,5.9
2016-04-06,4264720.0,True,14.4,22.9,6.6
2016-04-07,4112447.0,True,14.1,20.6,10.5
2016-04-08,4229170.0,True,11.1,18.7,7.8
2016-04-09,4335557.0,True,10.7,14.1,7.4
2016-04-10,3912032.0,True,13.4,20.7,9.3
2016-04-11,4172259.0,True,12.5,19.4,5.7
2016-04-12,3953221.0,True,14.1,19.4,10.3
2016-04-13,3665355.0,True,15.6,21.4,11.4
2016-04-14,3904600.0,True,12.4,18.6,9.3
2016-04-15,3766799.0,True,15.0,23.1,8.1
2016-04-16,3747681.0,True,14.9,20.7,9.8
2016-04-17,3990971.0,True,10.8,14.5,8.3
2016-04-18,4250165.0,True,11.2,18.6,7.1
2016-04-19,4100668.0,True,12.0,19.2,6.5
2016-04-20,3972970.0,True,14.3,20.9,10.1
2016-04-21,4060206.0,True,13.5,16.9,10.3
2016-04-22,3896294.0,True,13.5,18.6,10.1
2016-04-23,3655417.0,True,13.5,19.8,7.8
2016-04-24,3392012.0,True,15.5,23.7,8.1
2016-04-25,3357730.0,True,17.2,25.3,10.2
2016-04-26,3148884.0,True,21.1,29.6,12.1
2016-04-27,3138903.0,True,17.2,20.7,14.5
2016-04-28,3117997.0,True,17.2,23.0,12.4
2016-04-29,3073401.0,True,16.2,22.6,10.9
2016-04-30,3027237.0,True,15.9,20.4,10.8
2016-05-01,2787895.0,True,18.8,26.0,12.2
2016-05-02,2885387.0,True,21.1,28.4,16.5
2016-05-03,3530340.0,True,12.9,17.6,8.9
2016-05-04,3364970.0,True,15.7,20.6,10.2
2016-05-05,2844503.0,True,18.9,26.9,10.2
2016-05-06,2928116.0,True,16.3,18.6,13.0
2016-05-07,2800391.0,True,16.5,22.6,10.7
2016-05-08,2647979.0,True,19.4,26.8,11.6
2016-05-09,2805119.0,True,20.2,25.4,16.3
2016-05-10,3105080.0,True,14.5,18.1,12.5
2016-05-11,2999522.0,True,16.4,23.5,10.4
2016-05-12,2914640.0,True,17.8,24.0,12.1
2016-05-13,2856239.0,True,18.6,25.4,12.7
2016-05-14,2521498.0,True,20.2,26.9,15.1
2016-05-15,2631453.0,True,17.4,24.2,12.3
2016-05-16,2865926.0,True,15.9,21.9,10.8
2016-05-17,2787937.0,True,19.3,26.6,10.9
2016-05-18,2729835.0,True,22.3,29.5,13.5
2016-05-19,2667359.0,True,24.3,31.9,16.3
2016-05-20,2629110.0,True,24.0,31.6,16.8
2016-05-21,2350671.0,True,24.1,30.4,17.8
2016-05-22,2178609.0,True,24.7,31.7,17.6
2016-05-23,2491417.0,True,23.3,29.4,18.3
2016-05-24,2512691.0,True,16.8,21.8,15.4
2016-05-25,2522913.0,True,19.7,24.4,15.3
2016-05-26,2508408.0,True,19.4,22.9,17.5
2016-05-27,2512832.0,True,20.9,27.1,14.8
2016-05-28,2282452.0,True,21.7,28.0,17.2
2016-05-29,2143266.0,True,21.5,27.6,17.2
2016-05-30,2464639.0,True,22.1,28.9,16.9
2016-05-31,2489195.0,True,21.6,27.6,17.4
2016-06-01,2485208.0,True,23.3,29.9,17.1
2016-06-02,2500775.0,True,23.2,29.1,17.2
2016-06-03,2464070.0,True,22.2,27.7,17.6
2016-06-04,2161743.0,True,21.2,26.3,18.2
2016-06-05,1969933.0,True,24.7,32.2,17.3
2016-06-06,2069532.0,True,23.3,28.4,20.8
2016-06-07,2437007.0,True,21.7,25.9,19.6
2016-06-08,2444979.0,True,22.1,27.7,18.2
2016-06-09,2472705.0,True,24.1,31.3,17.8
2016-06-10,2460270.0,True,24.6,31.3,20.2
2016-06-11,2169900.0,True,23.5,26.5,20.9
2016-06-12,2031729.0,True,23.5,26.7,19.9
2016-06-13,2397726.0,True,23.5,29.6,19.4
2016-06-14,2423314.0,True,23.8,29.5,19.7
2016-06-15,2412401.0,True,20.9,24.5,17.4
2016-06-16,2409135.0,True,20.9,24.9,18.6
2016-06-17,2422157.0,True,23.8,29.1,18.6
2016-06-18,2126140.0,True,24.5,29.9,20.1
2016-06-19,1986148.0,True,24.1,29.3,20.3
2016-06-20,2382602.0,True,24.7,30.7,19.6
2016-06-21,2426785.0,True,26.0,31.3,21.0
2016-06-22,2443621.0,True,24.3,30.2,20.9
2016-06-23,2441546.0,True,24.7,29.4,19.6
2016-06-24,2372942.0,True,23.1,25.7,21.1
2016-06-25,2079277.0,True,22.8,26.7,19.2
2016-06-26,1939869.0,True,24.4,30.3,19.4
2016-06-27,2351725.0,True,24.4,29.5,19.9
2016-06-28,2404240.0,True,24.7,29.7,20.4
2016-06-29,2406330.0,True,25.3,30.2,20.9
2016-06-30,2435662.0,True,24.6,26.9,23.0
2016-07-01,2446869.0,True,24.0,26.6,22.0
2016-07-02,2113936.0,True,23.5,27.7,20.6
2016-07-03,1941228.0,True,23.5,26.8,21.1
2016-07-04,2397209.0,True,21.8,24.1,20.2
2016-07-05,2590199.0,True,23.1,24.8,20.2
2016-07-06,2443172.0,True,22.9,26.9,20.3
2016-07-07,2451212.0,True,24.0,28.5,20.1
2016-07-08,2475330.0,True,27.3,32.4,21.2
2016-07-09,2164389.0,True,27.7,32.7,23.2
2016-07-10,1982770.0,True,27.9,33.1,23.2
2016-07-11,2465270.0,True,28.4,33.4,24.8
2016-07-12,2456169.0,True,26.3,30.9,22.1
2016-07-13,2482009.0,True,26.3,29.5,23.2
2016-07-14,2465182.0,True,27.5,32.4,24.0
2016-07-15,2412966.0,True,26.2,29.2,23.7
2016-07-16,2167692.0,True,20.8,23.8,19.8
2016-07-17,2024109.0,True,21.7,23.1,20.4
2016-07-18,2421466.0,True,24.4,28.4,20.7
2016-07-19,2468489.0,True,27.1,32.4,20.9
2016-07-20,2480825.0,True,28.6,32.9,24.0
2016-07-21,2435747.0,True,28.3,32.2,24.9
2016-07-22,2416518.0,True,29.1,34.1,25.3
2016-07-23,2118093.0,True,28.7,31.6,27.2
2016-07-24,1914337.0,True,28.0,30.1,27.0
2016-07-25,2354863.0,True,28.4,31.4,26.4
2016-07-26,2394639.0,True,28.4,31.9,25.6
2016-07-27,2416474.0,True,27.6,28.9,26.7
2016-07-28,2367054.0,True,28.0,30.5,26.7
2016-07-29,2347411.0,True,26.3,28.4,23.4
2016-07-30,2034630.0,True,28.6,33.0,26.4
2016-07-31,1850346.0,True,28.9,32.8,26.6
2016-08-01,2254308.0,True,28.4,32.4,25.8
2016-08-02,2276637.0,True,27.2,31.1,25.0
2016-08-03,2269709.0,True,29.1,34.2,24.0
2016-08-04,2291488.0,True,30.7,35.7,26.0
2016-08-05,2297234.0,True,31.2,36.0,26.5
2016-08-06,1970667.0,True,30.5,34.0,26.6
2016-08-07,1770025.0,True,30.6,35.0,27.0
2016-08-08,2262022.0,True,30.5,35.5,26.4
2016-08-09,2285761.0,True,29.3,33.6,26.4
2016-08-10,2272584.0,True,29.4,34.8,26.1
2016-08-11,2298220.0,True,30.5,36.4,26.1
2016-08-12,2284078.0,True,30.4,35.9,26.4
2016-08-13,1891213.0,True,30.2,35.1,26.8
2016-08-14,1680508.0,True,28.9,31.8,27.3
2016-08-15,1727229.0,True,29.1,34.0,25.8
2016-08-16,2253595.0,True,29.3,34.9,26.2
2016-08-17,2281221.0,True,29.9,34.7,25.1
2016-08-18,2299855.0,True,29.9,34.3,26.2
2016-08-19,2304083.0,True,28.9,33.2,26.6
2016-08-20,1910928.0,True,30.1,34.9,26.5
2016-08-21,1715998.0,True,30.7,36.6,26.9
2016-08-22,2280544.0,True,30.7,36.3,25.8
2016-08-23,2314595.0,True,28.3,33.0,26.0
2016-08-24,2288316.0,True,29.1,32.9,26.4
2016-08-25,2293878.0,True,27.1,32.2,24.0
2016-08-26,2160914.0,True,23.0,28.2,19.5
2016-08-27,1865195.0,True,23.4,29.7,16.9
2016-08-28,1729090.0,True,21.0,24.5,18.3
2016-08-29,2152625.0,True,22.2,27.1,17.4
2016-08-30,2184298.0,True,20.6,24.5,17.9
2016-08-31,2209215.0,True,17.7,19.2,16.1
2016-09-01,2286395.0,True,23.2,28.6,15.8
2016-09-02,2273605.0,True,24.2,29.0,20.6
2016-09-03,2008146.0,True,23.9,28.6,20.4
2016-09-04,1874869.0,True,25.6,29.6,22.1
2016-09-05,2306662.0,True,26.4,31.1,23.0
2016-09-06,2318929.0,True,24.7,29.0,21.0
2016-09-07,2306457.0,True,24.3,28.6,20.9
2016-09-08,2298453.0,True,23.0,26.5,21.5
2016-09-09,2290357.0,True,23.9,29.3,19.7
2016-09-10,2037617.0,True,24.4,29.1,20.0
2016-09-11,1882476.0,True,24.5,28.2,22.1
2016-09-12,2254762.0,True,23.4,27.5,21.4
2016-09-13,2246723.0,True,24.6,30.8,19.6
2016-09-14,1805651.0,True,24.6,28.9,21.4
2016-09-15,1452126.0,True,23.9,29.5,18.8
2016-09-16,1532844.0,True,24.6,29.5,20.4
2016-09-17,1714027.0,True,23.1,28.2,18.5
2016-09-18,1784848.0,True,23.5,28.3,20.2
2016-09-19,2209539.0,True,21.9,27.8,18.2
2016-09-20,2270472.0,True,20.6,26.8,15.4
2016-09-21,2287432.0,True,20.2,25.3,14.3
2016-09-22,2294999.0,True,21.9,27.2,17.5
2016-09-23,2312744.0,True,21.4,27.9,16.4
2016-09-24,2089328.0,True,22.3,28.9,16.5
2016-09-25,1942679.0,True,23.0,29.7,18.6
2016-09-26,2255166.0,True,23.6,28.9,19.7
2016-09-27,2325290.0,True,21.0,23.8,19.1
2016-09-28,2283793.0,True,19.9,21.8,18.7
2016-09-29,2355637.0,True,20.4,24.8,18.2
2016-09-30,2316823.0,True,20.5,23.5,17.7
2016-10-01,2124669.0,True,21.1,25.6,17.5
2016-10-02,2107841.0,True,19.0,22.4,16.7
2016-10-03,2096558.0,True,22.7,27.9,19.6
2016-10-04,2343990.0,True,22.0,29.0,15.6
2016-10-05,2354492.0,True,21.1,27.2,17.5
2016-10-06,2422099.0,True,18.0,23.5,13.6
2016-10-07,2422910.0,True,19.7,24.8,16.5
2016-10-08,2448954.0,True,16.8,21.8,10.3
2016-10-09,2889501.0,True,11.3,16.6,6.5
2016-10-10,3101378.0,True,14.0,21.4,7.4
2016-10-11,3052697.0,True,15.4,21.1,10.0
2016-10-12,3083159.0,True,15.5,20.7,11.4
2016-10-13,3186044.0,True,15.2,21.9,9.3
2016-10-14,3031100.0,True,16.7,23.5,10.5
2016-10-15,2743546.0,True,19.1,27.1,12.4
2016-10-16,2704333.0,True,17.2,19.5,15.4
2016-10-17,2816520.0,True,17.5,21.7,14.5
2016-10-18,2893602.0,True,17.0,24.0,11.2
2016-10-19,2845046.0,True,18.0,24.3,14.0
2016-10-20,2828644.0,True,18.6,25.8,12.9
2016-10-21,2845535.0,True,17.9,22.0,15.7
2016-10-22,2693652.0,True,18.3,22.8,14.5
2016-10-23,3211087.0,True,13.3,17.8,10.6
2016-10-24,3314846.0,True,15.1,20.6,9.0
2016-10-25,3472086.0,True,14.1,17.5,12.5
2016-10-26,3569461.0,True,13.3,16.3,10.5
2016-10-27,3607759.0,True,14.6,20.9,8.6
2016-10-28,3663460.0,True,14.6,18.4,10.2
2016-10-29,4654232.0,True,7.8,11.2,3.5
2016-10-30,4936095.0,True,7.9,15.1,1.6
2016-10-31,5868314.0,True,5.7,8.2,0.7
2016-11-01,7062238.0,True,1.5,6.6,-2.4
2016-11-02,6994161.0,True,4.1,10.5,-2.7
2016-11-03,5977143.0,True,9.1,14.1,4.2
2016-11-04,5273874.0,True,12.3,15.7,8.2
2016-11-05,4426558.0,True,15.0,18.1,12.2
2016-11-06,4238057.0,True,14.0,18.3,11.9
2016-11-07,4592892.0,True,12.8,17.8,8.5
2016-11-08,6174725.0,True,4.1,8.4,0.4
2016-11-09,7114458.0,True,2.1,8.6,-3.2
2016-11-10,6815126.0,True,6.0,9.8,1.5
2016-11-11,5902005.0,True,9.1,14.2,6.2
2016-11-12,5344061.0,True,11.4,16.7,5.1
2016-11-13,4555403.0,True,14.4,18.1,12.1
2016-11-14,4715583.0,True,13.2,15.8,10.2
2016-11-15,6021121.0,True,5.2,10.2,2.5
2016-11-16,6534078.0,True,5.2,12.0,0.0
2016-11-17,5936926.0,True,9.1,16.5,4.0
2016-11-18,5658743.0,True,10.3,14.6,4.9
2016-11-19,4905224.0,True,13.0,18.6,9.9
2016-11-20,5038549.0,True,9.8,15.3,6.4
2016-11-21,5753976.0,True,9.5,14.6,5.1
2016-11-22,7342238.0,True,2.0,8.4,-2.1
2016-11-23,8748730.0,True,-1.8,3.6,-4.8
2016-11-24,9202740.0,True,-2.5,2.4,-6.2
2016-11-25,8604845.0,True,1.0,6.0,-3.5
2016-11-26,8492577.0,True,0.9,2.7,-0.7
2016-11-27,7832362.0,True,3.3,6.6,0.5
2016-11-28,8515788.0,True,1.4,5.6,-1.4
2016-11-29,8536815.0,True,1.7,8.6,-2.8
2016-11-30,8033785.0,True,6.0,9.8,0.7
2016-12-01,7985581.0,True,4.1,7.0,-1.0
2016-12-02,8276854.0,True,1.6,7.9,-3.5
2016-12-03,7492882.0,True,4.5,11.3,-0.7
2016-12-04,7269087.0,True,5.5,9.5,2.0
2016-12-05,7480780.0,True,5.9,10.3,0.5
2016-12-06,8838366.0,True,-1.1,4.3,-4.2
2016-12-07,8510532.0,True,1.7,7.5,-2.7
2016-12-08,8559112.0,True,2.1,6.1,-3.0
2016-12-09,8536024.0,True,1.4,4.2,-2.9
2016-12-10,8990889.0,True,-1.6,3.6,-5.9
2016-12-11,8963947.0,True,-1.1,6.4,-6.1
2016-12-12,9055543.0,True,2.3,6.3,-3.0
2016-12-13,8559878.0,True,3.4,8.8,-0.4
2016-12-14,9634885.0,True,-1.4,-0.1,-2.3
2016-12-15,10647877.0,True,-5.0,-1.5,-7.6
2016-12-16,10906846.0,True,-4.7,0.0,-9.8
2016-12-17,9000934.0,True,2.7,8.0,-2.7
2016-12-18,8061798.0,True,4.9,8.1,2.7
2016-12-19,7825102.0,True,7.2,12.0,4.3
2016-12-20,7301772.0,True,7.6,13.6,4.4
2016-12-21,7407318.0,True,7.9,12.6,4.1
2016-12-22,7548861.0,True,5.5,11.0,1.5
2016-12-23,9311903.0,True,-2.5,1.5,-4.4
2016-12-24,9359050.0,True,-2.4,1.1,-4.3
2016-12-25,8854674.0,True,1.0,6.4,-4.5
2016-12-26,8963974.0,True,2.5,4.4,1.3
2016-12-27,9844706.0,True,-2.3,1.3,-6.3
2016-12-28,10526284.0,True,-3.7,2.6,-8.4
2016-12-29,10596633.0,True,-4.2,-1.1,-7.2
2016-12-30,10674919.0,True,-3.9,1.0,-9.1
2016-12-31,9398922.0,True,0.7,5.7,-3.6
2017-01-01,8708731.0,True,2.7,6.9,-1.6
2017-01-02,8380967.0,True,5.0,9.2,1.8
2017-01-03,8607191.0,True,2.0,7.7,-2.3
2017-01-04,8171347.0,True,3.9,8.9,1.0
2017-01-05,8414089.0,True,3.8,7.3,-0.1
2017-01-06,7861142.0,True,5.4,11.4,2.5
2017-01-07,7636844.0,True,4.6,10.5,0.0
2017-01-08,7255448.0,True,6.5,10.9,4.0
2017-01-09,8363959.0,True,1.5,4.3,-3.1
2017-01-10,9792398.0,True,-3.7,1.1,-7.4
2017-01-11,10401856.0,True,-3.8,1.5,-9.4
2017-01-12,10074774.0,True,-2.2,1.0,-6.1
2017-01-13,11332883.0,True,-6.0,-1.4,-8.6
2017-01-14,11975018.0,True,-8.4,-5.4,-10.5
2017-01-15,11629603.0,True,-6.6,-0.9,-11.5
2017-01-16,11260570.0,True,-3.8,4.0,-8.9
2017-01-17,10614434.0,True,-2.0,3.4,-7.1
2017-01-18,10223021.0,True,-0.5,2.8,-3.0
2017-01-19,10250133.0,True,-1.2,4.7,-4.9
2017-01-20,10992142.0,True,-4.4,-1.4,-7.8
2017-01-21,11307568.0,True,-5.2,-0.9,-10.0
2017-01-22,11815208.0,True,-8.3,-3.3,-10.9
2017-01-23,12748757.0,True,-8.9,-4.1,-12.6
2017-01-24,12404721.0,True,-7.0,-1.3,-11.6
2017-01-25,12043651.0,True,-5.2,0.9,-10.2
2017-01-26,11300088.0,True,-1.3,3.4,-7.9
2017-01-27,10028474.0,True,-2.6,3.1,-5.7
2017-01-28,9130117.0,True,-1.6,4.3,-8.2
2017-01-29,9155691.0,True,0.8,2.5,-0.9
2017-01-30,10564970.0,True,-4.8,-0.9,-7.9
2017-01-31,11762348.0,True,-5.4,0.2,-9.9
2017-02-01,11356448.0,True,-4.0,0.7,-7.5
2017-02-02,11187791.0,True,-2.7,3.3,-9.2
2017-02-03,9868173.0,True,1.5,6.7,-2.3
2017-02-04,9514385.0,True,0.9,3.2,-2.9
2017-02-05,9260751.0,True,1.2,2.3,-1.5
2017-02-06,10228094.0,True,-1.7,2.6,-4.4
2017-02-07,10478402.0,True,-2.0,3.0,-5.6
2017-02-08,10654057.0,True,-2.2,0.6,-4.9
2017-02-09,11423137.0,True,-5.3,-2.1,-7.1
2017-02-10,12036387.0,True,-6.6,-2.5,-9.3
2017-02-11,11284379.0,True,-4.8,0.8,-9.2
2017-02-12,10343455.0,True,-2.2,4.2,-7.4
2017-02-13,10278275.0,True,0.1,6.1,-5.4
2017-02-14,9834336.0,True,0.3,6.5,-4.0
2017-02-15,9443114.0,True,1.8,8.0,-3.9
2017-02-16,8763297.0,True,5.5,10.3,-1.9
2017-02-17,8928251.0,True,0.8,9.0,-5.2
2017-02-18,9595383.0,True,-2.6,2.9,-7.0
2017-02-19,9099470.0,True,2.3,5.7,-3.4
2017-02-20,9816341.0,True,-1.5,5.4,-5.2
2017-02-21,9899206.0,True,-0.6,6.9,-7.6
2017-02-22,9614086.0,True,1.7,2.9,-0.9
2017-02-23,9924386.0,True,-1.5,2.1,-4.2
2017-02-24,9875246.0,True,-0.8,4.4,-5.8
2017-02-25,8821241.0,True,2.6,8.4,-2.8
2017-02-26,8252067.0,True,3.6,10.1,-1.5
2017-02-27,8387181.0,True,3.7,10.7,-1.8
2017-02-28,7934575.0,True,5.6,12.3,-1.3
2017-03-01,7635433.0,True,5.0,11.4,2.0
2017-03-02,8359150.0,True,1.8,6.6,-1.1
2017-03-03,8190134.0,True,3.3,10.4,-3.1
2017-03-04,7347111.0,True,5.7,12.7,0.1
2017-03-05,7296482.0,True,5.2,10.4,1.2
2017-03-06,8708002.0,True,0.1,4.0,-2.8
2017-03-07,9321785.0,True,-1.3,2.9,-4.0
2017-03-08,9308164.0,True,-0.1,5.0,-5.3
2017-03-09,8559127.0,True,3.2,10.7,-2.7
2017-03-10,7940975.0,True,4.8,12.2,-1.2
2017-03-11,7063583.0,True,7.3,16.7,-0.2
2017-03-12,6640758.0,True,8.2,14.0,4.4
2017-03-13,6935106.0,True,6.9,12.2,1.5
2017-03-14,7050848.0,True,5.8,10.9,1.0
2017-03-15,6986747.0,True,6.3,13.3,0.4
2017-03-16,6920675.0,True,6.2,13.4,1.0
2017-03-17,6638573.0,True,7.7,15.7,1.2
2017-03-18,6083743.0,True,9.5,16.1,5.9
2017-03-19,5660813.0,True,10.9,18.9,3.2
2017-03-20,5874954.0,True,10.2,15.5,6.0
2017-03-21,6098358.0,True,7.4,12.6,4.3
2017-03-22,6200820.0,True,7.6,14.1,1.9
2017-03-23,5963672.0,True,9.1,15.0,5.1
2017-03-24,5951608.0,True,8.7,15.2,3.9
2017-03-25,5906741.0,True,8.1,12.6,5.0
2017-03-26,5981232.0,True,7.3,11.6,4.8
2017-03-27,6529419.0,True,6.1,10.9,4.4
2017-03-28,6420334.0,True,7.1,12.7,2.5
2017-03-29,6103592.0,True,8.8,14.4,4.7
2017-03-30,5740034.0,True,10.6,17.1,4.1
2017-03-31,5892829.0,True,8.6,12.4,4.9
2017-04-01,5603094.0,True,9.0,15.1,4.8
2017-04-02,5447465.0,True,9.0,15.8,3.1
2017-04-03,5316150.0,True,11.4,19.2,4.3
2017-04-04,4909053.0,True,14.1,21.8,6.7
2017-04-05,5286793.0,True,12.0,14.2,10.8
2017-04-06,5255178.0,True,10.4,12.4,9.4
2017-04-07,4607429.0,True,14.5,23.5,9.0
2017-04-08,4386403.0,True,13.0,19.9,8.6
2017-04-09,4194885.0,True,14.8,20.5,10.6
2017-04-10,4173027.0,True,16.5,23.3,10.1
2017-04-11,4090469.0,True,15.3,20.2,11.5
2017-04-12,4504886.0,True,11.5,16.4,8.8
2017-04-13,4385439.0,True,12.7,19.6,6.3
2017-04-14,4555194.0,True,13.0,17.7,10.1
2017-04-15,3862017.0,True,16.8,24.3,10.9
2017-04-16,3437888.0,True,18.7,24.4,12.9
2017-04-17,3822492.0,True,14.7,18.0,11.2
2017-04-18,4249072.0,True,11.7,17.4,9.4
2017-04-19,4234012.0,True,12.6,18.4,7.0
2017-04-20,4235976.0,True,12.9,18.2,9.9
2017-04-21,4129592.0,True,13.1,19.3,7.6
2017-04-22,3814366.0,True,14.8,22.5,8.5
2017-04-23,3611827.0,True,14.9,21.7,8.9
2017-04-24,3771029.0,True,15.1,21.3,8.3
2017-04-25,3632144.0,True,16.0,20.4,12.9
2017-04-26,3670166.0,True,15.1,20.2,10.5
2017-04-27,3741855.0,True,13.6,19.8,7.9
2017-04-28,3634584.0,True,14.4,21.5,8.9
2017-04-29,3329663.0,True,17.1,23.7,9.6
2017-04-30,2909617.0,True,19.3,27.8,13.7
2017-05-01,2895309.0,True,20.1,28.3,12.8
2017-05-02,2867680.0,True,20.7,28.0,15.2
2017-05-03,2627944.0,True,21.5,30.2,14.5
2017-05-04,2678578.0,True,21.0,27.5,14.8
2017-05-05,2453501.0,True,20.9,27.0,15.5
2017-05-06,2602282.0,True,14.9,19.3,10.0
2017-05-07,2622905.0,True,16.6,22.8,10.9
2017-05-08,2825943.0,True,17.9,23.5,11.1
2017-05-09,2796887.0,True,17.1,22.6,15.3
2017-05-10,2969691.0,True,16.4,20.8,14.2
2017-05-11,2919327.0,True,19.3,24.8,13.1
2017-05-12,2845107.0,True,19.1,21.1,16.8
2017-05-13,2828765.0,True,16.4,22.6,12.4
2017-05-14,2791577.0,True,15.7,20.7,11.0
2017-05-15,3001785.0,True,16.0,20.1,12.3
2017-05-16,2970498.0,True,17.1,22.3,13.3
2017-05-17,2925933.0,True,18.6,25.9,12.3
2017-05-18,2851471.0,True,20.4,26.9,13.9
2017-05-19,2765161.0,True,21.1,27.9,15.1
2017-05-20,2534475.0,True,20.9,27.3,15.4
2017-05-21,2390082.0,True,21.5,27.6,16.0
2017-05-22,2637562.0,True,21.8,28.0,15.9
2017-05-23,2659848.0,True,20.0,24.4,17.2
2017-05-24,2655493.0,True,21.8,27.8,16.9
2017-05-25,2650683.0,True,19.2,24.4,14.4
2017-05-26,2681616.0,True,17.7,23.2,12.4
2017-05-27,2496412.0,True,19.5,26.4,13.7
2017-05-28,2358869.0,True,21.2,27.9,14.4
2017-05-29,2615253.0,True,22.9,29.3,18.1
2017-05-30,2626483.0,True,23.6,30.3,18.6
2017-05-31,2592585.0,True,23.3,29.6,17.7
2017-06-01,2585721.0,True,23.3,27.0,20.0
2017-06-02,2560199.0,True,20.5,25.6,15.5
2017-06-03,2335363.0,True,20.5,26.5,16.1
2017-06-04,2197412.0,True,21.7,28.1,15.1
2017-06-05,2480157.0,True,24.2,30.3,16.4
2017-06-06,2320178.0,True,19.4,23.9,14.5
2017-06-07,2635433.0,True,17.6,19.2,15.1
2017-06-08,2629514.0,True,20.1,25.9,15.1
2017-06-09,2610763.0,True,21.2,25.7,17.9
2017-06-10,2370793.0,True,21.5,27.5,16.7
2017-06-11,2239887.0,True,22.8,29.6,14.8
2017-06-12,2547535.0,True,22.1,28.0,17.0
2017-06-13,2571506.0,True,21.5,25.9,18.3
2017-06-14,2575993.0,True,21.8,26.8,17.8
2017-06-15,2581723.0,True,23.1,29.6,18.0
2017-06-16,2587934.0,True,25.5,32.7,20.0
2017-06-17,2272204.0,True,24.2,29.9,20.6
2017-06-18,2126365.0,True,24.3,31.8,18.6
2017-06-19,2479161.0,True,24.8,30.2,19.5
2017-06-20,2534185.0,True,26.0,32.7,20.0
2017-06-21,2563700.0,True,25.4,31.6,21.7
2017-06-22,2580108.0,True,25.3,30.4,21.2
2017-06-23,2569137.0,True,26.7,34.1,21.3
2017-06-24,2223812.0,True,24.5,27.8,21.5
2017-06-25,2096669.0,True,23.8,28.4,21.0
2017-06-26,2501565.0,True,23.1,29.9,20.1
2017-06-27,2555646.0,True,25.2,30.5,20.8
2017-06-28,2510827.0,True,26.0,30.5,22.5
2017-06-29,2564894.0,True,26.2,31.5,21.9
2017-06-30,2528620.0,True,25.9,30.9,22.2
2017-07-01,2214715.0,True,25.3,30.7,22.4
2017-07-02,2129102.0,True,24.3,26.8,21.9
2017-07-03,2541564.0,True,24.7,27.4,21.9
2017-07-04,2558972.0,True,26.7,31.6,23.8
2017-07-05,2531463.0,True,27.4,32.6,23.3
2017-07-06,2560710.0,True,27.6,34.6,23.9
2017-07-07,2568060.0,True,26.4,28.4,24.4
2017-07-08,2248724.0,True,26.0,27.6,24.6
2017-07-09,2103353.0,True,26.3,30.3,23.8
2017-07-10,2602195.0,True,24.0,25.4,22.6
2017-07-11,2611439.0,True,26.0,30.9,22.2
2017-07-12,2663336.0,True,27.1,31.1,24.9
2017-07-13,2602084.0,True,27.6,32.1,23.1
2017-07-14,2609212.0,True,28.7,33.0,26.1
2017-07-15,2240277.0,True,25.0,27.3,23.4
2017-07-16,2106144.0,True,26.2,28.8,23.4
2017-07-17,2573980.0,True,26.8,29.0,24.0
2017-07-18,2602372.0,True,26.5,30.7,23.9
2017-07-19,2602258.0,True,28.3,34.1,24.5
2017-07-20,2628933.0,True,29.9,34.9,26.0
2017-07-21,2637147.0,True,29.8,32.4,27.3
2017-07-22,2243959.0,True,29.3,32.5,27.5
2017-07-23,2044713.0,True,27.0,28.1,26.1
2017-07-24,2486040.0,True,26.2,27.3,25.6
2017-07-25,2524506.0,True,29.4,35.4,24.6
2017-07-26,2495526.0,True,28.7,32.8,24.2
2017-07-27,2463368.0,True,27.1,29.7,24.9
2017-07-28,2511955.0,True,25.5,26.9,24.8
2017-07-29,2163749.0,True,27.2,30.1,25.0
2017-07-30,1986890.0,True,27.9,32.6,24.7
2017-07-31,2392235.0,True,25.7,27.1,24.8
2017-08-01,2443424.0,True,28.6,33.0,24.1
2017-08-02,2472756.0,True,30.0,33.0,26.6
2017-08-03,2453050.0,True,30.2,33.9,27.2
2017-08-04,2439515.0,True,30.3,35.3,25.9
2017-08-05,2138578.0,True,31.4,34.8,27.6
2017-08-06,1970375.0,True,29.8,34.0,28.2
2017-08-07,2416166.0,True,29.2,34.4,26.4
2017-08-08,2441818.0,True,28.2,31.0,25.5
2017-08-09,2405745.0,True,27.6,32.0,24.6
2017-08-10,2464265.0,True,24.8,26.3,23.9
2017-08-11,2454374.0,True,27.0,32.4,23.9
2017-08-12,2049055.0,True,27.8,32.6,23.2
2017-08-13,1863467.0,True,26.3,28.4,24.2
2017-08-14,2278621.0,True,24.6,27.1,23.1
2017-08-15,2027121.0,True,21.9,24.0,20.8
2017-08-16,2417443.0,True,23.3,26.8,20.5
2017-08-17,2425684.0,True,24.8,27.7,21.2
2017-08-18,2444925.0,True,26.3,30.6,23.9
2017-08-19,2134817.0,True,26.1,28.7,23.1
2017-08-20,2057459.0,True,23.2,25.8,22.0
2017-08-21,2503583.0,True,25.8,29.2,23.7
2017-08-22,2523144.0,True,27.3,31.5,23.4
2017-08-23,2623546.0,True,27.2,30.2,24.6
2017-08-24,2646680.0,True,26.5,28.1,23.9
2017-08-25,2497550.0,True,25.3,30.6,22.2
2017-08-26,2168428.0,True,24.2,29.2,19.0
2017-08-27,2035481.0,True,22.7,26.7,19.0
2017-08-28,2510234.0,True,21.5,26.5,18.3
2017-08-29,2486863.0,True,19.5,24.0,17.0
2017-08-30,2474548.0,True,19.8,23.9,16.1
2017-08-31,2553660.0,True,22.2,27.6,16.6
2017-09-01,2551897.0,True,23.3,29.7,17.1
2017-09-02,2286441.0,True,23.8,29.6,18.6
2017-09-03,2141960.0,True,23.7,29.2,19.0
2017-09-04,2515096.0,True,24.6,30.1,19.7
2017-09-05,2503861.0,True,21.9,23.7,20.4
2017-09-06,2532653.0,True,20.6,24.0,18.5
2017-09-07,2547224.0,True,22.4,27.5,17.8
2017-09-08,2554264.0,True,24.3,29.9,20.4
2017-09-09,2294487.0,True,23.8,28.2,19.2
2017-09-10,2128815.0,True,23.0,26.1,19.9
2017-09-11,2477890.0,True,21.2,24.6,18.6
2017-09-12,2543252.0,True,22.1,27.9,17.7
2017-09-13,2550098.0,True,21.4,27.5,15.9
2017-09-14,2560158.0,True,22.4,29.5,14.8
2017-09-15,2539187.0,True,22.6,27.9,17.8
2017-09-16,2305361.0,True,22.0,27.6,16.7
2017-09-17,2160779.0,True,23.1,29.2,19.0
2017-09-18,2519162.0,True,21.9,27.6,16.4
2017-09-19,2555055.0,True,22.6,25.8,20.1
2017-09-20,2524214.0,True,19.5,24.9,14.1
2017-09-21,2552053.0,True,20.3,27.0,14.2
2017-09-22,2556285.0,True,20.6,26.8,15.4
2017-09-23,2330314.0,True,21.8,27.3,17.6
2017-09-24,2217257.0,True,22.4,27.9,18.8
2017-09-25,2511294.0,True,23.4,30.1,17.4
2017-09-26,2572954.0,True,25.1,31.4,19.4
2017-09-27,2806058.0,True,22.7,27.3,19.9
2017-09-28,2262600.0,True,19.2,25.3,14.2
2017-09-29,2605156.0,True,17.4,23.5,11.2
2017-09-30,2384874.0,True,20.0,25.9,14.7
2017-10-01,2335313.0,True,18.2,21.2,15.5
2017-10-02,2282660.0,True,22.0,29.4,15.6
2017-10-03,2316962.0,True,17.6,23.6,13.4
2017-10-04,2202561.0,True,16.7,24.3,10.7
2017-10-05,2159338.0,True,18.7,23.4,13.9
2017-10-06,2301440.0,True,18.9,23.3,16.2
2017-10-07,2315321.0,True,21.9,28.8,16.9
2017-10-08,2218133.0,True,23.0,28.7,19.3
2017-10-09,2345055.0,True,22.5,27.6,19.8
2017-10-10,2585241.0,True,21.4,24.8,18.6
2017-10-11,2899562.0,True,15.5,21.7,12.2
2017-10-12,3411391.0,True,11.4,,8.8
2017-10-13,3616607.0,True,12.8,18.9,6.1
2017-10-14,3499462.0,True,14.4,20.5,9.0
2017-10-15,3603913.0,True,15.8,23.0,9.0
2017-10-16,3362885.0,True,16.6,22.0,13.6
2017-10-17,3441499.0,True,16.2,23.9,9.2
2017-10-18,3455891.0,True,16.5,19.1,14.2
2017-10-19,3345651.0,True,17.0,23.2,11.9
2017-10-20,3334499.0,True,17.0,24.2,11.1
2017-10-21,3102427.0,True,17.6,25.2,11.0
2017-10-22,3151289.0,True,16.3,23.5,11.0
2017-10-23,3641203.0,True,13.7,20.6,8.6
2017-10-24,3656035.0,True,14.4,20.9,9.9
2017-10-25,3681185.0,True,14.4,20.6,9.5
2017-10-26,3759193.0,True,14.5,18.1,10.7
2017-10-27,3557392.0,True,16.9,24.2,11.9
2017-10-28,3415164.0,True,17.2,24.8,10.6
2017-10-29,3981162.0,True,11.5,17.2,6.3
2017-10-30,5115142.0,True,7.7,13.2,2.5
2017-10-31,4971539.0,True,10.4,16.0,3.6
2017-11-01,4402463.0,True,14.4,18.1,11.5
2017-11-02,4178202.0,True,15.5,18.0,14.0
2017-11-03,4562152.0,True,12.3,16.6,6.1
2017-11-04,5136031.0,True,7.8,13.7,4.5
2017-11-05,5227425.0,True,8.4,15.4,2.6
2017-11-06,4991907.0,True,11.4,16.5,8.0
2017-11-07,4685239.0,True,14.4,18.4,9.2
2017-11-08,4679850.0,True,13.1,17.2,6.9
2017-11-09,5233833.0,True,9.4,16.8,3.7
2017-11-10,5463518.0,True,9.8,15.9,5.3
2017-11-11,5938801.0,True,5.9,10.7,2.7
2017-11-12,6133228.0,True,5.3,11.4,0.3
2017-11-13,6516096.0,True,8.4,11.8,3.1
2017-11-14,6448046.0,True,7.5,11.4,2.9
2017-11-15,7658431.0,True,3.2,6.5,-1.1
2017-11-16,8327099.0,True,1.0,6.4,-3.4
2017-11-17,8542800.0,True,3.0,5.8,-1.6
2017-11-18,9320035.0,True,-2.1,2.6,-4.8
2017-11-19,9555659.0,True,-1.6,3.5,-6.6
2017-11-20,9859225.0,True,-0.4,4.2,-3.9
2017-11-21,9525489.0,True,1.3,8.1,-4.2
2017-11-22,8843839.0,True,4.3,10.8,0.6
2017-11-23,9349734.0,True,0.9,4.7,-2.5
2017-11-24,9628156.0,True,-0.4,2.9,-2.5
2017-11-25,9107510.0,True,3.0,7.3,-3.3
2017-11-26,8392054.0,True,3.3,7.6,-0.3
2017-11-27,9079892.0,True,2.5,9.5,-2.9
2017-11-28,8466428.0,True,6.4,11.2,1.3
2017-11-29,8661037.0,True,3.2,8.1,-1.8
2017-11-30,10177437.0,True,-2.4,2.7,-5.2
2017-12-01,10845545.0,True,-2.2,3.1,-7.6
2017-12-02,9552752.0,True,1.9,8.1,-4.6
2017-12-03,8402424.0,True,4.9,8.1,3.1
2017-12-04,9463541.0,True,-1.2,4.5,-6.1
2017-12-05,11175479.0,True,-4.2,-0.4,-8.2
2017-12-06,10391400.0,True,0.2,6.0,-4.5
2017-12-07,10041547.0,True,0.7,4.6,-3.5
2017-12-08,10988439.0,True,-3.8,-0.5,-7.1
2017-12-09,10115710.0,True,-0.5,5.4,-5.6
2017-12-10,9866390.0,True,1.1,6.7,-2.5
2017-12-11,12231676.0,True,-7.0,-2.5,-11.0
2017-12-12,13454936.0,True,-9.4,-5.2,-12.3
2017-12-13,13404704.0,True,-8.7,-4.4,-12.0
2017-12-14,13311242.0,True,-6.6,-1.9,-11.2
2017-12-15,12560189.0,True,-3.0,0.9,-7.5
2017-12-16,12223259.0,True,-5.7,-2.6,-8.1
2017-12-17,12480217.0,True,-6.7,-2.3,-10.8
2017-12-18,12000030.0,True,-1.6,3.3,-5.9
2017-12-19,12196832.0,True,-3.9,-1.0,-6.5
2017-12-20,12417821.0,True,-3.9,-0.1,-8.5
2017-12-21,11576388.0,True,-0.9,4.6,-5.6
2017-12-22,10452349.0,True,3.4,6.6,-1.9
2017-12-23,8953451.0,True,6.1,8.7,5.0
2017-12-24,8802610.0,True,2.9,5.7,-0.6
2017-12-25,10249841.0,True,-2.1,0.6,-4.9
2017-12-26,11597229.0,True,-3.8,-1.1,-7.9
2017-12-27,12563343.0,True,-6.9,-2.6,-10.3
2017-12-28,11722627.0,True,-2.1,0.8,-6.8
2017-12-29,10310372.0,True,2.1,6.0,-0.4
2017-12-30,9759921.0,True,1.4,4.5,-1.2
2017-12-31,9552202.0,True,-0.3,3.3,-3.2
2018-01-01,9990201.0,True,-1.3,3.8,-5.1
2018-01-02,11055338.0,True,-1.8,1.8,-4.3
2018-01-03,11784278.0,True,-4.7,-0.4,-7.1
2018-01-04,12050061.0,True,-4.7,-0.7,-8.7
2018-01-05,11452798.0,True,-3.0,1.6,-5.6
2018-01-06,11016254.0,True,-2.8,2.9,-6.8
2018-01-07,10771644.0,True,-0.8,2.8,-5.7
2018-01-08,10780585.0,True,1.3,4.0,-1.2
2018-01-09,11621208.0,True,-4.2,-1.2,-6.1
2018-01-10,12771980.0,True,-7.5,-4.8,-10.3
2018-01-11,14339524.0,True,-11.1,-7.4,-13.6
2018-01-12,14591363.0,True,-10.2,-5.4,-15.3
2018-01-13,12617737.0,True,-4.4,-1.2,-6.6
2018-01-14,11182439.0,True,0.6,5.4,-4.4
2018-01-15,10124714.0,True,4.7,7.7,1.8
2018-01-16,9922772.0,True,3.5,6.8,0.1
2018-01-17,9329014.0,True,4.5,8.7,2.4
2018-01-18,9582351.0,True,2.1,4.5,0.3
2018-01-19,9727160.0,True,1.0,5.5,-2.5
2018-01-20,9242134.0,True,2.2,6.9,-1.0
2018-01-21,9371940.0,True,0.4,5.5,-3.7
2018-01-22,10327385.0,True,0.2,4.0,-5.3
2018-01-23,13551645.0,True,-11.7,-5.3,-14.6
2018-01-24,15418479.0,True,-14.2,-10.7,-16.3
2018-01-25,16098826.0,True,-14.0,-9.5,-16.4
2018-01-26,16687385.0,True,-14.8,-10.7,-17.8
2018-01-27,15343155.0,True,-9.9,-3.5,-15.9
2018-01-28,13618070.0,True,-6.3,-1.2,-9.3
2018-01-29,14351450.0,True,-8.5,-4.7,-11.6
2018-01-30,13789602.0,True,-5.3,-0.8,-11.4
2018-01-31,12876979.0,True,-2.6,0.0,-5.2
2018-02-01,12541718.0,True,-4.0,1.2,-8.8
2018-02-02,12095800.0,True,-2.4,3.8,-7.6
2018-02-03,12685083.0,True,-7.3,-2.1,-10.4
2018-02-04,13359845.0,True,-9.5,-5.2,-12.8
2018-02-05,14164479.0,True,-9.4,-5.1,-11.8
2018-02-06,14643108.0,True,-10.1,-5.8,-12.8
2018-02-07,14166536.0,True,-8.0,-1.6,-13.4
2018-02-08,12996286.0,True,-4.4,2.0,-9.7
2018-02-09,11835761.0,True,0.4,6.1,-5.3
2018-02-10,11059330.0,True,-0.5,3.2,-6.9
2018-02-11,12097993.0,True,-6.1,-2.2,-9.5
2018-02-12,12785881.0,True,-5.8,-1.8,-9.6
2018-02-13,11677786.0,True,-0.8,4.3,-7.4
2018-02-14,10423500.0,True,3.5,8.7,-0.7
2018-02-15,9823756.0,True,-0.7,4.0,-3.7
2018-02-16,9148033.0,True,-1.1,4.9,-5.5
2018-02-17,10025528.0,True,-3.0,1.4,-7.1
2018-02-18,10359136.0,True,-0.4,5.2,-4.9
2018-02-19,10468899.0,True,1.8,6.8,-1.9
2018-02-20,10260666.0,True,0.9,5.5,-2.4
2018-02-21,10586506.0,True,-0.9,4.4,-4.5
2018-02-22,10181473.0,True,1.3,5.4,-3.9
2018-02-23,9444355.0,True,4.2,8.6,-0.3
2018-02-24,8911369.0,True,2.4,7.2,-1.1
2018-02-25,8756970.0,True,1.9,7.9,-1.6
2018-02-26,8991665.0,True,3.1,10.4,-3.2
2018-02-27,8916734.0,True,4.2,6.9,0.6
2018-02-28,8915040.0,True,4.6,7.8,1.8
2018-03-01,9293253.0,True,-0.2,3.0,-4.3
2018-03-02,9892875.0,True,-0.7,5.4,-6.7
2018-03-03,7912254.0,True,7.9,16.2,-0.1
2018-03-04,7099681.0,True,9.8,11.9,7.6
2018-03-05,7770581.0,True,5.5,11.4,1.3
2018-03-06,7878960.0,True,4.5,10.9,-1.1
2018-03-07,7848609.0,True,6.4,10.7,2.2
2018-03-08,7968719.0,True,4.6,9.7,2.7
2018-03-09,7839409.0,True,4.5,9.6,1.4
2018-03-10,7619214.0,True,4.6,9.7,0.7
2018-03-11,7092355.0,True,6.4,12.2,2.7
2018-03-12,7121354.0,True,8.0,15.5,2.2
2018-03-13,6302692.0,True,12.4,18.8,5.2
2018-03-14,5249318.0,True,17.0,22.1,13.6
2018-03-15,5487364.0,True,12.4,16.6,8.4
2018-03-16,6098312.0,True,7.1,12.2,3.6
2018-03-17,6188013.0,True,6.6,14.0,0.5
2018-03-18,6234256.0,True,8.2,12.5,5.4
2018-03-19,6936685.0,True,8.0,10.4,6.2
2018-03-20,7572311.0,True,4.7,9.1,1.6
2018-03-21,8367283.0,True,2.1,5.3,1.1
2018-03-22,7602410.0,True,4.9,11.6,0.6
2018-03-23,7212937.0,True,6.1,12.5,1.8
2018-03-24,6636962.0,True,7.6,13.1,4.0
2018-03-25,6029840.0,True,9.6,16.9,4.6
2018-03-26,5886295.0,True,11.0,18.1,5.3
2018-03-27,5352885.0,True,13.3,20.0,7.7
2018-03-28,4988796.0,True,14.0,19.0,9.4
2018-03-29,4592537.0,True,15.4,21.1,11.8
2018-03-30,4437690.0,True,14.8,21.9,9.8
2018-03-31,4315557.0,True,14.0,20.1,9.3
2018-04-01,4115981.0,True,15.6,18.5,11.7
2018-04-02,3913531.0,True,18.4,23.7,14.9
2018-04-03,3830968.0,True,17.8,21.2,14.9
2018-04-04,4214889.0,True,13.4,18.2,9.5
2018-04-05,5373555.0,True,7.6,9.5,6.7
2018-04-06,6072710.0,True,5.8,8.6,3.0
2018-04-07,6676106.0,True,4.2,8.6,1.4
2018-04-08,7018215.0,True,3.9,7.9,0.6
2018-04-09,6369942.0,True,7.9,15.4,0.1
2018-04-10,5331631.0,True,15.1,21.9,6.9
2018-04-11,4858419.0,True,12.6,17.3,8.7
2018-04-12,4702169.0,True,13.3,19.6,6.8
2018-04-13,4556566.0,True,14.6,19.3,8.3
2018-04-14,5142849.0,True,9.0,14.8,7.5
2018-04-15,4972601.0,True,9.5,14.2,5.6
2018-04-16,4896547.0,True,11.6,18.8,4.9
2018-04-17,4637642.0,True,12.9,20.1,6.8
2018-04-18,4566927.0,True,12.4,19.3,6.2
2018-04-19,4351164.0,True,14.0,20.5,7.4
2018-04-20,3874758.0,True,18.4,26.3,11.0
2018-04-21,3423490.0,True,18.7,25.6,12.3
2018-04-22,3581494.0,True,15.5,21.0,10.7
2018-04-23,4844144.0,True,9.3,10.7,8.4
2018-04-24,4618366.0,True,12.1,16.1,8.9
2018-04-25,4208195.0,True,14.6,23.3,5.7
2018-04-26,3899853.0,True,14.9,22.1,10.0
2018-04-27,3692113.0,True,15.7,23.3,9.7
2018-04-28,3463329.0,True,15.4,21.7,10.5
2018-04-29,3309881.0,True,16.2,22.9,9.4
2018-04-30,3234796.0,True,19.2,25.0,14.1
2018-05-01,3014084.0,True,20.4,23.3,17.8
2018-05-02,3467540.0,True,15.1,19.7,8.7
2018-05-03,3868616.0,True,11.2,14.7,6.9
2018-05-04,3731669.0,True,14.1,20.0,8.8
2018-05-05,3166802.0,True,18.3,24.6,11.6
2018-05-06,3038008.0,True,16.6,20.7,15.0
2018-05-07,2957233.0,True,19.2,25.5,14.0
2018-05-08,3161949.0,True,17.5,22.9,11.6
2018-05-09,3280754.0,True,15.7,21.8,9.2
2018-05-10,3267903.0,True,15.4,21.4,11.3
2018-05-11,3240179.0,True,16.1,21.3,11.9
2018-05-12,3514573.0,True,14.2,16.1,11.8
2018-05-13,3181832.0,True,15.8,20.0,12.7
2018-05-14,3215690.0,True,18.2,24.5,11.9
2018-05-15,3010481.0,True,23.2,29.3,15.4
2018-05-16,3171988.0,True,22.3,24.4,21.8
2018-05-17,3201372.0,True,20.9,23.5,18.8
2018-05-18,3151784.0,True,16.3,19.3,12.2
2018-05-19,2970363.0,True,17.6,24.7,10.3
2018-05-20,2893336.0,True,17.0,22.6,11.5
2018-05-21,3082404.0,True,17.8,23.7,11.3
2018-05-22,3022302.0,True,18.1,23.2,15.4
2018-05-23,3167418.0,True,17.3,23.3,13.6
2018-05-24,3106108.0,True,18.3,23.7,11.2
2018-05-25,3050420.0,True,19.7,26.2,13.8
2018-05-26,2772535.0,True,21.8,29.6,14.0
2018-05-27,2591604.0,True,20.3,24.7,17.3
2018-05-28,2885784.0,True,22.3,29.1,16.2
2018-05-29,2894099.0,True,21.4,25.9,19.1
2018-05-30,2862510.0,True,20.2,24.7,15.8
2018-05-31,2864130.0,True,20.9,27.6,14.2
2018-06-01,2828183.0,True,23.8,30.2,17.5
2018-06-02,2561992.0,True,23.4,30.1,17.6
2018-06-03,2407784.0,True,24.0,30.8,16.9
2018-06-04,3073235.0,True,22.6,27.5,18.9
2018-06-05,2437853.0,True,23.7,29.2,17.7
2018-06-06,2486197.0,True,23.0,27.9,18.4
2018-06-07,2750944.0,True,22.2,29.4,17.8
2018-06-08,2741253.0,True,21.9,27.0,18.5
2018-06-09,2494625.0,True,23.7,30.1,18.9
2018-06-10,2342196.0,True,21.3,24.9,18.3
2018-06-11,2697277.0,True,20.2,23.9,18.0
2018-06-12,2732972.0,True,21.3,27.1,16.6
2018-06-13,2481866.0,True,22.0,27.0,18.3
2018-06-14,2736222.0,True,21.6,25.1,18.8
2018-06-15,2715836.0,True,21.7,27.0,17.2
2018-06-16,2493882.0,True,22.5,28.7,16.3
2018-06-17,2329144.0,True,22.8,27.5,18.9
2018-06-18,2684298.0,True,24.8,30.8,19.9
2018-06-19,2710630.0,True,22.4,27.2,19.1
2018-06-20,2706076.0,True,22.7,28.4,19.1
2018-06-21,2711282.0,True,23.7,28.7,19.4
2018-06-22,2673824.0,True,25.0,32.0,18.2
2018-06-23,2418904.0,True,24.5,28.9,20.9
2018-06-24,2252639.0,True,25.2,32.1,20.1
2018-06-25,2656740.0,True,27.1,32.9,21.3
2018-06-26,2715070.0,True,22.3,26.9,20.2
2018-06-27,2677751.0,True,22.3,25.5,19.1
2018-06-28,2692657.0,True,23.3,27.3,20.6
2018-06-29,2682123.0,True,24.7,29.1,21.9
2018-06-30,2381242.0,True,24.4,27.9,21.6
2018-07-01,2290938.0,True,21.9,22.8,21.0
2018-07-02,2716078.0,True,22.6,25.3,20.6
2018-07-03,2758619.0,True,27.4,32.6,22.5
2018-07-04,2740699.0,True,27.3,31.8,24.0
2018-07-05,2701399.0,True,25.3,29.0,23.4
2018-07-06,2634457.0,True,23.9,27.1,21.5
2018-07-07,2353067.0,True,23.7,29.2,19.5
2018-07-08,2211096.0,True,23.3,28.1,17.7
2018-07-09,2642695.0,True,20.8,24.2,20.1
2018-07-10,2724210.0,True,23.7,26.5,20.4
2018-07-11,2812959.0,True,26.8,29.5,24.4
2018-07-12,2786560.0,True,26.6,28.2,25.1
2018-07-13,2736077.0,True,27.3,30.9,24.7
2018-07-14,2386639.0,True,27.9,31.9,24.6
2018-07-15,2226561.0,True,28.3,33.2,24.5
2018-07-16,2702834.0,True,28.7,34.0,24.0
2018-07-17,2801305.0,True,28.1,32.1,23.9
2018-07-18,2693544.0,True,28.2,33.2,23.7
2018-07-19,2688317.0,True,28.7,34.1,23.2
2018-07-20,2666097.0,True,29.5,34.7,24.6
2018-07-21,2292716.0,True,30.6,36.9,24.9
2018-07-22,2107977.0,True,31.8,38.0,25.3
2018-07-23,2588480.0,True,31.7,35.7,29.2
2018-07-24,2602720.0,True,31.4,36.8,27.2
2018-07-25,2592899.0,True,30.1,34.1,27.7
2018-07-26,2564369.0,True,30.1,33.7,27.3
2018-07-27,2586357.0,True,30.9,35.4,27.2
2018-07-28,2205621.0,True,29.5,35.2,28.0
2018-07-29,1974959.0,True,31.3,36.7,26.4
2018-07-30,2416489.0,True,31.7,36.9,26.2
2018-07-31,2455342.0,True,32.6,38.3,27.8
2018-08-01,2464733.0,True,33.6,39.6,27.8
2018-08-02,2434477.0,True,33.7,37.9,30.3
2018-08-03,2407033.0,True,33.1,37.9,30.0
2018-08-04,2052587.0,True,31.1,34.9,28.0
2018-08-05,1915867.0,True,30.0,33.9,27.2
2018-08-06,2377334.0,True,30.5,35.3,28.3
2018-08-07,2383724.0,True,30.5,35.9,26.8
2018-08-08,2395679.0,True,31.0,35.3,27.6
2018-08-09,2425404.0,True,28.8,32.5,27.1
2018-08-10,2423816.0,True,30.7,36.8,25.7
2018-08-11,2079906.0,True,31.0,36.0,26.4
2018-08-12,1899051.0,True,30.6,35.3,27.2
2018-08-13,2380814.0,True,30.5,34.4,26.7
2018-08-14,2424949.0,True,31.7,37.2,27.7
2018-08-15,2037336.0,True,31.7,38.0,28.3
2018-08-16,2470860.0,True,29.9,35.6,24.1
2018-08-17,2339320.0,True,27.2,33.8,21.7
2018-08-18,1992934.0,True,26.7,32.1,21.5
2018-08-19,1878579.0,True,28.2,34.4,23.0
2018-08-20,2334642.0,True,29.1,33.3,25.1
2018-08-21,2406601.0,True,26.6,31.0,23.4
2018-08-22,2448574.0,True,30.7,37.6,23.4
2018-08-23,2440006.0,True,29.4,32.2,25.7
2018-08-24,2371154.0,True,24.4,26.3,23.2
2018-08-25,2065802.0,True,25.2,29.3,22.7
2018-08-26,1931518.0,True,23.2,29.0,20.3
2018-08-27,2355101.0,True,22.7,24.9,20.2
2018-08-28,2447889.0,True,23.7,26.1,22.5
2018-08-29,2535105.0,True,25.2,27.4,22.7
2018-08-30,2545609.0,True,25.3,28.2,23.9
2018-08-31,2514168.0,True,25.6,30.3,22.8
2018-09-01,2214043.0,True,25.5,30.9,20.8
2018-09-02,2048555.0,True,25.1,29.6,20.1
2018-09-03,2518699.0,True,23.3,25.8,21.4
2018-09-04,2535855.0,True,23.2,27.8,20.0
2018-09-05,2571862.0,True,24.0,28.5,19.6
2018-09-06,2583745.0,True,24.1,28.2,20.9
2018-09-07,2533216.0,True,22.0,25.5,19.1
2018-09-08,2319069.0,True,21.7,27.7,15.9
2018-09-09,2167880.0,True,22.2,28.9,15.6
2018-09-10,2555402.0,True,22.9,28.4,18.6
2018-09-11,2636605.0,True,21.6,26.1,16.8
2018-09-12,2569741.0,True,22.8,28.2,16.8
2018-09-13,2523670.0,True,23.5,28.3,20.3
2018-09-14,2505040.0,True,23.5,26.8,20.3
2018-09-15,2246465.0,True,23.3,26.0,21.0
2018-09-16,2157529.0,True,22.2,23.9,21.0
2018-09-17,2489176.0,True,22.3,27.7,18.5
2018-09-18,2497660.0,True,22.0,26.5,17.7
2018-09-19,2495122.0,True,22.1,26.6,18.9
2018-09-20,2552943.0,True,19.0,20.1,17.8
2018-09-21,2596323.0,True,19.4,21.9,17.6
2018-09-22,2318432.0,True,20.8,25.5,17.2
2018-09-23,2160718.0,True,19.4,25.3,15.6
2018-09-24,1979539.0,True,17.6,22.1,14.2
2018-09-25,2126203.0,True,17.8,24.3,10.8
2018-09-26,2346958.0,True,19.4,24.8,16.2
2018-09-27,2677835.0,True,18.9,25.0,13.2
2018-09-28,2796382.0,True,17.5,22.2,14.3
2018-09-29,2593842.0,True,20.2,27.0,14.6
2018-09-30,2587219.0,True,17.6,21.6,14.0
2018-10-01,3018502.0,True,15.4,19.7,13.0
2018-10-02,3010871.0,True,15.9,22.0,10.3
2018-10-03,2823564.0,True,17.3,24.2,11.2
2018-10-04,2875754.0,True,19.3,25.6,13.0
2018-10-05,3059054.0,True,16.9,19.0,15.7
2018-10-06,2914032.0,True,18.0,21.7,16.3
2018-10-07,2793324.0,True,16.4,21.1,12.3
2018-10-08,3149296.0,True,14.8,20.9,9.2
2018-10-09,3209828.0,True,15.3,19.8,10.7
2018-10-10,3823768.0,True,12.0,16.7,7.9
2018-10-11,4376406.0,True,9.7,13.9,6.1
2018-10-12,4355167.0,True,10.9,17.4,5.2
2018-10-13,4099370.0,True,12.5,19.8,6.1
2018-10-14,3872267.0,True,13.2,20.3,6.8
2018-10-15,3762907.0,True,15.2,21.0,10.9
2018-10-16,3810317.0,True,14.5,20.3,9.9
2018-10-17,4040576.0,True,12.4,18.6,8.4
2018-10-18,4253562.0,True,12.7,19.0,7.5
2018-10-19,4159301.0,True,13.1,20.4,7.2
2018-10-20,4004487.0,True,13.4,21.4,6.9
2018-10-21,3895248.0,True,13.4,21.1,7.2
2018-10-22,4013200.0,True,14.0,20.6,8.8
2018-10-23,4205921.0,True,12.2,16.9,9.8
2018-10-24,4203228.0,True,12.5,18.7,7.6
2018-10-25,4124987.0,True,13.8,21.2,7.0
2018-10-26,4408176.0,True,12.2,14.7,9.9
2018-10-27,4922181.0,True,8.7,11.6,6.2
2018-10-28,5234303.0,True,8.3,13.5,5.2
2018-10-29,5860505.0,True,7.2,11.7,3.4
2018-10-30,6221930.0,True,6.1,11.6,0.7
2018-10-31,6035871.0,True,7.4,12.6,3.0
2018-11-01,5954949.0,True,8.4,15.2,2.5
2018-11-02,5556743.0,True,10.6,19.0,4.0
2018-11-03,5072233.0,True,11.2,19.1,5.0
2018-11-04,4876952.0,True,11.6,19.4,5.3
2018-11-05,4960048.0,True,11.9,18.3,6.6
2018-11-06,5051766.0,True,12.2,17.5,8.0
2018-11-07,4998143.0,True,12.8,15.7,10.3
2018-11-08,4952817.0,True,11.8,14.7,10.5
2018-11-09,5046566.0,True,12.1,15.4,9.5
2018-11-10,4683027.0,True,11.9,17.1,8.8
2018-11-11,5299892.0,True,8.1,10.9,5.4
2018-11-12,5790781.0,True,8.1,15.1,3.1
2018-11-13,5831799.0,True,8.8,15.4,4.1
2018-11-14,5749900.0,True,9.8,16.6,4.8
2018-11-15,5694933.0,True,9.7,16.2,4.7
2018-11-16,5846160.0,True,8.8,14.5,4.2
2018-11-17,6533439.0,True,4.9,11.4,0.6
2018-11-18,6535070.0,True,6.1,10.7,1.9
2018-11-19,6694699.0,True,6.5,11.3,3.3
2018-11-20,6952593.0,True,6.5,12.7,0.0
2018-11-21,7180618.0,True,5.8,8.2,3.1
2018-11-22,8104694.0,True,2.3,7.1,-1.3
2018-11-23,8589007.0,True,1.9,7.6,-3.1
2018-11-24,8466439.0,True,2.6,3.8,0.3
2018-11-25,7488923.0,True,4.8,9.8,1.3
2018-11-26,7391516.0,True,6.3,13.6,1.6
2018-11-27,7254571.0,True,7.1,12.5,3.1
2018-11-28,7613966.0,True,5.0,11.1,2.1
2018-11-29,8144277.0,True,3.5,6.7,0.6
2018-11-30,8302189.0,True,2.7,8.0,-1.5
2018-12-01,7617085.0,True,5.5,12.4,0.8
2018-12-02,7184277.0,True,8.2,11.8,2.8
2018-12-03,6723226.0,True,11.5,13.5,9.3
2018-12-04,7237746.0,True,6.7,11.8,-0.3
2018-12-05,9517719.0,True,0.0,3.4,-4.3
2018-12-06,9216073.0,True,2.4,6.8,-1.0
2018-12-07,11862753.0,True,-7.3,-1.1,-9.6
2018-12-08,12484565.0,True,-8.3,-4.4,-11.4
2018-12-09,12452326.0,True,-7.2,-2.1,-11.8
2018-12-10,11951044.0,True,-2.5,4.6,-8.1
2018-12-11,11206851.0,True,0.2,2.9,-2.4
2018-12-12,11246265.0,True,-1.9,2.4,-5.0
2018-12-13,11504373.0,True,-2.2,2.1,-5.9
2018-12-14,11904794.0,True,-4.4,0.6,-7.8
2018-12-15,11171822.0,True,-2.4,3.2,-7.8
2018-12-16,10391046.0,True,0.0,2.1,-2.6
2018-12-17,10021673.0,True,1.6,5.9,-1.5
2018-12-18,9832713.0,True,2.6,7.4,-2.8
2018-12-19,9256148.0,True,4.0,9.5,1.3
2018-12-20,9163557.0,True,3.4,10.4,-1.1
2018-12-21,8884212.0,True,5.6,9.8,0.4
2018-12-22,8008824.0,True,6.9,12.4,2.9
2018-12-23,8501524.0,True,2.4,7.5,-3.4
2018-12-24,10161096.0,True,-2.3,3.1,-5.9
2018-12-25,9610502.0,True,0.6,5.2,-4.0
2018-12-26,10604680.0,True,-1.5,3.0,-7.1
2018-12-27,13379340.0,True,-10.1,-6.5,-12.5
2018-12-28,14213996.0,True,-10.5,-6.6,-14.4
2018-12-29,13272662.0,True,-7.6,-3.0,-10.5
2018-12-30,12802562.0,True,-6.8,-0.9,-11.3
2018-12-31,12968539.0,True,-5.4,-0.5,-10.5
2019-01-01,12394382.0,True,-5.0,-0.6,-8.2
2019-01-02,12827353.0,True,-4.9,0.2,-8.8
2019-01-03,12390046.0,True,-3.5,3.2,-8.4
2019-01-04,11737339.0,True,-1.1,4.1,-6.2
2019-01-05,11209549.0,True,-2.8,1.1,-5.5
2019-01-06,11020144.0,True,-2.8,2.7,-6.3
2019-01-07,11455237.0,True,-1.9,3.1,-6.2
2019-01-08,11985589.0,True,-3.5,0.5,-7.2
2019-01-09,12492807.0,True,-4.7,1.3,-9.4
2019-01-10,11513598.0,True,-0.6,3.0,-4.5
2019-01-11,10325707.0,True,2.4,7.2,-0.4
2019-01-12,9503844.0,True,2.8,8.0,-0.6
2019-01-13,9482251.0,True,1.2,7.6,-3.0
2019-01-14,10007106.0,True,1.4,5.3,-2.4
2019-01-15,10774729.0,True,-1.7,2.6,-7.2
2019-01-16,12173059.0,True,-5.2,-1.1,-10.1
2019-01-17,10833522.0,True,-0.3,4.0,-3.2
2019-01-18,10520466.0,True,0.6,6.7,-4.6
2019-01-19,9423695.0,True,3.6,8.5,0.0
2019-01-20,9824715.0,True,-1.4,4.0,-5.5
2019-01-21,11000140.0,True,-1.2,4.2,-6.7
2019-01-22,10146900.0,True,1.7,7.1,-3.3
2019-01-23,9874256.0,True,2.0,7.0,-0.8
2019-01-24,10225692.0,True,0.1,6.5,-4.6
2019-01-25,10615807.0,True,-1.2,2.6,-3.8
2019-01-26,10757715.0,True,-2.5,2.4,-6.5
2019-01-27,10291070.0,True,-0.1,5.1,-6.6
2019-01-28,10252530.0,True,1.2,4.5,-2.4
2019-01-29,10432406.0,True,-0.2,7.0,-5.6
2019-01-30,9898687.0,True,1.8,6.6,-2.8
2019-01-31,10817672.0,True,-2.0,2.3,-6.2
2019-02-01,11099161.0,True,-2.1,2.8,-7.4
2019-02-02,9779032.0,True,1.4,6.1,-3.2
2019-02-03,8907117.0,True,3.3,4.9,2.0
2019-02-04,9350906.0,True,-0.6,3.0,-3.3
2019-02-05,8822595.0,True,2.8,10.1,-3.6
2019-02-06,8970270.0,True,5.1,9.3,0.1
2019-02-07,10633296.0,True,-2.1,6.3,-8.2
2019-02-08,12137685.0,True,-6.1,-1.3,-10.2
2019-02-09,11694452.0,True,-5.4,-1.9,-8.6
2019-02-10,11866304.0,True,-5.0,-1.9,-9.1
2019-02-11,11854901.0,True,-3.0,2.0,-7.5
2019-02-12,11167162.0,True,-0.6,3.7,-4.1
2019-02-13,11342339.0,True,-2.1,2.5,-5.7
2019-02-14,10995369.0,True,-0.5,6.3,-5.9
2019-02-15,11085588.0,True,-0.8,0.9,-2.9
2019-02-16,10752807.0,True,-2.7,1.5,-5.1
2019-02-17,10477227.0,True,-1.8,4.6,-6.8
2019-02-18,10608503.0,True,0.9,5.9,-4.7
2019-02-19,10292194.0,True,1.4,3.0,0.2
2019-02-20,9918146.0,True,1.7,4.5,-0.1
2019-02-21,9458490.0,True,2.4,9.0,-2.6
2019-02-22,9105664.0,True,4.0,10.8,-1.6
2019-02-23,7997103.0,True,6.8,14.5,0.5
2019-02-24,7375153.0,True,6.3,13.7,1.2
2019-02-25,7463495.0,True,4.7,10.2,1.3
2019-02-26,7914116.0,True,5.2,12.0,-1.5
2019-02-27,7231787.0,True,7.8,14.0,4.7
2019-02-28,7118521.0,True,6.6,12.8,2.0
2019-03-01,6735319.0,True,6.6,13.0,1.2
2019-03-02,6530473.0,True,7.8,14.7,1.3
2019-03-03,6273195.0,True,9.4,16.1,2.5
2019-03-04,6211707.0,True,9.9,16.3,5.0
2019-03-05,6378669.0,True,8.4,12.9,5.6
2019-03-06,6346780.0,True,8.4,12.4,5.7
2019-03-07,6529146.0,True,7.0,12.7,3.1
2019-03-08,6750734.0,True,6.1,13.4,0.6
2019-03-09,6576534.0,True,7.2,14.9,-0.4
2019-03-10,6128906.0,True,10.1,15.3,6.7
2019-03-11,6682156.0,True,6.6,10.0,3.5
2019-03-12,7581058.0,True,3.9,7.9,-0.3
2019-03-13,8240086.0,True,3.5,8.5,-0.4
2019-03-14,7871310.0,True,5.0,10.0,-1.7
2019-03-15,7510134.0,True,5.5,11.3,1.6
2019-03-16,7382863.0,True,4.3,9.2,0.2
2019-03-17,6878578.0,True,6.3,12.4,2.6
2019-03-18,7055000.0,True,7.1,14.4,1.4
2019-03-19,6408564.0,True,10.0,16.7,3.4
2019-03-20,6370588.0,True,10.3,14.6,7.1
2019-03-21,6669392.0,True,7.1,11.1,1.9
2019-03-22,7560817.0,True,3.3,8.3,-0.7
2019-03-23,7547944.0,True,3.3,8.2,-0.4
2019-03-24,7208298.0,True,4.3,9.7,-0.8
2019-03-25,7115099.0,True,7.3,11.5,2.9
2019-03-26,6080400.0,True,11.4,17.6,7.4
2019-03-27,5871150.0,True,11.6,16.2,8.9
2019-03-28,5804775.0,True,9.4,14.6,5.6
2019-03-29,5826671.0,True,9.2,15.1,5.5
2019-03-30,6611961.0,True,5.2,8.4,3.5
2019-03-31,7064613.0,True,4.4,8.4,2.6
2019-04-01,7187925.0,True,5.5,11.3,0.3
2019-04-02,6864489.0,True,6.7,13.0,1.3
2019-04-03,6578912.0,True,7.6,13.6,1.9
2019-04-04,6269645.0,True,9.2,15.7,3.0
2019-04-05,5692976.0,True,11.4,17.2,7.0
2019-04-06,5734261.0,True,9.3,12.2,5.9
2019-04-07,5108074.0,True,12.6,20.3,5.6
2019-04-08,5223810.0,True,11.6,17.2,7.6
2019-04-09,5866004.0,True,9.2,13.9,4.7
2019-04-10,6315878.0,True,7.1,10.2,4.7
2019-04-11,5789938.0,True,9.5,15.7,4.3
2019-04-12,5316500.0,True,11.4,18.4,5.5
2019-04-13,4968752.0,True,11.8,17.9,6.2
2019-04-14,5322424.0,True,9.6,13.6,6.9
2019-04-15,5188472.0,True,11.6,18.1,3.9
2019-04-16,4636261.0,True,14.9,22.6,6.8
2019-04-17,4295384.0,True,15.3,21.8,9.1
2019-04-18,4433117.0,True,12.6,16.2,10.4
2019-04-19,4306839.0,True,13.8,19.7,9.6
2019-04-20,4054470.0,True,14.3,19.1,9.7
2019-04-21,3974482.0,True,14.8,20.2,12.2
2019-04-22,3643242.0,True,19.3,28.2,10.7
2019-04-23,3357227.0,True,20.4,25.5,15.3
2019-04-24,3270177.0,True,19.5,25.9,15.8
2019-04-25,3742556.0,True,13.2,17.2,9.4
2019-04-26,4546705.0,True,8.4,9.9,6.2
2019-04-27,4299200.0,True,11.6,18.2,4.1
2019-04-28,4059712.0,True,12.9,16.6,9.9
2019-04-29,4196930.0,True,13.0,17.3,8.3
2019-04-30,3881665.0,True,15.5,22.5,9.0
2019-05-01,3575439.0,True,16.4,22.2,11.2
2019-05-02,3511898.0,True,17.1,25.3,10.6
2019-05-03,3375050.0,True,17.9,26.1,10.1
2019-05-04,2999288.0,True,19.5,27.4,12.0
2019-05-05,2694855.0,True,19.2,26.5,13.6
2019-05-06,3118112.0,True,14.5,19.8,9.8
2019-05-07,3379163.0,True,15.0,21.9,8.4
2019-05-08,3346458.0,True,15.6,21.3,10.1
2019-05-09,3289861.0,True,16.6,22.9,11.7
2019-05-10,3193912.0,True,17.8,26.8,10.3
2019-05-11,2855236.0,True,20.3,28.3,13.2
2019-05-12,2639645.0,True,21.6,28.9,14.7
2019-05-13,2895015.0,True,18.7,22.8,15.5
2019-05-14,2890590.0,True,19.6,26.9,12.9
2019-05-15,2835118.0,True,20.7,28.0,14.8
2019-05-16,2815686.0,True,23.5,30.0,16.7
2019-05-17,2782676.0,True,23.6,28.3,17.6
2019-05-18,2491977.0,True,22.8,25.9,19.1
2019-05-19,2492347.0,True,19.4,21.6,17.9
2019-05-20,2782442.0,True,16.4,20.2,13.0
2019-05-21,2837292.0,True,17.2,23.8,11.7
2019-05-22,2821653.0,True,19.5,26.5,12.3
2019-05-23,2812049.0,True,22.1,29.2,15.0
2019-05-24,2805282.0,True,24.2,33.4,16.2
2019-05-25,2478120.0,True,23.4,28.6,18.4
2019-05-26,2332729.0,True,24.5,31.1,18.6
2019-05-27,2719126.0,True,17.8,22.3,14.3
2019-05-28,2737133.0,True,18.1,24.6,11.9
2019-05-29,2711412.0,True,20.3,26.5,13.3
2019-05-30,2723539.0,True,19.6,24.5,14.6
2019-05-31,2689415.0,True,19.1,23.3,16.1
2019-06-01,2498918.0,True,18.9,23.7,14.8
2019-06-02,2360444.0,True,21.1,27.8,14.1
2019-06-03,2668140.0,True,23.1,29.5,16.0
2019-06-04,2696785.0,True,22.6,29.0,17.6
2019-06-05,2672454.0,True,23.0,29.6,17.8
2019-06-06,2360529.0,True,21.2,25.1,18.6
2019-06-07,2574630.0,True,20.0,24.7,17.0
2019-06-08,2341073.0,True,21.9,27.6,16.0
2019-06-09,2252727.0,True,21.6,26.5,17.1
2019-06-10,2611411.0,True,18.4,21.9,15.7
2019-06-11,2612313.0,True,20.5,26.1,15.5
2019-06-12,2643463.0,True,21.5,26.4,16.1
2019-06-13,2584697.0,True,23.0,28.8,16.6
2019-06-14,2633571.0,True,23.0,28.4,19.1
2019-06-15,2286250.0,True,21.9,27.4,17.9
2019-06-16,2149517.0,True,22.0,27.2,16.1
2019-06-17,2530790.0,True,21.7,26.2,18.1
2019-06-18,2670230.0,True,20.8,24.8,17.0
2019-06-19,2703249.0,True,21.4,25.4,18.9
2019-06-20,2589223.0,True,22.7,27.8,19.8
2019-06-21,2562256.0,True,22.1,26.1,19.4
2019-06-22,2271697.0,True,24.2,30.6,17.7
2019-06-23,2134984.0,True,25.0,31.0,19.1
2019-06-24,2543816.0,True,25.2,30.9,20.9
2019-06-25,2682606.0,True,25.6,32.8,19.5
2019-06-26,2650261.0,True,25.5,29.5,20.7
2019-06-27,2161674.0,True,25.5,31.2,21.9
2019-06-28,2553882.0,True,24.7,29.0,22.3
2019-06-29,2218015.0,True,23.1,27.7,19.6
2019-06-30,2119424.0,True,23.9,28.5,20.9
2019-07-01,2494263.0,True,23.9,28.9,20.6
2019-07-02,2538539.0,True,24.4,30.1,20.8
2019-07-03,2520332.0,True,24.1,27.4,21.2
2019-07-04,2521061.0,True,25.4,32.8,20.0
2019-07-05,2571765.0,True,27.6,35.0,20.2
2019-07-06,2223627.0,True,29.7,36.1,24.6
2019-07-07,2057227.0,True,26.7,32.5,22.7
2019-07-08,2470817.0,True,25.1,31.0,21.2
2019-07-09,2489294.0,True,25.0,30.0,19.7
2019-07-10,2493393.0,True,22.7,27.3,19.3
2019-07-11,2508990.0,True,21.9,25.9,19.5
2019-07-12,2546639.0,True,23.6,28.7,20.0
2019-07-13,2205774.0,True,24.9,29.7,22.1
2019-07-14,2046712.0,True,25.9,31.6,21.2
2019-07-15,2500778.0,True,23.8,27.4,22.1
2019-07-16,2512447.0,True,24.7,28.8,21.4
2019-07-17,2524011.0,True,25.6,29.2,22.3
2019-07-18,2524620.0,True,26.9,32.1,23.3
2019-07-19,2533675.0,True,28.6,35.0,22.8
2019-07-20,2193944.0,True,28.0,31.9,25.1
2019-07-21,2062426.0,True,25.1,27.0,24.2
2019-07-22,2507204.0,True,26.7,31.0,24.2
2019-07-23,2519792.0,True,28.1,32.9,24.4
2019-07-24,2547391.0,True,26.5,27.2,25.2
2019-07-25,2545558.0,True,26.3,27.4,25.6
2019-07-26,2549706.0,True,25.1,25.9,23.7
2019-07-27,2196484.0,True,28.4,33.4,24.9
2019-07-28,2071477.0,True,26.1,28.2,25.0
2019-07-29,2482429.0,True,27.5,30.0,25.6
2019-07-30,2526029.0,True,28.1,30.8,26.3
2019-07-31,2529679.0,True,25.8,27.5,24.0
2019-08-01,2484326.0,True,26.3,30.1,23.5
2019-08-02,2460180.0,True,28.4,33.1,24.7
2019-08-03,2142918.0,True,29.4,36.0,25.6
2019-08-04,2042808.0,True,28.3,34.4,25.0
2019-08-05,2501730.0,True,30.5,35.9,25.6
2019-08-06,2500779.0,True,31.6,36.8,27.9
2019-08-07,2489388.0,True,26.9,30.3,23.9
2019-08-08,2496224.0,True,28.9,32.7,25.9
2019-08-09,2495407.0,True,29.8,34.6,26.0
2019-08-10,2132105.0,True,31.5,36.5,26.6
2019-08-11,1963833.0,True,30.4,35.7,26.3
2019-08-12,2484645.0,True,26.6,28.5,24.8
2019-08-13,2457104.0,True,29.2,35.3,25.1
2019-08-14,2453462.0,True,30.4,35.7,25.9
2019-08-15,2004673.0,True,25.9,28.6,23.9
2019-08-16,2393815.0,True,25.9,29.5,23.0
2019-08-17,2049615.0,True,25.9,28.8,23.4
2019-08-18,1937449.0,True,25.6,30.7,22.6
2019-08-19,2408158.0,True,26.3,31.3,21.2
2019-08-20,2468967.0,True,28.2,32.8,23.2
2019-08-21,2487149.0,True,27.0,30.4,24.4
2019-08-22,2486484.0,True,26.9,31.4,23.0
2019-08-23,2458450.0,True,26.2,30.5,22.7
2019-08-24,2093895.0,True,24.1,27.3,21.5
2019-08-25,1964413.0,True,25.0,29.9,20.2
2019-08-26,2448245.0,True,26.4,32.1,21.5
2019-08-27,2449546.0,True,25.7,29.3,22.2
2019-08-28,2454479.0,True,26.1,30.2,23.6
2019-08-29,2444693.0,True,23.4,26.4,20.1
2019-08-30,2427666.0,True,22.6,27.0,19.5
2019-08-31,2132151.0,True,23.5,28.9,18.5
2019-09-01,2005412.0,True,23.7,27.8,19.2
2019-09-02,2440945.0,True,24.4,29.7,19.4
2019-09-03,2490197.0,True,24.1,28.0,22.0
2019-09-04,2520885.0,True,22.8,25.5,21.2
2019-09-05,2560981.0,True,23.0,27.6,21.5
2019-09-06,2542205.0,True,25.3,29.1,21.6
2019-09-07,2177053.0,True,25.7,29.5,22.6
2019-09-08,2072868.0,True,24.7,27.3,22.9
2019-09-09,2492136.0,True,25.1,28.0,22.4
2019-09-10,2596617.0,True,23.8,26.5,22.1
2019-09-11,2512782.0,True,24.3,28.7,20.4
2019-09-12,2022407.0,True,21.0,22.9,18.7
2019-09-13,1712595.0,True,23.3,29.3,18.3
2019-09-14,1851752.0,True,22.4,24.1,20.8
2019-09-15,1995378.0,True,24.2,30.0,19.5
2019-09-16,2473443.0,True,24.5,30.5,20.7
2019-09-17,2496720.0,True,23.5,29.0,18.0
2019-09-18,2519955.0,True,21.0,25.4,16.0
2019-09-19,2523100.0,True,19.5,26.0,13.6
2019-09-20,2482346.0,True,19.6,24.2,15.8
2019-09-21,2288125.0,True,19.6,22.1,18.3
2019-09-22,2292239.0,True,18.6,19.6,17.3
2019-09-23,2532091.0,True,20.0,24.6,16.9
2019-09-24,2576527.0,True,19.8,26.5,13.9
2019-09-25,2579298.0,True,20.9,27.4,14.8
2019-09-26,2559009.0,True,22.9,29.0,17.7
2019-09-27,2521136.0,True,22.9,27.0,19.6
2019-09-28,2299756.0,True,23.7,29.2,19.4
2019-09-29,2184319.0,True,22.6,28.6,17.9
2019-09-30,2510565.0,True,22.4,29.9,16.4
2019-10-01,2546843.0,True,23.1,28.2,17.6
2019-10-02,2565356.0,True,21.6,24.2,20.0
2019-10-03,2245710.0,True,22.4,27.3,19.8
2019-10-04,2461169.0,True,22.4,27.8,18.0
2019-10-05,2320455.0,True,18.7,21.9,14.7
2019-10-06,2319644.0,True,18.1,22.7,13.2
2019-10-07,2840928.0,True,14.8,17.9,13.3
2019-10-08,3004371.0,True,14.7,19.8,10.6
2019-10-09,3069043.0,True,13.6,20.4,7.7
2019-10-10,3167076.0,True,15.2,19.8,10.7
2019-10-11,2952847.0,True,18.8,26.1,13.0
2019-10-12,2805561.0,True,17.9,23.3,13.3
2019-10-13,2750160.0,True,17.2,23.8,12.1
2019-10-14,3268760.0,True,14.4,19.6,9.5
2019-10-15,3399886.0,True,14.5,20.4,8.8
2019-10-16,3400983.0,True,14.6,20.8,9.0
2019-10-17,3335966.0,True,15.4,21.6,11.2
2019-10-18,3238437.0,True,17.0,22.7,12.0
2019-10-19,2991977.0,True,17.0,23.1,12.1
2019-10-20,2895531.0,True,16.5,22.9,12.0
2019-10-21,3076024.0,True,17.1,24.6,10.9
2019-10-22,3011234.0,True,18.1,24.4,13.3
2019-10-23,3086537.0,True,17.0,20.7,14.3
2019-10-24,3046455.0,True,18.3,23.8,15.3
2019-10-25,3123547.0,True,16.7,22.0,13.1
2019-10-26,3745671.0,True,10.0,14.9,6.6
2019-10-27,3939127.0,True,11.0,17.4,4.7
2019-10-28,4070146.0,True,12.9,17.7,7.4
2019-10-29,4093072.0,True,12.5,17.6,8.2
2019-10-30,4334021.0,True,11.2,17.7,5.0
2019-10-31,4003856.0,True,14.8,19.7,8.4
2019-11-01,3816731.0,True,14.9,20.5,11.4
2019-11-02,3813658.0,True,13.6,18.7,8.3
2019-11-03,3665598.0,True,14.7,22.1,9.4
2019-11-04,3922484.0,True,13.8,20.3,9.2
2019-11-05,4169685.0,True,12.4,18.4,8.4
2019-11-06,4512181.0,True,11.0,16.5,6.3
2019-11-07,5100688.0,True,9.2,13.6,5.0
2019-11-08,5766748.0,True,6.8,13.0,1.1
2019-11-09,5370771.0,True,9.5,17.2,3.5
2019-11-10,5381324.0,True,10.0,15.3,6.2
2019-11-11,5189545.0,True,11.2,15.1,7.9
2019-11-12,5392259.0,True,9.3,14.5,4.8
2019-11-13,6195050.0,True,7.2,11.3,3.0
2019-11-14,7646785.0,True,1.3,5.0,-2.5
2019-11-15,7194784.0,True,5.6,7.6,1.4
2019-11-16,6585099.0,True,6.8,12.7,3.8
2019-11-17,6639016.0,True,8.3,10.5,5.6
2019-11-18,7429424.0,True,4.6,12.7,0.4
2019-11-19,8562156.0,True,0.2,4.0,-3.5
2019-11-20,8800637.0,True,0.5,6.3,-4.6
2019-11-21,8395300.0,True,4.2,9.0,-2.3
2019-11-22,7118073.0,True,9.7,17.3,3.0
2019-11-23,6076692.0,True,12.1,17.7,7.7
2019-11-24,6099571.0,True,9.8,15.6,4.6
2019-11-25,8098167.0,True,1.9,6.0,-1.2
2019-11-26,7404321.0,True,6.6,13.7,1.2
2019-11-27,7991681.0,True,3.1,6.8,0.3
2019-11-28,8094111.0,True,3.5,10.4,-0.6
2019-11-29,8565658.0,True,1.5,6.9,-3.4
2019-11-30,8063237.0,True,4.1,9.3,-1.4
2019-12-01,7805240.0,True,4.6,6.2,2.3
2019-12-02,9198359.0,True,-0.1,2.8,-3.2
2019-12-03,9639878.0,True,0.5,4.2,-5.0
2019-12-04,9295568.0,True,2.0,7.2,-2.0
2019-12-05,10883510.0,True,-4.4,-0.2,-8.5
2019-12-06,11673606.0,True,-5.9,-1.0,-10.6
2019-12-07,10692980.0,True,-2.4,1.2,-5.5
2019-12-08,10073857.0,True,-0.9,4.9,-5.5
2019-12-09,10068049.0,True,3.2,8.0,-1.3
2019-12-10,8203163.0,True,8.1,10.8,6.0
2019-12-11,8296836.0,True,6.3,9.8,0.1
2019-12-12,9558128.0,True,-0.7,3.4,-3.5
2019-12-13,9476078.0,True,2.1,5.9,-3.7
2019-12-14,8720781.0,True,2.7,6.4,-0.1
2019-12-15,8326602.0,True,5.3,11.0,0.4
2019-12-16,8057418.0,True,7.8,12.9,2.1
2019-12-17,7716230.0,True,7.7,10.2,3.2
2019-12-18,8905164.0,True,0.8,5.2,-1.7
2019-12-19,9650043.0,True,-0.8,3.1,-4.5
2019-12-20,9905616.0,True,-1.1,2.0,-3.5
2019-12-21,9921406.0,True,-1.2,1.5,-5.1
2019-12-22,8887307.0,True,4.1,8.4,0.3
2019-12-23,9097881.0,True,3.4,5.2,0.3
2019-12-24,9422948.0,True,0.8,6.5,-2.9
2019-12-25,9010527.0,True,2.0,6.6,-2.7
2019-12-26,9479925.0,True,2.0,4.1,-2.4
2019-12-27,10194851.0,True,-1.7,2.6,-4.6
2019-12-28,9416327.0,True,1.1,6.1,-3.6
2019-12-29,8863311.0,True,3.8,6.2,1.1
2019-12-30,9471298.0,True,2.7,6.8,-5.7
2019-12-31,12015881.0,True,-7.9,-4.5,-10.9
2020-01-01,10551502.0,True,-2.2,0.3,-6.5
2020-01-02,10248790.0,True,1.0,3.8,-0.7
2020-01-03,9990758.0,True,-0.1,4.6,-3.4
2020-01-04,9356674.0,True,1.2,6.1,-2.8
2020-01-05,9229524.0,True,1.3,6.6,-3.2
2020-01-06,9621397.0,True,3.1,4.6,0.6
2020-01-07,8968114.0,True,6.3,7.7,4.2
2020-01-08,9263897.0,True,2.4,8.9,-0.4
2020-01-09,9894108.0,True,-1.2,2.0,-3.1
2020-01-10,9944341.0,True,-0.6,4.2,-4.3
2020-01-11,9504216.0,True,-0.1,3.9,-2.6
2020-01-12,9634527.0,True,-1.0,2.8,-3.5
2020-01-13,10637501.0,True,-2.9,0.2,-4.7
2020-01-14,10706631.0,True,-2.3,2.6,-5.7
2020-01-15,10872786.0,True,-2.7,2.2,-6.4
2020-01-16,10775648.0,True,-1.7,3.2,-5.5
2020-01-17,10457232.0,True,-0.6,4.9,-4.8
2020-01-18,9830431.0,True,0.3,5.9,-4.1
2020-01-19,9445888.0,True,1.9,5.3,-0.4
2020-01-20,9978431.0,True,0.7,5.5,-3.3
2020-01-21,10227010.0,True,-0.4,5.5,-5.6
2020-01-22,9652784.0,True,3.0,7.8,-0.1
2020-01-23,8903017.0,True,4.6,9.9,0.0
2020-01-24,8298733.0,True,2.8,7.4,-1.3
2020-01-25,7523961.0,True,4.3,8.8,0.6
2020-01-26,7629428.0,True,5.5,11.9,-0.2
2020-01-27,8150696.0,True,5.9,7.5,4.8
2020-01-28,8355360.0,True,6.8,9.9,4.3
2020-01-29,8194264.0,True,6.0,9.6,3.2
2020-01-30,8115301.0,True,5.2,10.4,1.4
2020-01-31,8307631.0,True,3.9,8.9,1.4
2020-02-01,8426691.0,True,2.6,7.6,-1.2
2020-02-02,8736229.0,True,1.5,5.3,-2.1
2020-02-03,9712663.0,True,-0.4,3.0,-2.9
2020-02-04,10495354.0,True,-1.6,3.9,-6.0
2020-02-05,12392354.0,True,-8.3,-4.9,-11.0
2020-02-06,12385052.0,True,-6.4,0.4,-11.8
2020-02-07,11346116.0,True,-1.7,2.2,-7.2
2020-02-08,10108486.0,True,-0.1,3.7,-2.3
2020-02-09,9873135.0,True,-0.5,4.1,-5.6
2020-02-10,9197437.0,True,4.0,9.6,-0.7
2020-02-11,8442180.0,True,6.8,14.6,-0.5
2020-02-12,8079894.0,True,7.4,8.2,6.5
2020-02-13,7740487.0,True,6.5,8.7,4.9
2020-02-14,7164901.0,True,8.1,14.7,3.2
2020-02-15,6712817.0,True,9.8,15.6,6.2
2020-02-16,8742702.0,True,-1.4,7.7,-4.3
2020-02-17,11115598.0,True,-5.9,-3.9,-7.1
2020-02-18,10929890.0,True,-4.1,1.3,-8.3
2020-02-19,9972566.0,True,1.0,6.4,-4.4
2020-02-20,8794953.0,True,4.6,10.8,-0.6
2020-02-21,8297111.0,True,6.7,10.9,2.1
2020-02-22,8209326.0,True,4.0,7.9,0.0
2020-02-23,8256753.0,True,2.5,8.0,-2.5
2020-02-24,7878751.0,True,7.0,12.2,0.8
2020-02-25,7844734.0,True,6.7,9.4,4.7
2020-02-26,7547567.0,True,6.4,10.4,2.8
2020-02-27,7380361.0,True,6.1,12.5,1.3
2020-02-28,7851193.0,True,4.5,5.9,3.6
2020-02-29,6843296.0,True,7.7,13.0,4.5
2020-03-01,6958334.0,True,5.8,10.1,3.2
2020-03-02,7776787.0,True,3.4,7.6,0.0
2020-03-03,7772802.0,True,4.8,10.5,0.3
2020-03-04,8504619.0,True,2.2,4.6,-1.3
2020-03-05,8647833.0,True,1.4,6.3,-2.8
2020-03-06,8145899.0,True,3.7,10.1,-2.5
2020-03-07,7267528.0,True,7.0,14.2,1.3
2020-03-08,6443818.0,True,9.3,16.9,2.3
2020-03-09,6281104.0,True,11.1,17.6,4.8
2020-03-10,6881469.0,True,6.4,10.8,3.2
2020-03-11,7570613.0,True,3.8,8.3,0.0
2020-03-12,7251515.0,True,6.8,13.3,0.2
2020-03-13,7313810.0,True,4.9,8.7,-0.1
2020-03-14,7445666.0,True,3.6,8.6,-2.7
2020-03-15,7356436.0,True,4.0,8.5,0.2
2020-03-16,7949141.0,True,3.6,9.1,-2.1
2020-03-17,7289691.0,True,6.6,12.3,3.1
2020-03-18,6506722.0,True,10.0,17.0,2.7
2020-03-19,6498336.0,True,9.1,12.1,5.8
2020-03-20,6290180.0,True,8.8,14.0,3.1
2020-03-21,5290838.0,True,12.8,19.5,7.9
2020-03-22,5089271.0,True,11.0,16.5,6.1
2020-03-23,5318133.0,True,10.6,17.0,5.4
2020-03-24,5111296.0,True,11.4,17.9,5.3
2020-03-25,4900431.0,True,12.5,19.2,6.1
2020-03-26,4534892.0,True,14.8,20.6,8.1
2020-03-27,4608246.0,True,11.9,15.8,6.7
2020-03-28,5334015.0,True,7.7,12.8,4.5
2020-03-29,5278241.0,True,8.7,16.1,1.3
2020-03-30,5226742.0,True,10.2,16.9,4.3
2020-03-31,4989209.0,True,11.9,18.6,4.7
2020-04-01,4938973.0,True,11.3,17.4,6.0
2020-04-02,5146252.0,True,9.3,15.5,3.4
2020-04-03,5028090.0,True,10.0,16.3,5.3
2020-04-04,5173125.0,True,8.9,13.3,5.0
2020-04-05,5435402.0,True,7.2,13.7,1.9
2020-04-06,5433555.0,True,9.3,16.1,2.9
2020-04-07,5140286.0,True,10.6,16.8,6.0
2020-04-08,5402864.0,True,9.4,14.2,5.2
2020-04-09,5356516.0,True,8.9,14.7,4.3
2020-04-10,5102991.0,True,10.7,16.8,5.8
2020-04-11,4940611.0,True,9.9,16.0,6.2
2020-04-12,4947341.0,True,9.9,15.6,4.4
2020-04-13,4903046.0,True,12.4,20.4,4.3
2020-04-14,4511998.0,True,13.0,19.6,7.6
2020-04-15,4227493.0,True,13.2,20.2,7.2
2020-04-16,4025928.0,True,16.0,23.8,8.9
2020-04-17,4292170.0,True,12.5,15.4,10.4
2020-04-18,3912205.0,True,13.5,19.6,8.5
2020-04-19,4148307.0,True,12.3,15.5,9.5
2020-04-20,4826308.0,True,10.0,13.1,7.6
2020-04-21,5501318.0,True,7.4,10.4,4.8
2020-04-22,6066202.0,True,6.0,8.3,4.1
2020-04-23,5796230.0,True,7.9,12.8,2.9
2020-04-24,5369753.0,True,9.9,14.3,4.1
2020-04-25,4612446.0,True,13.1,17.1,9.9
2020-04-26,4398447.0,True,12.3,19.0,6.8
2020-04-27,4386994.0,True,12.9,18.3,8.7
2020-04-28,4209820.0,True,13.9,19.9,7.8
2020-04-29,3840038.0,True,14.9,21.0,9.3
2020-04-30,3372755.0,True,17.1,23.4,9.3
2020-05-01,2889583.0,True,20.2,26.2,16.4
2020-05-02,2736658.0,True,20.3,23.9,18.0
2020-05-03,2556439.0,True,21.8,27.4,17.0
2020-05-04,2672038.0,True,20.2,25.3,14.8
2020-05-05,2724520.0,True,16.0,19.3,13.1
2020-05-06,2834714.0,True,19.4,27.6,11.1
2020-05-07,2780927.0,True,20.7,26.5,14.9
2020-05-08,2772464.0,True,19.9,27.3,14.3
2020-05-09,2992116.0,True,14.2,16.8,12.7
2020-05-10,2974087.0,True,14.4,16.6,12.8
2020-05-11,3036406.0,True,16.5,22.0,12.4
2020-05-12,3245657.0,True,14.3,18.9,10.5
2020-05-13,3176592.0,True,16.1,21.8,10.2
2020-05-14,2949285.0,True,19.3,25.4,12.4
2020-05-15,3162020.0,True,16.1,20.2,14.1
2020-05-16,2935105.0,True,16.7,20.3,15.0
2020-05-17,2693991.0,True,19.1,24.9,14.6
2020-05-18,2919927.0,True,19.1,26.8,13.2
2020-05-19,3290467.0,True,13.0,17.1,10.1
2020-05-20,3217591.0,True,14.4,20.1,9.2
2020-05-21,3037105.0,True,17.4,22.9,10.9
2020-05-22,2896290.0,True,18.5,22.7,14.8
2020-05-23,2589430.0,True,20.1,25.0,16.6
2020-05-24,2659622.0,True,17.1,20.2,14.3
2020-05-25,2853583.0,True,16.6,21.3,13.7
2020-05-26,2963455.0,True,16.2,22.9,12.7
2020-05-27,2905343.0,True,17.4,23.9,11.8
2020-05-28,2790226.0,True,18.7,23.4,14.2
2020-05-29,2717676.0,True,20.7,27.6,14.6
2020-05-30,2428955.0,True,22.6,30.0,16.5
2020-05-31,2303709.0,True,21.2,28.0,17.6
2020-06-01,2599313.0,True,19.7,24.5,16.6
2020-06-02,2658464.0,True,17.9,21.8,14.8
2020-06-03,2635253.0,True,22.0,28.4,17.6
2020-06-04,2624730.0,True,21.9,26.5,19.7
2020-06-05,2572340.0,True,23.0,28.7,18.4
2020-06-06,2239326.0,True,24.6,30.9,19.2
2020-06-07,2169005.0,True,22.7,29.2,19.2
2020-06-08,2540793.0,True,25.0,32.0,19.8
2020-06-09,2546598.0,True,26.7,32.8,20.3
2020-06-10,2540924.0,True,25.8,32.1,22.5
2020-06-11,2524814.0,True,26.1,31.6,21.7
2020-06-12,2466948.0,True,24.7,27.6,21.6
2020-06-13,2136074.0,True,26.9,33.5,20.6
2020-06-14,2028851.0,True,24.0,28.8,20.1
2020-06-15,2430766.0,True,23.0,28.6,18.2
2020-06-16,2439555.0,True,24.4,30.7,20.0
2020-06-17,2427108.0,True,24.3,30.3,20.2
2020-06-18,2405788.0,True,23.4,27.3,20.3
2020-06-19,2404790.0,True,24.7,30.0,21.1
2020-06-20,2103182.0,True,24.9,29.7,20.7
2020-06-21,1995857.0,True,26.1,32.7,19.5
2020-06-22,2418451.0,True,28.6,35.4,21.7
2020-06-23,2420052.0,True,27.3,31.0,23.2
2020-06-24,2385094.0,True,22.3,26.3,19.9
2020-06-25,2395477.0,True,21.6,23.4,20.1
2020-06-26,2365910.0,True,21.8,25.7,19.2
2020-06-27,2086598.0,True,24.1,29.6,20.4
2020-06-28,1981131.0,True,25.2,30.1,21.5
2020-06-29,2395519.0,True,23.8,26.5,20.6
2020-06-30,2408071.0,True,20.1,23.1,18.4
2020-07-01,2391582.0,True,21.1,24.3,18.1
2020-07-02,2422468.0,True,24.2,29.8,20.4
2020-07-03,2448515.0,True,25.5,30.6,21.6
2020-07-04,2144964.0,True,24.2,29.5,20.4
2020-07-05,2030098.0,True,23.8,27.6,19.9
2020-07-06,2451325.0,True,25.6,30.9,21.8
2020-07-07,2432475.0,True,24.1,28.1,22.1
2020-07-08,2467204.0,True,25.5,30.4,21.3
2020-07-09,2476277.0,True,27.5,32.9,21.8
2020-07-10,2442474.0,True,24.5,27.7,22.7
2020-07-11,2114266.0,True,25.8,30.2,22.2
2020-07-12,2016576.0,True,23.5,26.0,21.7
2020-07-13,2439156.0,True,18.7,21.7,17.7
2020-07-14,2420707.0,True,20.3,24.3,17.2
2020-07-15,2466203.0,True,23.4,28.7,18.9
2020-07-16,2570591.0,True,25.0,29.7,20.4
2020-07-17,2532468.0,True,26.0,31.6,21.5
2020-07-18,2175810.0,True,26.1,31.0,22.8
2020-07-19,2070344.0,True,24.0,26.6,20.6
2020-07-20,2497449.0,True,23.8,26.6,22.4
2020-07-21,2496084.0,True,25.0,30.5,21.4
2020-07-22,2537495.0,True,23.7,25.7,22.6
2020-07-23,2568145.0,True,21.1,22.6,18.5
2020-07-24,2464568.0,True,22.5,26.8,18.7
2020-07-25,2160592.0,True,24.3,29.0,22.3
2020-07-26,2063285.0,True,25.4,29.6,21.6
2020-07-27,2476574.0,True,24.3,25.5,22.9
2020-07-28,2480878.0,True,24.4,26.4,22.7
2020-07-29,2593321.0,True,23.7,24.9,22.6
2020-07-30,2539920.0,True,25.3,28.4,23.4
2020-07-31,2501518.0,True,26.2,29.6,22.8
2020-08-01,2211018.0,True,25.3,26.9,24.3
2020-08-02,2146682.0,True,24.9,26.4,23.5
2020-08-03,2563635.0,True,25.0,26.3,23.9
2020-08-04,2575331.0,True,27.0,29.4,25.0
2020-08-05,2607015.0,True,26.5,29.1,25.5
2020-08-06,2551407.0,True,24.1,26.0,22.9
2020-08-07,2478623.0,True,24.3,26.1,22.6
2020-08-08,2226895.0,True,24.2,26.1,22.7
2020-08-09,2235513.0,True,24.9,25.8,23.7
2020-08-10,2662575.0,True,26.5,29.5,24.7
2020-08-11,2660753.0,True,24.6,27.3,22.4
2020-08-12,2663083.0,True,27.2,31.3,23.5
2020-08-13,2625313.0,True,28.0,30.3,26.3
2020-08-14,2625134.0,True,27.1,28.0,26.5
2020-08-15,2268410.0,True,26.1,27.0,25.0
2020-08-16,2093815.0,True,27.4,30.8,25.3
2020-08-17,2202374.0,True,28.2,32.2,26.1
2020-08-18,2549015.0,True,27.5,31.9,24.0
2020-08-19,2545459.0,True,27.1,31.4,23.6
2020-08-20,2536440.0,True,27.7,31.7,25.0
2020-08-21,2530124.0,True,26.6,29.2,25.2
2020-08-22,2157126.0,True,24.3,27.6,21.7
2020-08-23,1987261.0,True,25.3,29.9,21.5
2020-08-24,2452436.0,True,27.8,32.0,23.7
2020-08-25,2494584.0,True,29.9,34.5,26.0
2020-08-26,2510795.0,True,30.2,34.5,27.0
2020-08-27,2464867.0,True,27.1,28.6,25.6
2020-08-28,2487362.0,True,27.3,29.7,26.0
2020-08-29,2110023.0,True,26.8,29.0,25.5
2020-08-30,1973729.0,True,26.8,30.6,24.4
2020-08-31,2401045.0,True,26.4,30.0,23.8
2020-09-01,2367809.0,True,26.6,29.5,23.8
2020-09-02,2400188.0,True,24.3,26.4,22.6
2020-09-03,2345422.0,True,22.7,25.6,20.0
2020-09-04,2291605.0,True,23.3,27.5,19.9
2020-09-05,2042686.0,True,23.3,27.3,19.2
2020-09-06,1944516.0,True,21.7,24.4,19.5
2020-09-07,2448582.0,True,19.2,20.6,17.5
2020-09-08,2429438.0,True,23.4,26.5,20.6
2020-09-09,2446457.0,True,21.1,25.3,19.0
2020-09-10,2464009.0,True,22.8,27.0,18.8
2020-09-11,2464204.0,True,22.4,27.1,19.2
2020-09-12,2213832.0,True,20.2,23.2,18.1
2020-09-13,2082836.0,True,21.5,26.6,16.7
2020-09-14,2484111.0,True,21.3,24.9,17.6
2020-09-15,2440138.0,True,23.0,27.7,18.9
2020-09-16,2433610.0,True,22.5,24.9,21.3
2020-09-17,2399880.0,True,21.3,23.6,20.1
2020-09-18,2421293.0,True,21.5,25.8,18.1
2020-09-19,2205735.0,True,21.2,26.2,17.6
2020-09-20,2138883.0,True,19.7,24.9,15.6
2020-09-21,2500682.0,True,19.1,25.3,13.6
2020-09-22,2487765.0,True,20.2,25.6,15.5
2020-09-23,2534471.0,True,19.2,23.8,15.2
2020-09-24,2528577.0,True,20.6,25.4,16.8
2020-09-25,2526285.0,True,20.1,25.4,16.6
2020-09-26,2335055.0,True,19.3,24.8,14.8
2020-09-27,2221569.0,True,20.4,25.8,14.9
2020-09-28,2462122.0,True,20.7,26.5,15.7
2020-09-29,2493072.0,True,19.6,23.9,15.3
2020-09-30,2202925.0,True,19.6,25.7,16.2
2020-10-01,1996342.0,True,18.8,23.6,15.6
2020-10-02,2029353.0,True,19.2,21.9,16.3
2020-10-03,2095368.0,True,19.9,23.2,18.3
2020-10-04,2406879.0,True,16.6,21.8,10.6
2020-10-05,3057584.0,True,13.3,18.4,8.5
2020-10-06,3181047.0,True,14.2,19.7,9.3
2020-10-07,3154956.0,True,16.0,22.0,9.9
2020-10-08,3064371.0,True,17.2,23.1,12.1
2020-10-09,2846924.0,True,17.2,23.3,12.4
2020-10-10,2763759.0,True,16.9,21.5,12.3
2020-10-11,2730227.0,True,16.9,20.8,12.7
2020-10-12,3028293.0,True,16.2,21.3,12.1
2020-10-13,3458141.0,True,13.6,18.4,8.6
2020-10-14,3773514.0,True,12.8,18.0,8.5
2020-10-15,4192009.0,True,11.7,18.5,6.5
2020-10-16,4214871.0,True,11.8,15.4,8.6
2020-10-17,3853856.0,True,13.1,18.6,8.7
2020-10-18,3731176.0,True,13.6,20.2,7.2
2020-10-19,3670678.0,True,15.1,21.3,9.8
2020-10-20,3616084.0,True,15.2,21.7,9.9
2020-10-21,3797573.0,True,14.1,17.3,11.8
2020-10-22,3984975.0,True,13.5,18.2,8.4
2020-10-23,4872182.0,True,8.6,13.3,5.4
2020-10-24,4981776.0,True,8.7,14.0,3.2
2020-10-25,4501837.0,True,11.8,18.2,5.4
2020-10-26,4405585.0,True,12.9,19.0,8.0
2020-10-27,4231205.0,True,14.0,19.4,9.0
2020-10-28,4311564.0,True,13.8,18.2,8.6
2020-10-29,4853393.0,True,10.8,16.1,5.5
2020-10-30,4741601.0,True,11.9,19.6,5.8
2020-10-31,4473741.0,True,13.6,18.2,8.5
2020-11-01,4345041.0,True,13.7,15.0,11.6
2020-11-02,4825387.0,True,10.8,15.6,7.9
2020-11-03,6257428.0,True,5.1,8.6,2.7
2020-11-04,6691223.0,True,4.9,10.8,0.2
2020-11-05,5954655.0,True,9.6,15.9,3.4
2020-11-06,5239659.0,True,13.5,17.2,9.9
2020-11-07,4486850.0,True,14.6,18.1,12.2
2020-11-08,5327402.0,True,8.5,12.4,3.1
2020-11-09,6513412.0,True,5.5,8.9,0.7
2020-11-10,6269981.0,True,7.7,12.9,3.5
2020-11-11,6004651.0,True,9.3,16.5,3.5
2020-11-12,5755621.0,True,10.4,17.7,4.6
2020-11-13,5324276.0,True,12.2,17.6,8.5
2020-11-14,4984394.0,True,12.5,19.3,6.8
2020-11-15,4928095.0,True,11.1,14.9,8.2
2020-11-16,5146712.0,True,12.4,18.3,7.5
2020-11-17,4781687.0,True,15.9,20.0,11.7
2020-11-18,4419905.0,True,16.6,18.7,14.8
2020-11-19,4820595.0,True,13.6,19.1,6.9
2020-11-20,6891198.0,True,2.8,7.0,0.3
2020-11-21,6634175.0,True,6.5,12.8,-0.3
2020-11-22,6784828.0,True,5.6,9.1,1.5
2020-11-23,8066126.0,True,1.7,5.9,-1.5
2020-11-24,8228150.0,True,2.9,6.4,0.2
2020-11-25,7929956.0,True,4.6,9.5,0.0
2020-11-26,7677691.0,True,5.6,10.9,1.9
2020-11-27,8031141.0,True,4.1,7.7,0.6
2020-11-28,8646140.0,True,-0.1,2.8,-2.3
2020-11-29,9034033.0,True,-0.6,2.6,-3.6
2020-11-30,9614628.0,True,-0.2,4.3,-3.6
2020-12-01,9489812.0,True,1.1,6.7,-3.6
2020-12-02,9266969.0,True,2.4,6.1,0.5
2020-12-03,9445426.0,True,0.7,4.2,-2.3
2020-12-04,9695408.0,True,-0.6,4.4,-4.6
2020-12-05,8830054.0,True,2.1,6.6,-2.2
2020-12-06,8139485.0,True,4.5,9.1,1.2
2020-12-07,8775932.0,True,3.4,6.3,-0.7
2020-12-08,9539963.0,True,-0.5,4.1,-3.5
2020-12-09,9411380.0,True,1.5,6.2,-4.1
2020-12-10,8493482.0,True,5.8,9.3,3.2
2020-12-11,8279317.0,True,5.3,9.4,2.6
2020-12-12,8339846.0,True,2.3,6.1,-0.3
2020-12-13,9528132.0,True,-1.1,2.0,-6.0
2020-12-14,12046859.0,True,-7.7,-5.0,-9.7
2020-12-15,12623994.0,True,-8.3,-4.6,-11.1
2020-12-16,12953468.0,True,-8.3,-3.9,-11.2
2020-12-17,12410717.0,True,-4.9,0.8,-11.1
2020-12-18,11483469.0,True,-2.1,1.8,-6.4
2020-12-19,11648963.0,True,-5.1,-1.2,-9.6
2020-12-20,11242563.0,True,-3.7,1.1,-8.2
2020-12-21,11133721.0,True,-1.0,4.7,-6.0
2020-12-22,10198140.0,True,2.0,7.2,-2.5
2020-12-23,9480188.0,True,4.5,8.5,-0.4
2020-12-24,9302282.0,True,2.6,6.1,-2.0
2020-12-25,9412626.0,True,-0.8,3.5,-4.7
2020-12-26,8870821.0,True,2.2,8.0,-2.1
2020-12-27,8145896.0,True,5.8,10.0,1.4
2020-12-28,8122185.0,True,6.7,11.4,4.2
2020-12-29,9696324.0,True,0.1,4.3,-6.2
2020-12-30,12811707.0,True,-10.9,-6.2,-12.9
2020-12-31,13068169.0,True,-8.9,-5.0,-12.9
2021-01-01,11402073.0,True,-4.2,1.6,-9.8
2021-01-02,11449002.0,True,-5.0,-1.4,-8.4
2021-01-03,11749342.0,True,-5.6,-2.0,-9.1
2021-01-04,12168976.0,True,-3.5,0.3,-8.4
2021-01-05,12293994.0,True,-5.5,-2.1,-9.9
2021-01-06,13146791.0,True,-7.4,-1.9,-12.0
2021-01-07,15147873.0,True,-14.5,-8.4,-16.5
2021-01-08,15975894.0,True,-14.9,-10.7,-18.6
2021-01-09,15127618.0,True,-12.2,-7.5,-16.6
2021-01-10,13941160.0,True,-7.7,-2.7,-12.8
2021-01-11,13912459.0,True,-6.7,-4.0,-9.6
2021-01-12,12896386.0,True,-3.9,-0.5,-9.3
2021-01-13,11106538.0,True,2.0,8.3,-3.0
2021-01-14,10611326.0,True,1.7,7.0,-3.6
2021-01-15,9831671.0,True,4.5,9.9,-0.7
2021-01-16,11092894.0,True,-4.9,-0.7,-8.7
2021-01-17,11790645.0,True,-5.5,-1.3,-10.8
2021-01-18,12220463.0,True,-3.8,0.2,-9.1
2021-01-19,12725382.0,True,-6.3,-0.2,-11.6
2021-01-20,11373438.0,True,-0.1,7.1,-6.6
2021-01-21,10026204.0,True,4.5,7.0,2.5
2021-01-22,9151403.0,True,5.5,6.6,4.8
2021-01-23,8192665.0,True,7.6,12.2,4.8
2021-01-24,7637682.0,True,7.3,13.9,2.4
2021-01-25,7793826.0,True,7.9,13.9,3.0
2021-01-26,8172396.0,True,5.3,7.4,1.7
2021-01-27,9037304.0,True,1.7,6.5,-1.8
2021-01-28,10775620.0,True,-2.6,1.4,-9.7
2021-01-29,12580974.0,True,-8.8,-4.9,-11.6
2021-01-30,10780700.0,True,-1.6,5.2,-8.1
2021-01-31,9584412.0,True,3.2,8.7,-3.8
2021-02-01,9091866.0,True,5.0,9.5,-2.3
2021-02-02,11523197.0,True,-5.6,-2.4,-8.2
2021-02-03,11626635.0,True,-3.2,1.4,-9.4
2021-02-04,11382014.0,True,-3.6,0.7,-7.4
2021-02-05,10479171.0,True,1.4,6.7,-4.4
2021-02-06,8726802.0,True,6.8,9.5,4.3
2021-02-07,8632542.0,True,3.6,7.7,-2.6
2021-02-08,10783917.0,True,-3.1,0.2,-5.4
2021-02-09,10447586.0,True,-0.9,4.7,-6.1
2021-02-10,9614685.0,True,3.4,7.2,-1.5
2021-02-11,8131180.0,True,5.5,10.9,1.3
2021-02-12,7273348.0,True,6.5,14.0,0.6
2021-02-13,7010069.0,True,7.6,15.9,1.0
2021-02-14,6936685.0,True,9.5,13.8,6.4
2021-02-15,9017989.0,True,1.2,8.2,-5.2
2021-02-16,11335347.0,True,-5.1,-1.3,-7.0
2021-02-17,12886883.0,True,-8.3,-5.2,-10.4
2021-02-18,12461829.0,True,-5.8,-0.4,-10.6
2021-02-19,10740463.0,True,1.6,8.9,-7.1
2021-02-20,8086188.0,True,8.8,14.9,5.5
2021-02-21,6963354.0,True,10.8,17.4,4.7
2021-02-22,7437475.0,True,7.8,12.6,0.4
2021-02-23,9206348.0,True,0.0,4.3,-3.1
2021-02-24,9018212.0,True,2.9,10.1,-3.0
2021-02-25,8937600.0,True,4.2,8.2,0.7
2021-02-26,7923041.0,True,8.2,15.8,0.5
2021-02-27,6876371.0,True,9.5,16.2,4.3
2021-02-28,6763630.0,True,7.8,10.8,3.2
2021-03-01,7693826.0,True,4.7,9.0,0.5
2021-03-02,8631035.0,True,2.3,6.9,0.2
2021-03-03,8304017.0,True,4.4,9.9,-1.2
2021-03-04,7747572.0,True,7.2,13.0,2.5
2021-03-05,6950869.0,True,9.0,16.2,3.0
2021-03-06,6920680.0,True,6.6,11.6,3.2
2021-03-07,7005082.0,True,6.2,12.2,2.1
2021-03-08,7165495.0,True,7.0,13.9,1.5
2021-03-09,7171980.0,True,6.6,12.2,2.1
2021-03-10,6752014.0,True,8.8,17.1,1.7
2021-03-11,6306939.0,True,10.2,17.1,4.7
2021-03-12,6111485.0,True,10.5,14.9,7.2
2021-03-13,5903779.0,True,9.2,14.2,4.6
2021-03-14,5765789.0,True,9.1,14.7,4.9
2021-03-15,5941673.0,True,10.6,15.7,5.1
2021-03-16,6032910.0,True,8.4,13.1,4.9
2021-03-17,6070683.0,True,8.8,17.5,1.8
2021-03-18,5644545.0,True,11.7,18.4,5.0
2021-03-19,4907869.0,True,15.3,20.2,11.4
2021-03-20,5352139.0,True,9.9,14.7,7.4
2021-03-21,6203610.0,True,5.8,8.6,3.1
2021-03-22,6764579.0,True,6.2,11.1,1.1
2021-03-23,6213894.0,True,9.1,16.4,2.5
2021-03-24,5728474.0,True,10.8,16.9,5.7
2021-03-25,5239394.0,True,11.9,19.0,6.8
2021-03-26,5109507.0,True,12.6,20.6,4.8
2021-03-27,5185635.0,True,12.1,15.0,10.2
2021-03-28,5590017.0,True,9.0,13.0,7.7
2021-03-29,5461378.0,True,10.2,14.6,7.3
2021-03-30,5250626.0,True,10.8,18.2,4.1
2021-03-31,4767090.0,True,14.5,22.9,5.9
2021-04-01,4235931.0,True,17.7,24.0,12.0
2021-04-02,3994234.0,True,17.8,23.0,12.5
2021-04-03,4008376.0,True,14.9,18.0,10.9
2021-04-04,4249483.0,True,11.9,15.8,9.0
2021-04-05,4474920.0,True,11.9,19.3,5.4
2021-04-06,4226402.0,True,13.9,19.2,9.4
2021-04-07,4128394.0,True,14.1,20.4,8.1
2021-04-08,4285427.0,True,13.0,18.0,7.2
2021-04-09,4207875.0,True,13.6,19.6,7.6
2021-04-10,4071817.0,True,12.6,18.8,7.7
2021-04-11,3828461.0,True,15.0,21.8,7.5
2021-04-12,4380954.0,True,13.8,17.8,11.9
2021-04-13,4715558.0,True,10.4,13.5,5.7
2021-04-14,5180692.0,True,8.4,13.3,3.1
2021-04-15,4703064.0,True,11.6,18.3,6.3
2021-04-16,4898890.0,True,11.3,14.8,8.1
2021-04-17,4949898.0,True,9.6,14.6,6.0
2021-04-18,4813542.0,True,9.9,15.3,5.6
2021-04-19,4628005.0,True,12.2,19.4,5.8
2021-04-20,4193537.0,True,14.8,22.0,8.1
2021-04-21,3699250.0,True,19.1,28.2,10.3
2021-04-22,3361347.0,True,20.9,27.5,16.1
2021-04-23,3261577.0,True,19.0,21.7,17.0
2021-04-24,3099544.0,True,18.3,22.2,15.3
2021-04-25,3015752.0,True,18.2,24.0,12.6
2021-04-26,3266730.0,True,16.2,20.6,12.3
2021-04-27,3424491.0,True,15.4,20.0,12.5
2021-04-28,3525850.0,True,14.5,18.2,11.2
2021-04-29,3586740.0,True,14.6,20.1,10.9
2021-04-30,4116728.0,True,11.3,14.6,8.6
2021-05-01,4256370.0,True,10.2,15.3,8.5
2021-05-02,4021522.0,True,12.4,18.7,7.3
2021-05-03,3899883.0,True,14.1,20.3,8.4
2021-05-04,4122336.0,True,13.8,15.8,11.4
2021-05-05,3746659.0,True,13.9,18.4,10.3
2021-05-06,3664850.0,True,15.7,23.1,7.9
2021-05-07,3680791.0,True,14.4,17.2,10.7
2021-05-08,3423530.0,True,14.3,21.0,8.9
2021-05-09,3258421.0,True,15.7,21.8,10.0
2021-05-10,3765709.0,True,13.2,14.6,11.7
2021-05-11,3424446.0,True,18.5,25.7,9.4
2021-05-12,3076952.0,True,22.0,27.7,16.9
2021-05-13,2911383.0,True,22.9,29.6,16.6
2021-05-14,2831161.0,True,24.1,30.8,18.0
2021-05-15,2601111.0,True,22.1,26.2,20.8
2021-05-16,2645234.0,True,18.4,20.8,14.8
2021-05-17,3001716.0,True,15.3,16.7,14.2
2021-05-18,2906711.0,True,17.9,24.5,13.6
2021-05-19,2691057.0,True,19.9,26.6,12.4
2021-05-20,2869738.0,True,18.7,22.9,15.6
2021-05-21,3075583.0,True,16.0,18.2,14.2
2021-05-22,2752559.0,True,18.6,23.8,13.8
2021-05-23,2590880.0,True,19.5,25.1,14.3
2021-05-24,2798336.0,True,19.4,24.5,16.4
2021-05-25,3005239.0,True,15.3,19.3,11.9
2021-05-26,3002283.0,True,18.0,23.0,11.5
2021-05-27,3112486.0,True,15.8,18.7,13.9
2021-05-28,3275092.0,True,15.3,19.7,12.4
2021-05-29,3083712.0,True,15.4,19.1,12.8
2021-05-30,2887808.0,True,18.4,26.3,10.8
2021-05-31,2934275.0,True,19.9,23.8,16.5
2021-06-01,2858681.0,True,20.2,23.9,15.9
2021-06-02,2814377.0,True,23.2,29.7,16.6
2021-06-03,2849322.0,True,19.1,22.7,14.6
2021-06-04,2840557.0,True,18.5,23.6,13.3
2021-06-05,2529276.0,True,20.8,25.7,17.0
2021-06-06,2390150.0,True,23.0,28.2,18.4
2021-06-07,2691917.0,True,21.1,24.0,19.4
2021-06-08,2682121.0,True,23.6,29.5,18.8
2021-06-09,2723200.0,True,25.8,31.6,19.5
2021-06-10,2696571.0,True,24.9,29.8,20.5
2021-06-11,2630795.0,True,21.5,24.4,19.9
2021-06-12,2342687.0,True,24.2,30.2,18.2
2021-06-13,2204394.0,True,24.8,29.7,20.9
2021-06-14,2603745.0,True,24.8,30.2,18.9
2021-06-15,2591663.0,True,22.5,25.3,21.5
2021-06-16,2596525.0,True,24.3,28.9,20.3
2021-06-17,2570728.0,True,21.9,25.0,19.6
2021-06-18,2579843.0,True,20.0,21.4,19.0
2021-06-19,2259733.0,True,22.3,27.4,17.5
2021-06-20,2169544.0,True,22.9,29.0,17.6
2021-06-21,2540675.0,True,23.6,28.5,19.2
2021-06-22,2566973.0,True,22.8,28.6,19.7
2021-06-23,2559364.0,True,22.4,27.9,18.8
2021-06-24,2569685.0,True,23.0,28.0,18.5
2021-06-25,2544165.0,True,24.1,29.5,19.5
2021-06-26,2224104.0,True,22.8,26.7,19.9
2021-06-27,2109047.0,True,24.5,30.8,19.8
2021-06-28,2518435.0,True,23.7,29.2,21.0
2021-06-29,2575907.0,True,23.9,28.4,21.3
2021-06-30,2549460.0,True,24.3,28.8,21.0
2021-07-01,2504730.0,True,26.3,31.0,21.4
2021-07-02,2483798.0,True,27.1,31.8,23.6
2021-07-03,2141679.0,True,22.6,25.7,19.6
2021-07-04,2117272.0,True,21.4,23.1,19.8
2021-07-05,2468487.0,True,23.3,26.9,20.1
2021-07-06,2497056.0,True,25.3,30.1,21.0
2021-07-07,2539886.0,True,26.4,29.1,23.9
2021-07-08,2563543.0,True,26.0,29.8,23.8
2021-07-09,2497364.0,True,25.5,29.2,23.6
2021-07-10,2162872.0,True,25.9,29.2,23.1
2021-07-11,2100762.0,True,25.7,27.5,24.1
2021-07-12,2497699.0,True,28.1,32.5,23.8
2021-07-13,2527431.0,True,28.8,31.5,26.3
2021-07-14,2485547.0,True,29.7,33.5,26.1
2021-07-15,2515561.0,True,29.1,34.5,25.9
2021-07-16,2472553.0,True,28.8,35.2,24.2
2021-07-17,2084014.0,True,29.1,32.8,24.7
2021-07-18,1944652.0,True,29.6,34.1,25.7
2021-07-19,2515957.0,True,26.4,30.5,24.0
2021-07-20,2554238.0,True,27.9,31.8,23.6
2021-07-21,2543346.0,True,30.5,35.3,25.3
2021-07-22,2443540.0,True,31.2,35.9,26.5
2021-07-23,2405910.0,True,31.2,35.8,27.2
2021-07-24,2040588.0,True,31.7,36.5,26.9
2021-07-25,1896623.0,True,31.5,35.9,27.2
2021-07-26,2338579.0,True,31.2,35.4,27.4
2021-07-27,2387949.0,True,31.1,35.7,27.8
2021-07-28,2374910.0,True,30.4,34.7,27.1
2021-07-29,2329978.0,True,29.6,33.3,27.0
2021-07-30,2271168.0,True,30.5,35.4,25.8
2021-07-31,1953360.0,True,29.8,34.3,26.8
2021-08-01,1829823.0,True,27.1,28.8,25.1
2021-08-02,2243482.0,True,26.5,28.6,25.0
2021-08-03,2233878.0,True,28.0,31.4,24.1
2021-08-04,2286416.0,True,28.9,33.2,26.3
2021-08-05,2283416.0,True,29.4,33.7,25.6
2021-08-06,2287321.0,True,28.1,32.2,26.0
2021-08-07,1919868.0,True,28.0,32.3,23.4
2021-08-08,1869640.0,True,26.8,32.1,24.4
2021-08-09,2304679.0,True,28.3,33.6,23.3
2021-08-10,2366710.0,True,27.7,32.2,24.3
2021-08-11,2353425.0,True,27.4,31.6,24.1
2021-08-12,2350618.0,True,26.8,31.7,24.0
2021-08-13,2311479.0,True,26.6,30.1,23.4
2021-08-14,1934473.0,True,26.1,30.5,23.4
2021-08-15,1817780.0,True,26.9,32.4,21.7
2021-08-16,1938573.0,True,27.3,32.8,22.5
2021-08-17,2287184.0,True,25.9,31.3,21.9
2021-08-18,2291983.0,True,24.3,31.0,20.6
2021-08-19,2285156.0,True,26.0,31.5,21.0
2021-08-20,2301352.0,True,26.6,30.7,22.6
2021-08-21,2006761.0,True,23.8,25.5,21.0
2021-08-22,1877410.0,True,24.4,27.0,22.4
2021-08-23,2330527.0,True,22.4,24.0,21.0
2021-08-24,2416495.0,True,23.4,26.4,21.1
2021-08-25,2419201.0,True,25.0,27.3,23.5
2021-08-26,2433850.0,True,25.5,27.9,22.9
2021-08-27,2366661.0,True,22.4,25.5,20.4
2021-08-28,2058488.0,True,23.6,28.2,19.7
2021-08-29,1962385.0,True,23.7,26.3,21.9
2021-08-30,2364567.0,True,24.2,27.7,21.2
2021-08-31,2484933.0,True,20.5,23.1,18.1
2021-09-01,2401692.0,True,21.4,23.9,18.5
2021-09-02,2357737.0,True,23.5,26.7,20.7
2021-09-03,2401404.0,True,24.3,29.2,20.6
2021-09-04,2127100.0,True,23.2,28.6,18.5
2021-09-05,2040736.0,True,23.1,27.3,19.4
2021-09-06,2419579.0,True,22.3,26.4,18.0
2021-09-07,2540221.0,True,19.6,20.9,17.6
2021-09-08,2474806.0,True,22.2,26.9,19.0
2021-09-09,2485931.0,True,23.5,29.1,19.1
2021-09-10,2448398.0,True,23.6,28.9,19.5
2021-09-11,2163301.0,True,24.0,29.4,19.9
2021-09-12,2057152.0,True,24.2,29.8,19.2
2021-09-13,2443961.0,True,24.8,30.3,20.8
2021-09-14,2484112.0,True,24.6,29.5,20.0
2021-09-15,2479083.0,True,23.6,28.9,19.5
2021-09-16,2462501.0,True,22.9,27.3,18.0
2021-09-17,2416344.0,True,23.5,28.2,20.5
2021-09-18,2045061.0,True,23.9,29.8,18.9
2021-09-19,1896451.0,True,23.7,27.8,20.8
2021-09-20,1883991.0,True,23.7,28.4,19.0
2021-09-21,1776594.0,True,22.0,26.2,17.4
2021-09-22,1913603.0,True,20.2,24.3,16.8
2021-09-23,2344277.0,True,20.9,25.9,16.9
2021-09-24,2391010.0,True,21.8,26.9,16.7
2021-09-25,2151941.0,True,21.2,23.1,18.7
2021-09-26,2064593.0,True,22.6,27.3,18.4
2021-09-27,2407572.0,True,21.6,25.0,18.7
2021-09-28,2455172.0,True,21.5,24.4,19.6
2021-09-29,2521939.0,True,20.2,21.4,17.8
2021-09-30,2492636.0,True,20.3,25.9,16.0
2021-10-01,2526641.0,True,21.1,27.5,16.9
2021-10-02,2220699.0,True,20.7,26.6,16.4
2021-10-03,2056901.0,True,22.3,28.8,17.1
2021-10-04,2196726.0,True,22.9,25.6,19.2
2021-10-05,2470593.0,True,23.6,26.5,21.7
2021-10-06,2517762.0,True,18.8,21.7,17.9
2021-10-07,2513924.0,True,19.4,21.9,17.9
2021-10-08,2551746.0,True,18.8,20.0,17.5
2021-10-09,2251115.0,True,20.9,24.1,18.5
2021-10-10,2256977.0,True,19.9,24.3,14.9
2021-10-11,2586939.0,True,15.2,17.8,12.6
2021-10-12,2760201.0,True,17.9,21.3,15.8
2021-10-13,2704213.0,True,19.6,25.2,14.9
2021-10-14,2645421.0,True,19.7,23.9,17.4
2021-10-15,2670128.0,True,19.0,21.4,17.0
2021-10-16,3755201.0,True,10.7,18.1,4.2
2021-10-17,4827072.0,True,5.6,10.8,1.3
2021-10-18,5007463.0,True,9.6,16.1,2.8
2021-10-19,4732799.0,True,10.9,15.0,7.1
2021-10-20,4977390.0,True,9.5,15.8,4.6
2021-10-21,5048016.0,True,9.8,16.2,4.9
2021-10-22,5032301.0,True,10.8,17.2,5.2
2021-10-23,4700855.0,True,11.4,18.4,5.7
2021-10-24,4509110.0,True,11.4,18.1,6.0
2021-10-25,4652287.0,True,11.7,17.6,6.3
2021-10-26,4420034.0,True,13.0,19.0,7.7
2021-10-27,4302856.0,True,13.4,18.1,9.8
2021-10-28,4454176.0,True,12.7,20.0,7.1
2021-10-29,4228426.0,True,14.6,20.6,10.5
2021-10-30,4014502.0,True,13.8,18.0,11.0
2021-10-31,3893107.0,True,14.1,20.3,9.2
2021-11-01,4290752.0,True,12.9,16.9,10.3
2021-11-02,4556077.0,True,11.5,16.9,7.9
2021-11-03,4613862.0,True,12.1,17.1,7.6
2021-11-04,4623374.0,True,12.1,16.3,8.4
2021-11-05,4506812.0,True,13.0,20.2,7.8
2021-11-06,4163411.0,True,14.1,21.3,8.8
2021-11-07,3984400.0,True,15.3,21.3,9.7
2021-11-08,5417212.0,True,8.6,15.5,4.5
2021-11-09,6519226.0,True,4.9,6.5,3.0
2021-11-10,7190563.0,True,4.2,7.7,0.7
2021-11-11,7135374.0,True,5.3,9.7,2.1
2021-11-12,7356665.0,True,4.5,8.6,1.3
2021-11-13,6593772.0,True,7.3,13.4,0.5
2021-11-14,5593133.0,True,11.3,16.4,7.8
2021-11-15,5847134.0,True,10.1,15.7,5.8
2021-11-16,6067212.0,True,8.5,13.6,4.4
2021-11-17,6418167.0,True,7.5,12.5,2.7
2021-11-18,5788170.0,True,11.9,16.2,7.7
2021-11-19,5197468.0,True,12.9,16.7,10.2
2021-11-20,5236762.0,True,10.4,15.6,6.8
2021-11-21,5350873.0,True,10.4,13.1,7.6
2021-11-22,7675209.0,True,2.7,7.5,-0.6
2021-11-23,8995037.0,True,-0.6,2.3,-3.7
2021-11-24,8395721.0,True,4.1,9.1,-2.6
2021-11-25,7804934.0,True,5.7,9.9,2.6
2021-11-26,8411300.0,True,2.9,7.2,-0.5
2021-11-27,8086215.0,True,3.4,10.1,-1.4
2021-11-28,7774760.0,True,5.1,12.4,-1.3
2021-11-29,7593498.0,True,7.6,13.7,2.5
2021-11-30,8160527.0,True,5.7,8.9,0.7
2021-12-01,9709022.0,True,-1.3,1.5,-3.0
2021-12-02,9523062.0,True,1.3,5.0,-4.6
2021-12-03,9144867.0,True,1.9,4.6,-1.8
2021-12-04,8901726.0,True,1.4,7.0,-2.7
2021-12-05,8528801.0,True,2.9,9.6,-2.3
2021-12-06,8431009.0,True,5.4,12.1,-0.7
2021-12-07,7877647.0,True,6.8,13.3,2.6
2021-12-08,7687799.0,True,6.7,13.3,1.9
2021-12-09,7789587.0,True,6.5,9.7,2.7
2021-12-10,7571049.0,True,7.0,8.2,5.8
2021-12-11,7302553.0,True,6.0,9.8,4.4
2021-12-12,8525085.0,True,1.2,5.1,-3.8
2021-12-13,10142088.0,True,-2.2,1.9,-5.9
2021-12-14,9055600.0,True,3.7,8.2,-0.7
2021-12-15,7926381.0,True,7.2,10.0,5.4
2021-12-16,7937530.0,True,6.4,9.8,3.3
2021-12-17,11060421.0,True,-5.6,3.2,-10.1
2021-12-18,11487338.0,True,-5.7,-1.8,-11.2
2021-12-19,10080273.0,True,-0.8,4.2,-5.8
2021-12-20,9142855.0,True,5.2,11.1,-0.9
2021-12-21,8655363.0,True,5.2,8.9,0.8
2021-12-22,9307272.0,True,2.2,8.2,-2.6
2021-12-23,9252479.0,True,2.7,8.3,-1.5
2021-12-24,10310131.0,True,-0.3,3.2,-7.3
2021-12-25,12908683.0,True,-11.7,-7.3,-14.4
2021-12-26,13901794.0,True,-12.1,-7.3,-15.5
2021-12-27,13799406.0,True,-7.6,-3.9,-12.9
2021-12-28,12683987.0,True,-4.1,-0.9,-8.5
2021-12-29,11398394.0,True,0.4,5.9,-3.8
2021-12-30,12162336.0,True,-3.9,0.2,-6.8
2021-12-31,12800635.0,True,-6.7,-3.9,-8.8
2022-01-01,11506673.0,True,-4.3,2.3,-10.2
2022-01-02,10751859.0,True,-1.3,3.0,-5.2
2022-01-03,11533995.0,True,-1.9,2.5,-8.0
2022-01-04,11244879.0,True,-2.5,1.0,-5.6
2022-01-05,11719638.0,True,-2.8,1.9,-7.8
2022-01-06,11265540.0,True,-2.2,3.3,-5.9
2022-01-07,11114475.0,True,-1.6,4.5,-5.9
2022-01-08,10431910.0,True,0.3,3.7,-5.0
2022-01-09,9598113.0,True,1.3,5.6,-1.2
2022-01-10,10377567.0,True,0.5,4.4,-3.4
2022-01-11,12299073.0,True,-7.4,0.3,-10.3
2022-01-12,12812346.0,True,-7.7,-3.4,-11.3
2022-01-13,12792023.0,True,-6.4,-3.1,-8.9
2022-01-14,12421607.0,True,-4.8,1.3,-10.1
2022-01-15,11197999.0,True,-1.0,1.8,-5.3
2022-01-16,10800704.0,True,-2.0,2.4,-7.2
2022-01-17,12425948.0,True,-5.8,0.1,-9.2
2022-01-18,12447008.0,True,-5.6,-0.7,-9.9
2022-01-19,12669784.0,True,-5.3,-2.7,-7.7
2022-01-20,12454106.0,True,-5.0,0.9,-9.8
2022-01-21,11803868.0,True,-2.7,4.6,-8.7
2022-01-22,10761443.0,True,0.3,7.1,-5.0
2022-01-23,9895707.0,True,2.0,6.7,-0.6
2022-01-24,9778561.0,True,4.6,8.4,1.3
2022-01-25,9547505.0,True,2.8,4.5,1.9
2022-01-26,9651615.0,True,1.3,6.8,-1.9
2022-01-27,10266604.0,True,-1.1,4.0,-4.6
2022-01-28,10798533.0,True,-2.7,2.1,-5.9
2022-01-29,10564269.0,True,-3.6,0.9,-7.2
2022-01-30,10350534.0,True,-2.8,2.4,-8.0
2022-01-31,10001108.0,True,-0.7,4.8,-6.8
2022-02-01,9762082.0,True,-1.3,0.9,-2.7
2022-02-02,10609626.0,True,-3.4,0.0,-6.0
2022-02-03,11529550.0,True,-3.4,0.4,-6.9
2022-02-04,11999688.0,True,-5.2,-0.7,-8.2
2022-02-05,12019095.0,True,-6.6,-2.0,-9.7
2022-02-06,11427118.0,True,-3.9,1.7,-8.4
2022-02-07,11643506.0,True,-2.5,1.9,-7.3
2022-02-08,10672027.0,True,-0.1,5.6,-4.1
2022-02-09,10244303.0,True,1.0,7.2,-4.3
2022-02-10,9780448.0,True,1.4,6.7,-3.2
2022-02-11,9332059.0,True,2.9,8.8,-2.6
2022-02-12,8289182.0,True,4.8,10.4,-0.1
2022-02-13,8169814.0,True,4.8,9.5,1.6
2022-02-14,9363607.0,True,2.5,8.1,-1.3
2022-02-15,11200742.0,True,-4.7,-1.3,-7.7
2022-02-16,12365302.0,True,-7.3,-4.1,-9.6
2022-02-17,12545923.0,True,-6.2,-0.5,-10.7
2022-02-18,11367627.0,True,-1.2,5.7,-8.0
2022-02-19,10664799.0,True,-1.7,3.7,-6.2
2022-02-20,11426810.0,True,-4.8,-0.5,-8.4
2022-02-21,11738683.0,True,-3.0,3.6,-8.1
2022-02-22,11884656.0,True,-4.5,0.5,-8.0
2022-02-23,12138201.0,True,-5.6,-0.6,-10.0
2022-02-24,11365086.0,True,-2.4,3.7,-8.5
2022-02-25,10012048.0,True,3.0,8.4,-3.6
2022-02-26,8876062.0,True,5.4,9.3,1.0
2022-02-27,8502756.0,True,3.7,9.1,-1.6
2022-02-28,8221205.0,True,6.8,11.5,2.7
2022-03-01,7756888.0,True,5.8,9.7,0.3
2022-03-02,8628877.0,True,3.5,8.8,-2.3
2022-03-03,7951622.0,True,5.8,12.4,0.9
2022-03-04,7776153.0,True,6.9,14.6,0.6
2022-03-05,7972832.0,True,2.3,6.7,-0.7
2022-03-06,8297463.0,True,1.4,6.8,-3.0
2022-03-07,8733984.0,True,2.8,8.7,-2.7
2022-03-08,7895220.0,True,6.0,12.3,1.1
2022-03-09,6990207.0,True,7.1,14.8,1.7
2022-03-10,6870268.0,True,9.3,15.8,4.2
2022-03-11,6289530.0,True,11.2,18.4,5.1
2022-03-12,5538241.0,True,12.8,19.5,6.3
2022-03-13,5494648.0,True,11.7,12.6,10.7
2022-03-14,6497021.0,True,8.2,13.2,4.9
2022-03-15,6622375.0,True,7.2,13.3,2.3
2022-03-16,6212061.0,True,10.3,16.8,3.6
2022-03-17,6084761.0,True,10.7,15.1,7.8
2022-03-18,6824280.0,True,7.5,9.6,5.5
2022-03-19,7447162.0,True,3.4,6.1,0.9
2022-03-20,7175997.0,True,5.4,9.3,2.2
2022-03-21,7764958.0,True,5.0,10.9,-0.3
2022-03-22,7218145.0,True,7.1,13.6,1.1
2022-03-23,7482959.0,True,6.2,8.2,4.9
2022-03-24,7165351.0,True,8.2,12.4,3.9
2022-03-25,6322857.0,True,12.0,17.2,6.3
2022-03-26,5714926.0,True,11.8,14.7,9.5
2022-03-27,5991599.0,True,8.1,12.6,5.0
2022-03-28,6422538.0,True,8.2,15.1,1.5
2022-03-29,6069273.0,True,9.7,15.6,3.3
2022-03-30,5912008.0,True,10.8,15.7,5.9
2022-03-31,5684403.0,True,10.9,14.7,7.6
2022-04-01,5853823.0,True,9.2,14.9,4.5
2022-04-02,5788064.0,True,8.2,14.2,3.7
2022-04-03,5586467.0,True,9.6,17.0,3.5
2022-04-04,5632188.0,True,10.3,16.4,5.1
2022-04-05,5663367.0,True,10.3,15.8,4.9
2022-04-06,5367164.0,True,11.7,17.0,8.0
2022-04-07,5361958.0,True,10.9,15.7,7.4
2022-04-08,4979835.0,True,12.9,20.0,5.1
2022-04-09,4094045.0,True,17.8,24.2,12.4
2022-04-10,3584575.0,True,18.2,25.1,12.7
2022-04-11,3442165.0,True,19.6,26.6,13.4
2022-04-12,3326357.0,True,19.3,26.4,15.9
2022-04-13,4100115.0,True,13.1,15.9,12.0
2022-04-14,4361964.0,True,13.2,15.3,11.4
2022-04-15,4284488.0,True,13.3,19.3,7.5
2022-04-16,4056527.0,True,13.2,20.2,7.1
2022-04-17,3944294.0,True,14.0,21.9,7.2
2022-04-18,4002624.0,True,15.2,21.6,11.4
2022-04-19,3895839.0,True,15.2,22.1,8.9
2022-04-20,3800609.0,True,15.7,22.1,9.7
2022-04-21,3723658.0,True,16.3,22.7,9.6
2022-04-22,3883790.0,True,15.0,16.8,13.2
2022-04-23,3398809.0,True,17.7,25.3,10.4
2022-04-24,3111058.0,True,18.5,24.5,15.0
2022-04-25,3151581.0,True,20.0,23.6,17.0
2022-04-26,3023772.0,True,21.9,28.7,17.0
2022-04-27,3155338.0,True,17.7,23.9,12.6
2022-04-28,3137934.0,True,18.2,25.9,11.6
2022-04-29,3523045.0,True,13.4,16.5,10.7
2022-04-30,3539202.0,True,13.0,17.8,10.5
2022-05-01,3657361.0,True,13.4,19.2,7.9
2022-05-02,3715653.0,True,14.2,19.4,9.1
2022-05-03,3699459.0,True,14.8,20.8,9.1
2022-05-04,3392642.0,True,17.8,25.2,10.0
2022-05-05,2905837.0,True,18.9,25.8,12.5
2022-05-06,2826814.0,True,19.6,25.6,13.7
2022-05-07,2702504.0,True,18.4,23.1,15.3
2022-05-08,2986333.0,True,15.3,18.2,11.7
2022-05-09,3129951.0,True,17.9,25.3,11.0
2022-05-10,2995331.0,True,19.9,26.3,13.6
2022-05-11,2932278.0,True,19.7,25.2,16.6
2022-05-12,2862875.0,True,20.9,28.1,14.1
2022-05-13,2828306.0,True,19.4,25.2,15.0
2022-05-14,2794029.0,True,15.7,20.0,11.9
2022-05-15,2812749.0,True,16.2,22.4,10.5
2022-05-16,2979447.0,True,17.3,23.7,10.9
2022-05-17,2901508.0,True,20.0,27.4,13.0
2022-05-18,2861273.0,True,20.0,25.4,15.7
2022-05-19,2832227.0,True,19.9,24.2,16.1
2022-05-20,2763097.0,True,20.6,25.8,15.6
2022-05-21,2532705.0,True,20.1,26.0,16.1
2022-05-22,2417115.0,True,20.3,25.8,15.7
2022-05-23,2670893.0,True,23.0,30.7,17.8
2022-05-24,2663609.0,True,22.9,30.2,16.7
2022-05-25,2639974.0,True,21.0,26.7,16.7
2022-05-26,2629035.0,True,18.7,23.5,14.1
2022-05-27,2605237.0,True,20.0,25.6,16.0
2022-05-28,2354082.0,True,22.3,29.3,15.0
2022-05-29,2228603.0,True,23.1,29.7,19.3
2022-05-30,2528804.0,True,20.8,24.7,17.2
2022-05-31,2562090.0,True,20.7,27.2,14.2
2022-06-01,2299659.0,True,22.1,28.6,16.2
2022-06-02,2528655.0,True,21.5,26.9,17.1
2022-06-03,2533281.0,True,24.5,32.6,18.7
2022-06-04,2206589.0,True,25.6,29.7,20.3
2022-06-05,2006723.0,True,22.7,27.0,20.2
2022-06-06,2150214.0,True,19.7,24.5,16.7
2022-06-07,2483577.0,True,20.6,25.1,15.1
2022-06-08,2528536.0,True,21.2,25.8,16.2
2022-06-09,2520459.0,True,20.9,24.5,18.5
2022-06-10,2535233.0,True,20.9,26.6,17.2
2022-06-11,2236614.0,True,24.6,32.7,17.7
2022-06-12,2104268.0,True,24.6,31.5,18.9
2022-06-13,2489131.0,True,23.6,29.2,19.6
2022-06-14,2482118.0,True,21.5,27.1,17.7
2022-06-15,2525941.0,True,17.5,20.1,14.9
2022-06-16,2490568.0,True,20.3,24.8,17.6
2022-06-17,2510245.0,True,22.5,28.1,16.5
2022-06-18,2233896.0,True,23.3,25.1,22.0
2022-06-19,2118311.0,True,23.4,25.1,22.3
2022-06-20,2498937.0,True,25.2,29.0,22.0
2022-06-21,2590740.0,True,26.5,32.6,21.2
2022-06-22,2546451.0,True,25.9,31.0,21.9
2022-06-23,2575173.0,True,24.3,26.4,23.3
2022-06-24,2512528.0,True,22.6,24.9,20.6
2022-06-25,2195866.0,True,26.0,30.5,21.5
2022-06-26,2097356.0,True,26.5,28.1,24.8
2022-06-27,2593614.0,True,26.8,28.1,25.4
2022-06-28,2617708.0,True,26.9,27.9,25.7
2022-06-29,2690735.0,True,25.1,26.1,24.4
2022-06-30,2680821.0,True,22.3,24.5,21.2
2022-07-01,2602554.0,True,26.6,30.9,21.9
2022-07-02,2244851.0,True,28.8,33.8,24.0
2022-07-03,2095469.0,True,29.3,34.2,24.4
2022-07-04,2575026.0,True,29.3,32.6,26.4
2022-07-05,2621639.0,True,29.2,33.1,26.7
2022-07-06,2622265.0,True,29.5,33.3,26.2
2022-07-07,2628766.0,True,28.2,31.0,26.4
2022-07-08,2560994.0,True,25.8,27.9,24.0
2022-07-09,2134643.0,True,26.9,30.9,24.0
2022-07-10,1995496.0,True,29.2,35.1,24.6
2022-07-11,2514449.0,True,27.0,30.6,24.7
2022-07-12,2477245.0,True,26.8,29.4,23.2
2022-07-13,2553750.0,True,25.0,27.1,24.0
2022-07-14,2526541.0,True,25.7,29.9,23.3
2022-07-15,2480737.0,True,26.0,30.3,23.0
2022-07-16,2111068.0,True,24.8,28.2,23.2
2022-07-17,1984525.0,True,25.5,29.7,22.5
2022-07-18,2461244.0,True,26.8,30.1,23.1
2022-07-19,2478684.0,True,27.4,31.1,24.3
2022-07-20,2479533.0,True,27.1,30.4,24.3
2022-07-21,2405902.0,True,23.2,25.2,20.8
2022-07-22,2395633.0,True,25.1,27.5,22.9
2022-07-23,2098579.0,True,24.8,28.0,22.3
2022-07-24,1976999.0,True,25.0,28.4,22.0
2022-07-25,2404075.0,True,27.5,32.0,23.6
2022-07-26,2461939.0,True,28.9,33.1,24.4
2022-07-27,2405416.0,True,29.3,33.4,26.4
2022-07-28,2388108.0,True,29.7,34.4,25.1
2022-07-29,2408293.0,True,30.7,34.3,27.3
2022-07-30,2024599.0,True,30.9,36.1,27.3
2022-07-31,1899742.0,True,27.2,29.0,25.4
2022-08-01,2322703.0,True,28.6,32.4,25.4
2022-08-02,2342444.0,True,26.8,28.5,25.5
2022-08-03,2368316.0,True,27.1,30.0,25.2
2022-08-04,2368073.0,True,28.9,32.9,26.0
2022-08-05,2368641.0,True,29.4,32.7,27.0
2022-08-06,2018155.0,True,28.7,30.3,27.4
2022-08-07,1899403.0,True,28.9,31.7,27.2
2022-08-08,2390636.0,True,26.8,28.4,
2022-08-09,2424029.0,True,25.1,26.5,22.0
2022-08-10,2387571.0,True,24.7,28.8,21.4
2022-08-11,2370031.0,True,25.0,27.5,23.4
2022-08-12,2361784.0,True,27.0,32.4,23.0
2022-08-13,2060238.0,True,25.8,27.5,24.7
2022-08-14,1907880.0,True,27.6,31.5,24.5
2022-08-15,1990520.0,True,28.1,29.8,26.6
2022-08-16,2417263.0,True,26.7,30.0,24.1
2022-08-17,2424136.0,True,26.0,30.5,22.8
2022-08-18,2420343.0,True,25.6,29.8,22.4
2022-08-19,2441446.0,True,26.0,27.5,23.3
2022-08-20,2100856.0,True,28.2,32.0,25.7
2022-08-21,1945472.0,True,28.1,32.0,24.7
2022-08-22,2405280.0,True,26.8,30.2,22.9
2022-08-23,2404964.0,True,25.4,30.2,22.4
2022-08-24,2372727.0,True,24.8,27.9,22.4
2022-08-25,2360424.0,True,22.2,24.0,21.1
2022-08-26,2360982.0,True,23.8,28.4,19.9
2022-08-27,2047979.0,True,21.5,25.5,17.6
2022-08-28,1935483.0,True,22.6,28.4,16.1
2022-08-29,2329020.0,True,21.0,22.5,19.5
2022-08-30,2442583.0,True,19.1,20.3,17.9
2022-08-31,2396943.0,True,21.7,24.9,19.6
2022-09-01,2439238.0,True,24.0,30.4,18.3
2022-09-02,2424376.0,True,24.7,29.8,20.3
2022-09-03,2137622.0,True,24.2,29.2,20.5
2022-09-04,2061494.0,True,22.3,24.0,19.8
2022-09-05,2500249.0,True,19.2,22.7,17.7
2022-09-06,2465582.0,True,21.0,26.3,17.0
2022-09-07,2480125.0,True,22.8,28.1,17.9
2022-09-08,2457213.0,True,23.2,29.5,16.7
2022-09-09,1957228.0,True,24.3,30.8,18.9
2022-09-10,1706911.0,True,23.6,28.4,19.0
2022-09-11,1785771.0,True,23.3,26.4,20.6
2022-09-12,1936660.0,True,23.8,27.5,20.3
2022-09-13,2355155.0,True,24.3,26.4,21.8
2022-09-14,2385672.0,True,24.6,27.9,22.7
2022-09-15,2418127.0,True,25.2,28.3,22.0
2022-09-16,2459371.0,True,25.7,29.9,23.4
2022-09-17,2151471.0,True,25.6,29.4,23.3
2022-09-18,2027313.0,True,27.1,32.5,23.0
2022-09-19,2378847.0,True,24.6,29.6,19.5
2022-09-20,2366382.0,True,19.9,24.6,16.1
2022-09-21,2397536.0,True,19.4,25.6,13.0
2022-09-22,2395416.0,True,19.8,24.7,14.2
2022-09-23,2463108.0,True,17.5,22.2,14.7
2022-09-24,2278080.0,True,18.5,24.2,12.3
2022-09-25,2138200.0,True,19.6,25.2,15.4
2022-09-26,2425634.0,True,20.0,25.4,14.8
2022-09-27,2458717.0,True,20.9,28.0,14.0
2022-09-28,2451601.0,True,20.4,26.1,16.1
2022-09-29,2446857.0,True,20.4,26.5,16.4
2022-09-30,2439587.0,True,20.7,27.7,14.8
2022-10-01,2158737.0,True,20.9,27.6,14.4
2022-10-02,2068302.0,True,19.4,21.6,17.2
2022-10-03,2293282.0,True,21.4,23.4,17.5
2022-10-04,2507614.0,True,17.9,23.0,14.2
2022-10-05,2603206.0,True,16.6,21.6,14.1
2022-10-06,2751760.0,True,15.8,19.1,12.7
2022-10-07,2990176.0,True,14.3,18.6,11.0
2022-10-08,2849570.0,True,15.8,21.6,11.1
2022-10-09,3269011.0,True,13.1,14.5,10.7
2022-10-10,4235116.0,True,9.9,11.9,8.2
2022-10-11,4291064.0,True,11.1,16.4,7.4
2022-10-12,3999293.0,True,13.5,20.6,6.5
2022-10-13,3531867.0,True,16.3,22.7,10.7
2022-10-14,3294191.0,True,17.1,23.0,12.4
2022-10-15,2951950.0,True,18.2,24.4,12.6
2022-10-16,2954389.0,True,16.9,20.5,15.1
2022-10-17,4066190.0,True,11.2,15.1,7.4
2022-10-18,4555223.0,True,9.4,14.2,5.0
2022-10-19,4597737.0,True,10.5,16.8,4.4
2022-10-20,4278967.0,True,12.9,19.7,6.0
2022-10-21,4008298.0,True,14.0,20.9,8.8
2022-10-22,3614804.0,True,15.1,20.8,10.5
2022-10-23,3705411.0,True,14.0,18.6,10.4
2022-10-24,4525378.0,True,10.6,14.8,7.5
2022-10-25,4571310.0,True,11.3,17.6,5.9
2022-10-26,4450231.0,True,12.9,17.8,8.0
2022-10-27,4230622.0,True,13.2,18.9,8.6
2022-10-28,4159092.0,True,13.6,20.6,8.2
2022-10-29,3815163.0,True,14.8,21.3,10.2
2022-10-30,3675416.0,True,14.9,21.3,10.4
2022-10-31,3801626.0,True,14.9,21.1,11.2
2022-11-01,3976898.0,True,13.1,17.8,9.4
2022-11-02,4535424.0,True,11.1,17.9,5.5
2022-11-03,5229642.0,True,9.3,13.4,5.6
2022-11-04,6320978.0,True,4.9,9.8,1.6
2022-11-05,5983738.0,True,6.5,13.6,0.8
2022-11-06,5469697.0,True,9.6,16.4,3.7
2022-11-07,5343676.0,True,11.4,16.6,6.1
2022-11-08,4785628.0,True,12.9,17.9,9.7
2022-11-09,4968869.0,True,11.4,16.0,6.7
2022-11-10,4619126.0,True,13.5,19.1,8.8
2022-11-11,4261583.0,True,15.6,22.1,10.9
2022-11-12,3984021.0,True,16.3,22.0,11.6
2022-11-13,4523877.0,True,10.3,17.3,8.7
2022-11-14,5108343.0,True,9.7,13.8,5.9
2022-11-15,5730800.0,True,8.1,12.3,4.0
2022-11-16,5679412.0,True,8.5,13.0,5.5
2022-11-17,5446761.0,True,10.2,16.6,5.4
2022-11-18,5238297.0,True,11.0,18.1,5.3
2022-11-19,4785079.0,True,12.9,19.2,8.7
2022-11-20,4462253.0,True,13.7,20.2,9.5
2022-11-21,4862868.0,True,11.8,16.2,9.3
2022-11-22,5222859.0,True,10.7,13.7,7.0
2022-11-23,5201096.0,True,10.8,15.2,6.8
2022-11-24,5522396.0,True,9.4,14.1,5.9
2022-11-25,5227286.0,True,12.3,17.8,7.1
2022-11-26,5831708.0,True,6.7,12.9,1.0
2022-11-27,6619588.0,True,5.4,11.5,-1.1
2022-11-28,5978915.0,True,12.3,15.0,7.5
2022-11-29,6802622.0,True,6.9,15.0,-1.6
2022-11-30,10068941.0,True,-5.4,-1.6,-8.1
2022-12-01,10864069.0,True,-5.4,-1.2,-9.4
2022-12-02,10556341.0,True,-2.5,3.0,-7.6
2022-12-03,9122299.0,True,2.1,7.0,-0.3
2022-12-04,10437550.0,True,-3.5,-0.2,-5.2
2022-12-05,10893351.0,True,-3.1,1.9,-7.0
2022-12-06,10121609.0,True,0.9,5.3,-3.9
2022-12-07,9059149.0,True,4.9,9.0,1.2
2022-12-08,8751069.0,True,3.7,9.1,0.1
2022-12-09,8413870.0,True,4.5,10.2,0.9
2022-12-10,8500615.0,True,2.6,6.7,-0.6
2022-12-11,8576134.0,True,1.6,6.8,-1.5
2022-12-12,9325617.0,True,2.0,6.3,-2.0
2022-12-13,10010026.0,True,0.0,3.1,-6.4
2022-12-14,12210114.0,True,-8.4,-4.9,-11.0
2022-12-15,11948255.0,True,-4.5,-1.3,-8.5
2022-12-16,12200301.0,True,-6.3,-2.2,-9.6
2022-12-17,12090047.0,True,-7.0,-3.2,-9.8
2022-12-18,12898551.0,True,-9.5,-5.6,-12.4
2022-12-19,13128730.0,True,-7.0,-2.5,-12.0
2022-12-20,12134203.0,True,-3.2,2.9,-9.5
2022-12-21,11286690.0,True,-0.1,2.6,-2.6
2022-12-22,12833372.0,True,-7.8,-2.6,-11.3
2022-12-23,14683334.0,True,-11.8,-8.6,-13.7
2022-12-24,13471474.0,True,-8.4,-2.0,-13.5
2022-12-25,12307780.0,True,-5.4,0.2,-9.6
2022-12-26,12403826.0,True,-3.9,1.7,-7.9
2022-12-27,11726071.0,True,-2.6,3.3,-7.3
2022-12-28,11621723.0,True,-3.3,0.1,-6.0
2022-12-29,11653354.0,True,-2.9,2.1,-7.8
2022-12-30,10834165.0,True,-1.8,2.3,-4.4
2022-12-31,10467773.0,True,-1.2,2.1,-5.1
2023-01-01,9985783.0,True,-0.2,3.8,-4.3
2023-01-02,11494868.0,True,-4.5,-0.4,-7.4
2023-01-03,11717764.0,True,-5.0,0.6,-9.0
2023-01-04,11038324.0,True,-1.8,3.3,-5.7
2023-01-05,10974707.0,True,-1.6,3.6,-5.6
2023-01-06,10346370.0,True,0.6,5.7,-4.7
2023-01-07,9397361.0,True,1.5,3.8,-1.4
2023-01-08,9286499.0,True,1.3,6.3,-3.7
2023-01-09,9108156.0,True,3.1,7.0,-1.3
2023-01-10,9330086.0,True,1.6,9.1,-3.9
2023-01-11,9041186.0,True,2.6,9.2,-2.0
2023-01-12,8470910.0,True,5.9,12.5,-0.6
2023-01-13,7878048.0,True,8.3,10.1,5.1
2023-01-14,7516615.0,True,6.6,8.4,3.8
2023-01-15,8932326.0,True,-0.2,3.8,-3.5
2023-01-16,10636378.0,True,-4.6,-1.2,-6.8
2023-01-17,11083711.0,True,-3.7,-0.4,-7.0
2023-01-18,10566960.0,True,-1.9,2.2,-4.6
2023-01-19,10409385.0,True,-0.4,4.3,-6.0
2023-01-20,10691140.0,True,-3.3,2.0,-7.7
2023-01-21,10554743.0,True,-4.5,1.5,-10.5
2023-01-22,9905003.0,True,-0.6,2.6,-2.8
2023-01-23,9926719.0,True,-0.8,4.6,-6.9
2023-01-24,13681289.0,True,-14.7,-6.9,-17.0
2023-01-25,14283814.0,True,-11.3,-5.4,-17.3
2023-01-26,12927151.0,True,-6.0,-3.5,-9.0
2023-01-27,12748705.0,True,-7.3,-3.8,-9.6
2023-01-28,12063552.0,True,-6.0,-0.6,-11.2
2023-01-29,11014652.0,True,-1.8,4.9,-8.0
2023-01-30,10588865.0,True,-0.9,4.2,-4.4
2023-01-31,9870324.0,True,2.4,7.8,-3.5
2023-02-01,9454176.0,True,0.9,6.0,-3.0
2023-02-02,10296127.0,True,-2.4,1.4,-5.1
2023-02-03,10058892.0,True,-1.6,3.4,-3.9
2023-02-04,9459073.0,True,-0.2,6.0,-5.2
2023-02-05,8894082.0,True,1.7,7.1,-3.3
2023-02-06,8771453.0,True,3.0,8.8,-1.7
2023-02-07,8515185.0,True,3.5,9.5,-0.6
2023-02-08,8569794.0,True,2.1,7.8,-1.3
2023-02-09,8486070.0,True,4.0,9.9,-2.8
2023-02-10,8089513.0,True,3.8,6.2,1.1
2023-02-11,7983926.0,True,2.8,8.5,-1.2
2023-02-12,7950329.0,True,3.7,7.6,-0.9
2023-02-13,7815083.0,True,5.9,8.4,2.7
2023-02-14,8381497.0,True,1.7,6.6,-2.5
2023-02-15,8278419.0,True,3.2,8.9,-1.2
2023-02-16,8456464.0,True,2.3,4.5,-0.7
2023-02-17,8111674.0,True,3.4,9.8,-1.5
2023-02-18,7609053.0,True,5.7,8.1,3.0
2023-02-19,7599732.0,True,3.5,6.1,0.2
2023-02-20,8954695.0,True,-0.5,2.4,-3.5
2023-02-21,9263062.0,True,-1.3,4.8,-5.3
2023-02-22,8878594.0,True,1.2,8.4,-4.5
2023-02-23,8358573.0,True,2.9,9.2,-1.8
2023-02-24,8207064.0,True,3.5,8.5,-0.4
2023-02-25,8256883.0,True,0.7,5.7,-2.9
2023-02-26,8060176.0,True,2.2,9.4,-3.4
2023-02-27,7891723.0,True,4.4,12.4,-1.8
2023-02-28,7862923.0,True,4.3,8.7,-0.7
2023-03-01,7259604.0,True,6.0,9.0,2.9
2023-03-02,8129841.0,True,2.2,6.6,-1.8
2023-03-03,7744895.0,True,4.6,10.4,-1.9
2023-03-04,6605335.0,True,7.7,14.1,3.7
2023-03-05,6297451.0,True,8.0,15.4,2.5
2023-03-06,6365643.0,True,9.2,16.5,2.2
2023-03-07,5688213.0,True,11.7,19.4,6.3
2023-03-08,5471631.0,True,12.5,17.7,7.4
2023-03-09,5469507.0,True,10.3,13.1,7.4
2023-03-10,5133165.0,True,13.5,22.2,6.2
2023-03-11,4371579.0,True,15.2,22.8,10.2
2023-03-12,5757726.0,True,5.9,12.6,0.6
2023-03-13,7236433.0,True,2.9,7.6,-1.9
2023-03-14,6246230.0,True,9.2,15.4,3.3
2023-03-15,6126377.0,True,8.6,14.4,3.5
2023-03-16,6839529.0,True,4.6,9.0,0.4
2023-03-17,6615570.0,True,7.2,12.7,0.7
2023-03-18,6071194.0,True,7.7,14.0,2.5
2023-03-19,5747448.0,True,8.3,15.2,2.3
2023-03-20,5769666.0,True,9.5,17.1,2.6
2023-03-21,5142482.0,True,13.0,22.2,5.0
2023-03-22,4473452.0,True,17.0,25.1,9.2
2023-03-23,3962380.0,True,17.4,23.3,12.3
2023-03-24,4296841.0,True,12.5,18.3,7.6
2023-03-25,4107102.0,True,12.5,18.7,8.0
2023-03-26,4622970.0,True,9.4,14.0,4.7
2023-03-27,5326473.0,True,7.3,14.5,1.9
2023-03-28,5154176.0,True,9.2,15.7,2.8
2023-03-29,4815012.0,True,11.8,19.7,5.1
2023-03-30,4476858.0,True,13.3,21.2,6.4
2023-03-31,4117497.0,True,15.0,23.9,7.5
2023-04-01,3678281.0,True,17.5,25.6,9.4
2023-04-02,3291922.0,True,18.8,25.2,11.9
2023-04-03,3308302.0,True,19.0,25.9,11.3
2023-04-04,3300516.0,True,17.6,21.7,12.7
2023-04-05,3964576.0,True,11.9,14.9,8.7
2023-04-06,4587736.0,True,8.8,9.7,7.4
2023-04-07,4740516.0,True,8.9,15.7,4.6
2023-04-08,4775658.0,True,8.8,14.9,3.1
2023-04-09,4453295.0,True,10.8,17.8,3.5
2023-04-10,4341371.0,True,13.2,19.1,6.2
2023-04-11,4375399.0,True,13.1,17.4,9.2
2023-04-12,4533299.0,True,10.1,15.3,4.8
2023-04-13,4332804.0,True,11.9,17.2,5.1
2023-04-14,3815909.0,True,16.2,21.3,11.9
2023-04-15,3762536.0,True,13.5,16.6,9.3
2023-04-16,3985158.0,True,10.8,16.1,7.5
2023-04-17,3995184.0,True,13.1,18.1,6.8
2023-04-18,3861555.0,True,14.0,18.4,10.7
2023-04-19,3384600.0,True,19.1,28.4,11.5
2023-04-20,3342983.0,True,15.8,18.9,14.5
2023-04-21,3341376.0,True,16.7,22.8,11.4
2023-04-22,3188204.0,True,16.9,22.5,12.2
2023-04-23,3116742.0,True,16.1,22.1,10.7
2023-04-24,3235138.0,True,15.8,21.3,11.5
2023-04-25,3804322.0,True,10.9,13.2,9.0
2023-04-26,4132418.0,True,10.2,13.5,7.4
2023-04-27,3884625.0,True,12.9,20.0,5.1
2023-04-28,3545004.0,True,15.7,21.3,9.0
2023-04-29,3659277.0,True,13.2,15.8,9.9
2023-04-30,3565466.0,True,12.7,17.9,7.9
2023-05-01,3389327.0,True,14.6,20.8,9.8
2023-05-02,3309891.0,True,16.7,23.7,9.1
2023-05-03,3034283.0,True,19.5,26.2,12.4
2023-05-04,2785247.0,True,21.4,25.8,15.6
2023-05-05,2677075.0,True,18.4,21.6,15.5
2023-05-06,3119751.0,True,12.6,15.5,11.7
2023-05-07,3075883.0,True,14.4,18.6,11.1
2023-05-08,3201785.0,True,15.3,22.0,7.9
2023-05-09,3069898.0,True,17.0,24.4,10.0
2023-05-10,2954480.0,True,18.4,26.0,10.7
2023-05-11,2816740.0,True,19.5,26.7,12.8
2023-05-12,2757753.0,True,18.4,24.7,13.1
2023-05-13,2582729.0,True,17.8,23.9,12.6
2023-05-14,2480677.0,True,18.1,23.8,12.9
2023-05-15,2636946.0,True,20.6,27.9,12.8
2023-05-16,2550401.0,True,24.0,31.2,17.2
2023-05-17,2547769.0,True,23.5,28.7,18.6
2023-05-18,2490108.0,True,21.2,27.6,18.8
2023-05-19,2452253.0,True,22.3,27.8,16.7
2023-05-20,2212509.0,True,21.2,26.7,16.6
2023-05-21,2149055.0,True,17.8,21.9,15.3
2023-05-22,2397269.0,True,20.3,26.8,15.9
2023-05-23,2414776.0,True,20.5,26.9,14.1
2023-05-24,2432813.0,True,20.6,25.9,14.8
2023-05-25,2435005.0,True,21.2,27.4,15.7
2023-05-26,2399061.0,True,21.4,27.3,15.8
2023-05-27,2167227.0,True,19.3,20.7,18.6
2023-05-28,2148764.0,True,19.2,20.2,18.4
2023-05-29,2178661.0,True,23.2,28.5,19.0
2023-05-30,2403694.0,True,24.0,28.9,20.5
2023-05-31,2380903.0,True,22.8,28.2,18.8
2023-06-01,2378251.0,True,22.8,26.3,19.7
2023-06-02,2366441.0,True,20.4,25.0,17.9
2023-06-03,2104613.0,True,22.0,27.8,16.6
2023-06-04,1989828.0,True,22.1,28.0,16.9
2023-06-05,2234873.0,True,21.5,26.3,17.6
2023-06-06,2055549.0,True,20.3,25.2,17.3
2023-06-07,2340432.0,True,21.4,25.7,18.9
2023-06-08,2361771.0,True,20.4,23.9,18.3
2023-06-09,2344063.0,True,23.3,28.4,18.3
2023-06-10,2093675.0,True,23.2,28.5,19.6
2023-06-11,1993497.0,True,22.1,27.3,17.9
2023-06-12,2311138.0,True,22.2,27.5,18.4
2023-06-13,2325893.0,True,22.0,26.0,19.2
2023-06-14,2338619.0,True,20.6,25.0,17.5
2023-06-15,2336801.0,True,22.7,28.3,17.7
2023-06-16,2326214.0,True,23.7,28.9,19.1
2023-06-17,2038531.0,True,24.2,30.2,18.9
2023-06-18,1922379.0,True,25.9,32.6,20.8
2023-06-19,2316313.0,True,28.5,34.0,23.3
2023-06-20,2275729.0,True,24.7,26.4,21.4
2023-06-21,2314646.0,True,20.5,22.1,19.2
2023-06-22,2311855.0,True,22.5,26.4,18.9
2023-06-23,2322138.0,True,24.4,29.9,20.0
2023-06-24,2014354.0,True,26.4,31.1,21.9
2023-06-25,1873981.0,True,28.2,33.1,22.8
2023-06-26,2277203.0,True,24.2,27.5,22.3
2023-06-27,2285457.0,True,25.3,29.1,21.4
2023-06-28,2302308.0,True,26.5,30.1,24.2
2023-06-29,2336958.0,True,24.2,25.9,23.2
2023-06-30,2323171.0,True,25.3,29.1,23.2
2023-07-01,2005395.0,True,27.7,32.9,23.3
2023-07-02,1892643.0,True,26.7,30.6,23.5
2023-07-03,2326967.0,True,29.1,34.9,24.1
2023-07-04,2381529.0,True,26.1,29.2,24.5
2023-07-05,2313872.0,True,24.5,27.1,22.1
2023-07-06,2323792.0,True,27.3,31.8,22.4
2023-07-07,2302475.0,True,26.7,31.4,23.3
2023-07-08,1986721.0,True,25.6,29.7,22.4
2023-07-09,1875219.0,True,24.7,27.0,21.6
2023-07-10,2320166.0,True,26.3,30.9,22.9
2023-07-11,2373816.0,True,23.5,25.9,21.6
2023-07-12,2340754.0,True,25.8,29.1,22.0
2023-07-13,2386521.0,True,25.2,26.5,24.7
2023-07-14,2430268.0,True,24.6,25.1,23.9
2023-07-15,2110624.0,True,24.5,25.7,23.7
2023-07-16,1957157.0,True,24.6,25.4,23.7
2023-07-17,2314946.0,True,25.5,27.8,23.7
2023-07-18,2331221.0,True,25.2,27.7,24.1
2023-07-19,2335949.0,True,27.2,32.4,22.5
2023-07-20,2343508.0,True,27.9,32.8,24.0
2023-07-21,2330021.0,True,29.5,34.3,24.6
2023-07-22,2009547.0,True,27.7,32.5,24.6
2023-07-23,1894869.0,True,25.2,25.8,24.5
2023-07-24,2253193.0,True,26.9,30.0,24.6
2023-07-25,2265469.0,True,27.8,30.5,25.8
2023-07-26,2264954.0,True,27.6,31.1,24.9
2023-07-27,2269456.0,True,28.4,32.2,24.4
2023-07-28,2232866.0,True,29.5,34.1,25.4
2023-07-29,1891109.0,True,29.1,33.3,26.1
2023-07-30,1745805.0,True,28.8,34.9,24.9
2023-07-31,2135850.0,True,28.7,33.4,25.6
2023-08-01,2136158.0,True,29.9,34.2,25.5
2023-08-02,2159085.0,True,29.7,33.7,26.8
2023-08-03,2145104.0,True,29.5,33.8,25.8
2023-08-04,2137686.0,True,30.0,34.4,26.5
2023-08-05,1803161.0,True,30.3,34.9,26.4
2023-08-06,1692050.0,True,29.8,33.0,27.0
2023-08-07,2110079.0,True,30.4,34.6,27.3
2023-08-08,2141376.0,True,30.9,35.8,26.4
2023-08-09,2111130.0,True,28.3,31.6,25.1
2023-08-10,2063008.0,True,22.2,25.1,20.9
2023-08-11,2054950.0,True,23.5,24.9,21.6
2023-08-12,1820121.0,True,23.3,24.1,22.5
2023-08-13,1718327.0,True,27.0,31.1,22.6
2023-08-14,2113858.0,True,28.1,31.9,24.8
2023-08-15,1820782.0,True,28.6,32.7,24.7
2023-08-16,2230072.0,True,27.3,31.6,24.7
2023-08-17,2248230.0,True,28.2,32.4,24.5
2023-08-18,2273395.0,True,29.1,33.3,25.5
2023-08-19,1879698.0,True,29.1,33.6,26.4
2023-08-20,1745115.0,True,28.3,31.8,25.5
2023-08-21,2205196.0,True,29.5,33.6,26.0
2023-08-22,2240401.0,True,27.6,32.2,25.8
2023-08-23,2242280.0,True,24.8,27.2,23.2
2023-08-24,2207797.0,True,25.1,27.8,22.3
2023-08-25,2199631.0,True,26.5,30.0,24.0
2023-08-26,1850996.0,True,26.4,30.3,23.3
2023-08-27,1723787.0,True,26.1,29.6,22.7
2023-08-28,2136345.0,True,22.7,25.6,20.8
2023-08-29,2206604.0,True,23.9,25.5,22.5
2023-08-30,2182068.0,True,22.8,24.5,21.5
2023-08-31,2170275.0,True,23.9,28.9,21.0
2023-09-01,2203408.0,True,24.5,29.6,19.7
2023-09-02,1922763.0,True,25.4,30.8,19.7
2023-09-03,1824863.0,True,25.8,28.8,23.1
2023-09-04,2247455.0,True,27.0,30.2,24.3
2023-09-05,2290930.0,True,28.5,32.8,25.0
2023-09-06,2291637.0,True,27.9,32.1,24.0
2023-09-07,2225102.0,True,26.3,31.6,20.9
2023-09-08,2216620.0,True,25.3,30.5,19.6
2023-09-09,1883172.0,True,25.8,31.2,20.8
2023-09-10,1762630.0,True,25.7,29.6,22.0
2023-09-11,2187992.0,True,25.5,29.8,23.1
2023-09-12,2213514.0,True,25.7,29.8,21.7
2023-09-13,2218129.0,True,22.1,24.6,19.6
2023-09-14,2199088.0,True,23.4,27.2,19.2
2023-09-15,2175365.0,True,22.3,24.3,20.3
2023-09-16,1919427.0,True,23.9,26.6,22.0
2023-09-17,1817424.0,True,24.7,28.0,22.0
2023-09-18,2194876.0,True,24.7,28.9,22.1
2023-09-19,2220407.0,True,24.1,27.2,21.6
2023-09-20,2234948.0,True,20.6,23.9,18.8
2023-09-21,2201365.0,True,20.1,23.6,17.5
2023-09-22,2203270.0,True,20.5,26.7,15.2
2023-09-23,1968569.0,True,21.8,27.6,16.3
2023-09-24,1869618.0,True,21.8,26.2,17.9
2023-09-25,2191107.0,True,21.6,26.0,17.9
2023-09-26,2281694.0,True,19.9,20.8,18.6
2023-09-27,2249465.0,True,21.5,23.7,20.0
2023-09-28,1794834.0,True,22.7,27.3,19.6
2023-09-29,1564758.0,True,21.1,26.9,17.4
2023-09-30,1646612.0,True,19.7,22.2,17.1
2023-10-01,1777468.0,True,18.4,23.7,14.4
2023-10-02,1935593.0,True,18.2,24.6,12.9
2023-10-03,2068293.0,True,17.5,22.5,14.4
2023-10-04,2418483.0,True,17.3,23.2,14.2
2023-10-05,2709918.0,True,14.2,19.2,9.9
2023-10-06,2690295.0,True,15.5,21.5,9.6
2023-10-07,2470804.0,True,16.8,21.2,11.7
2023-10-08,2335004.0,True,17.1,19.5,15.2
2023-10-09,2438088.0,True,17.4,22.4,14.1
2023-10-10,2641131.0,True,17.1,23.5,11.9
2023-10-11,2688419.0,True,17.6,24.0,12.9
2023-10-12,2663352.0,True,17.5,24.1,12.0
2023-10-13,2641822.0,True,17.5,21.5,14.3
2023-10-14,2722834.0,True,14.7,18.2,12.9
2023-10-15,2682288.0,True,16.1,21.2,10.9
2023-10-16,2988634.0,True,14.7,19.6,10.7
2023-10-17,3150454.0,True,13.8,20.9,7.5
2023-10-18,3137247.0,True,15.7,21.6,9.2
2023-10-19,3058213.0,True,17.0,18.9,14.9
2023-10-20,3657787.0,True,11.6,15.1,7.2
2023-10-21,3902417.0,True,10.4,16.6,5.9
2023-10-22,3709474.0,True,12.5,18.7,5.4
2023-10-23,3474724.0,True,15.2,21.4,11.1
2023-10-24,3404748.0,True,15.6,19.3,11.2
2023-10-25,3337563.0,True,16.6,21.9,12.7
2023-10-26,3229255.0,True,17.2,21.1,14.6
2023-10-27,3271897.0,True,15.7,20.2,12.6
2023-10-28,3323459.0,True,14.2,20.7,9.4
2023-10-29,3286027.0,True,14.9,21.8,9.8
2023-10-30,3397027.0,True,15.1,21.9,9.7
2023-10-31,3352709.0,True,16.5,20.8,12.7
2023-11-01,3246119.0,True,19.0,20.6,17.2
2023-11-02,3014389.0,True,20.8,25.9,18.7
2023-11-03,2976722.0,True,19.5,22.4,17.7
2023-11-04,2925099.0,True,17.4,20.9,14.1
2023-11-05,2997420.0,True,17.3,20.4,15.1
2023-11-06,3674289.0,True,13.3,19.3,6.6
2023-11-07,4838595.0,True,5.8,9.9,3.6
2023-11-08,4926251.0,True,8.4,16.1,1.8
2023-11-09,4698667.0,True,11.4,18.4,5.9
2023-11-10,6239892.0,True,3.4,9.1,0.5
2023-11-11,6964119.0,True,1.7,6.7,-1.9
2023-11-12,7366939.0,True,1.2,5.7,-2.0
2023-11-13,7881951.0,True,2.0,6.7,-2.2
2023-11-14,7343821.0,True,5.0,10.8,-0.8
2023-11-15,6875894.0,True,7.0,12.5,2.0
2023-11-16,6954810.0,True,6.6,7.4,5.7
2023-11-17,8039841.0,True,1.6,5.9,-1.9
2023-11-18,8333985.0,True,0.6,5.7,-3.8
2023-11-19,7210970.0,True,5.9,13.4,-0.3
2023-11-20,7189706.0,True,6.2,12.8,1.8
2023-11-21,6871469.0,True,7.4,14.8,1.4
2023-11-22,6437900.0,True,9.5,15.1,2.9
2023-11-23,6182653.0,True,9.9,14.6,1.9
2023-11-24,8628706.0,True,-1.5,2.2,-4.4
2023-11-25,8829774.0,True,-1.3,4.0,-5.9
2023-11-26,7950543.0,True,4.0,7.2,-0.1
2023-11-27,7724896.0,True,6.2,9.3,4.4
2023-11-28,8566807.0,True,1.3,5.2,-1.2
2023-11-29,9635244.0,True,-1.4,3.0,-4.0
2023-11-30,10523164.0,True,-4.3,-0.5,-7.3
2023-12-01,10418189.0,True,-3.2,0.7,-6.8
2023-12-02,9187327.0,True,2.0,8.0,-4.4
2023-12-03,8779420.0,True,0.8,6.0,-2.8
2023-12-04,8843478.0,True,2.7,9.4,-3.0
2023-12-05,7937399.0,True,6.8,12.6,3.8
2023-12-06,7833465.0,True,6.1,8.7,3.9
2023-12-07,7640927.0,True,6.6,11.4,0.8
2023-12-08,6531727.0,True,11.2,16.8,5.1
2023-12-09,5518181.0,True,13.7,16.2,11.7
2023-12-10,5661086.0,True,11.4,15.5,6.7
2023-12-11,6239778.0,True,8.9,12.3,5.0
2023-12-12,7057733.0,True,5.4,9.3,3.5
2023-12-13,7111277.0,True,6.8,10.3,2.6
2023-12-14,7109006.0,True,7.6,9.1,6.2
2023-12-15,7703114.0,True,4.9,6.2,3.7
2023-12-16,9944159.0,True,-4.1,3.8,-9.9
2023-12-17,12043278.0,True,-9.8,-6.4,-12.4
2023-12-18,12317505.0,True,-7.7,-3.6,-12.2
2023-12-19,11814444.0,True,-3.7,0.2,-8.2
2023-12-20,12635684.0,True,-7.4,-2.1,-11.9
2023-12-21,13814362.0,True,-11.7,-8.0,-14.4
2023-12-22,14395819.0,True,-11.6,-8.0,-14.7
2023-12-23,12740967.0,True,-6.8,-0.9,-12.7
2023-12-24,11093035.0,True,-2.2,3.0,-5.6
2023-12-25,10475455.0,True,-0.7,2.1,-2.7
2023-12-26,10046961.0,True,1.9,7.2,-2.6
2023-12-27,9715016.0,True,1.5,6.8,-2.8
2023-12-28,9524665.0,True,1.2,4.4,-1.7
2023-12-29,9333845.0,True,1.3,4.6,-1.5
2023-12-30,9234524.0,True,0.6,2.1,-0.9
2023-12-31,8615744.0,True,2.1,4.3,0.6
2024-01-01,8414511.0,True,3.3,7.3,-0.3
2024-01-02,8867143.0,True,2.9,4.3,2.2
2024-01-03,9038382.0,True,1.8,4.0,-1.1
2024-01-04,9321535.0,True,1.4,4.7,-3.3
2024-01-05,8288832.0,True,5.0,9.1,1.4
2024-01-06,8812115.0,True,0.7,5.2,-2.7
2024-01-07,10145977.0,True,-4.4,-0.9,-8.3
2024-01-08,11073630.0,True,-4.7,0.0,-10.3
2024-01-09,10217099.0,True,-0.6,0.4,-1.9
2024-01-10,10005761.0,True,-1.0,3.3,-4.1
2024-01-11,9665558.0,True,1.7,4.5,-2.4
2024-01-12,9283591.0,True,0.9,4.2,-1.4
2024-01-13,9176781.0,True,0.4,6.4,-3.8
2024-01-14,9517282.0,True,-0.6,2.4,-3.3
2024-01-15,10605066.0,True,-3.7,0.9,-6.9
2024-01-16,10429391.0,True,-2.1,4.3,-7.2
2024-01-17,10136121.0,True,0.6,1.9,-2.3
2024-01-18,8876148.0,True,4.5,9.4,1.4
2024-01-19,8412925.0,True,5.4,9.0,4.0
2024-01-20,8580566.0,True,3.4,4.9,1.9
2024-01-21,8849034.0,True,1.7,4.3,-2.4
2024-01-22,11975759.0,True,-8.7,-2.4,-11.9
2024-01-23,13426680.0,True,-11.7,-8.2,-14.0
2024-01-24,13061175.0,True,-8.0,-3.7,-11.2
2024-01-25,12095841.0,True,-5.3,-0.5,-9.7
2024-01-26,10961943.0,True,-1.7,4.0,-6.9
2024-01-27,10029337.0,True,-0.5,4.6,-4.6
2024-01-28,9936976.0,True,-1.5,3.8,-5.0
2024-01-29,10015648.0,True,-0.4,4.6,-4.8
2024-01-30,9443201.0,True,1.4,8.1,-4.0
2024-01-31,8583086.0,True,4.7,10.6,0.7
2024-02-01,8762346.0,True,2.4,8.2,-1.3
2024-02-02,8643413.0,True,3.1,7.9,0.7
2024-02-03,8252327.0,True,4.7,8.3,-0.2
2024-02-04,7399775.0,True,7.3,12.2,3.7
2024-02-05,8643734.0,True,2.7,6.6,0.1
2024-02-06,9016860.0,True,1.2,2.9,0.0
2024-02-07,9212539.0,True,0.6,2.7,-0.9
2024-02-08,9014246.0,True,0.6,6.2,-3.0
2024-02-09,8468420.0,True,1.1,6.1,-2.5
2024-02-10,8304280.0,True,1.7,7.4,-1.5
2024-02-11,8438062.0,True,1.0,5.5,-3.1
2024-02-12,8087311.0,True,3.5,10.5,-2.9
2024-02-13,7475897.0,True,8.2,13.7,2.0
2024-02-14,6172468.0,True,12.9,18.3,8.8
2024-02-15,7311110.0,True,4.5,11.6,0.6
2024-02-16,7846009.0,True,2.3,8.1,-1.5
2024-02-17,7338579.0,True,4.4,11.7,-1.2
2024-02-18,7280301.0,True,6.2,9.4,1.2
2024-02-19,6818294.0,True,9.1,11.9,4.2
2024-02-20,7686009.0,True,4.3,6.8,2.8
2024-02-21,8577182.0,True,1.9,4.0,0.0
2024-02-22,9257134.0,True,0.2,1.6,-1.1
2024-02-23,8843361.0,True,1.8,6.1,-1.0
2024-02-24,8512304.0,True,2.0,5.9,-1.3
2024-02-25,8094754.0,True,2.8,5.9,0.8
2024-02-26,8075693.0,True,3.8,9.7,-1.2
2024-02-27,7834307.0,True,5.3,9.8,1.2
2024-02-28,7401043.0,True,6.4,10.1,3.2
2024-02-29,7621563.0,True,4.8,9.6,0.3
2024-03-01,9285675.0,True,-4.1,0.3,-7.1
2024-03-02,9326103.0,True,-0.5,4.1,-8.1
2024-03-03,7970278.0,True,4.0,7.8,0.4
2024-03-04,7878771.0,True,5.4,11.7,-1.8
2024-03-05,7340462.0,True,8.0,11.0,5.5
2024-03-06,7260928.0,True,6.2,10.3,2.5
2024-03-07,7675399.0,True,3.9,8.2,1.2
2024-03-08,8139448.0,True,2.1,6.5,-0.7
2024-03-09,7913538.0,True,2.0,7.1,-2.1
2024-03-10,7413521.0,True,4.2,10.6,-1.8
2024-03-11,7366885.0,True,6.2,10.8,2.0
2024-03-12,7198585.0,True,6.6,10.0,4.4
2024-03-13,7049505.0,True,6.5,12.0,1.3
2024-03-14,6415526.0,True,8.5,15.4,3.4
2024-03-15,6029820.0,True,8.9,14.5,4.0
2024-03-16,5559450.0,True,10.9,18.3,4.4
2024-03-17,5703483.0,True,8.8,12.2,5.4
2024-03-18,6188285.0,True,7.1,13.2,1.4
2024-03-19,6484045.0,True,6.7,9.8,3.9
2024-03-20,6927063.0,True,4.4,8.7,1.2
2024-03-21,6778262.0,True,5.0,11.5,-1.2
2024-03-22,6288808.0,True,10.4,15.2,3.8
2024-03-23,5046081.0,True,13.0,18.2,9.3
2024-03-24,4416948.0,True,16.2,23.4,10.5
2024-03-25,5074228.0,True,10.6,14.5,6.7
2024-03-26,5690391.0,True,7.4,12.4,3.2
2024-03-27,5242926.0,True,10.4,16.2,4.4
2024-03-28,5172808.0,True,10.3,12.2,7.8
2024-03-29,5687248.0,True,7.6,12.3,5.0
2024-03-30,5484865.0,True,8.8,15.6,3.0
2024-03-31,5178328.0,True,10.6,17.7,3.4
2024-04-01,5016299.0,True,12.2,19.0,5.5
2024-04-02,4487993.0,True,15.4,23.9,7.0
2024-04-03,4061497.0,True,16.6,19.7,13.9
2024-04-04,3978123.0,True,15.5,20.3,12.4
2024-04-05,3979682.0,True,14.0,18.8,10.2
2024-04-06,3883094.0,True,12.7,18.9,8.0
2024-04-07,3812546.0,True,14.8,23.4,7.7
2024-04-08,3773694.0,True,16.2,22.8,11.0
2024-04-09,3762573.0,True,15.3,20.8,10.6
2024-04-10,3639443.0,True,13.8,18.5,10.2
2024-04-11,3639863.0,True,15.5,21.1,11.7
2024-04-12,3382486.0,True,17.2,24.2,12.0
2024-04-13,3078666.0,True,19.1,27.3,11.2
2024-04-14,2839113.0,True,20.8,29.4,13.6
2024-04-15,3190827.0,True,16.0,20.0,11.7
2024-04-16,3397823.0,True,13.3,17.9,11.5
2024-04-17,3365579.0,True,15.0,21.8,9.7
2024-04-18,3219623.0,True,17.3,24.9,10.7
2024-04-19,3094802.0,True,17.6,24.3,11.5
2024-04-20,3139117.0,True,14.9,17.2,13.0
2024-04-21,2998051.0,True,17.2,21.7,13.3
2024-04-22,3018368.0,True,18.8,24.1,15.0
2024-04-23,3083351.0,True,17.3,24.2,13.2
2024-04-24,3301635.0,True,13.2,16.5,11.0
2024-04-25,3244820.0,True,14.4,20.8,10.3
2024-04-26,3010139.0,True,17.8,26.0,11.4
2024-04-27,2737372.0,True,18.2,26.2,11.5
2024-04-28,2543775.0,True,20.7,28.9,13.0
2024-04-29,2672473.0,True,20.9,26.1,16.9
2024-04-30,2668552.0,True,18.6,22.5,16.0
2024-05-01,2572788.0,True,18.5,24.0,13.9
2024-05-02,2726216.0,True,18.1,23.7,12.4
2024-05-03,2680989.0,True,19.7,27.9,12.2
2024-05-04,2391524.0,True,21.4,28.5,14.6
2024-05-05,2378771.0,True,17.8,20.6,15.7
2024-05-06,2749752.0,True,13.9,15.7,13.4
2024-05-07,3194688.0,True,13.3,15.0,12.2
2024-05-08,3123962.0,True,14.7,21.4,9.0
2024-05-09,3027730.0,True,16.1,21.8,10.9
2024-05-10,2910469.0,True,17.9,23.8,12.5
2024-05-11,2880710.0,True,17.0,22.0,14.0
2024-05-12,2685576.0,True,16.6,21.6,11.9
2024-05-13,2771691.0,True,18.3,24.5,11.9
2024-05-14,2683717.0,True,18.8,24.7,12.7
2024-05-15,2996163.0,True,12.6,18.8,7.2
2024-05-16,3137736.0,True,13.7,19.8,6.9
2024-05-17,2847801.0,True,18.3,24.9,10.8
2024-05-18,2473205.0,True,20.7,26.5,16.0
2024-05-19,2309424.0,True,21.5,27.9,15.9
2024-05-20,2544969.0,True,19.4,22.8,16.8
2024-05-21,2585202.0,True,21.7,28.3,16.3
2024-05-22,2549284.0,True,20.5,25.5,16.4
2024-05-23,2645948.0,True,20.2,26.4,15.8
2024-05-24,2586742.0,True,20.1,24.7,15.7
2024-05-25,2335085.0,True,21.4,24.7,18.7
2024-05-26,2300601.0,True,19.9,23.7,17.0
2024-05-27,2589021.0,True,18.5,22.6,14.1
2024-05-28,2571111.0,True,20.4,26.1,14.3
2024-05-29,2569866.0,True,21.2,26.8,15.4
2024-05-30,2552339.0,True,20.7,24.6,16.2
2024-05-31,2532699.0,True,20.4,25.4,16.9
2024-06-01,2254996.0,True,20.7,25.2,17.5
2024-06-02,2197147.0,True,20.4,25.8,15.7
2024-06-03,2522613.0,True,22.2,28.7,15.7
2024-06-04,2553481.0,True,22.8,29.3,16.3
2024-06-05,2467901.0,True,23.6,30.1,18.1
2024-06-06,2125057.0,True,24.1,31.4,19.3
2024-06-07,2351516.0,True,23.1,28.0,18.3
2024-06-08,2178906.0,True,20.3,25.0,17.9
2024-06-09,2134398.0,True,22.9,28.8,17.4
2024-06-10,2468359.0,True,24.7,31.1,19.0
2024-06-11,2478527.0,True,25.4,31.6,21.7
2024-06-12,2489832.0,True,24.8,31.8,19.2
2024-06-13,2495930.0,True,26.4,32.8,20.0
2024-06-14,2504245.0,True,26.3,33.0,21.4
2024-06-15,2172149.0,True,24.2,28.2,21.8
2024-06-16,2043802.0,True,24.3,29.5,19.9
2024-06-17,2407294.0,True,24.8,30.2,18.9
2024-06-18,2437109.0,True,26.0,32.9,20.4
2024-06-19,2430029.0,True,28.8,35.8,21.4
2024-06-20,2421343.0,True,29.4,35.4,23.4
2024-06-21,2417981.0,True,28.1,33.9,22.9
2024-06-22,2124877.0,True,24.2,26.1,22.6
2024-06-23,2003903.0,True,25.1,30.1,22.5
2024-06-24,2361071.0,True,24.3,27.9,21.2
2024-06-25,2364253.0,True,22.9,27.2,19.1
2024-06-26,2387716.0,True,24.9,31.6,18.9
2024-06-27,2359130.0,True,26.3,31.6,20.6
2024-06-28,2337804.0,True,26.6,32.5,21.3
2024-06-29,2041006.0,True,26.7,32.3,21.6
2024-06-30,1950567.0,True,23.5,24.9,22.0
2024-07-01,2313594.0,True,26.3,31.3,22.0
2024-07-02,2381504.0,True,23.2,25.2,21.9
2024-07-03,2367013.0,True,24.7,25.9,23.6
2024-07-04,2371258.0,True,26.8,30.6,23.2
2024-07-05,2356637.0,True,23.4,26.1,21.3
2024-07-06,2079960.0,True,25.1,30.0,22.1
2024-07-07,1972845.0,True,24.4,28.2,21.5
2024-07-08,2367043.0,True,23.8,24.5,23.1
2024-07-09,2381769.0,True,24.5,26.7,22.7
2024-07-10,2414171.0,True,26.6,31.1,22.7
2024-07-11,2429191.0,True,25.7,28.9,23.3
2024-07-12,2407063.0,True,25.6,30.2,21.8
2024-07-13,2092865.0,True,28.1,33.3,23.5
2024-07-14,1952464.0,True,28.4,32.1,24.9
2024-07-15,2391141.0,True,28.4,31.3,24.5
2024-07-16,2409710.0,True,27.0,30.7,24.6
2024-07-17,2437214.0,True,25.4,28.1,24.1
2024-07-18,2389162.0,True,24.3,25.6,23.1
2024-07-19,2373018.0,True,27.0,30.8,24.2
2024-07-20,2099930.0,True,27.2,30.6,25.1
2024-07-21,2008707.0,True,26.5,29.8,22.5
2024-07-22,2409870.0,True,26.6,27.9,24.3
2024-07-23,2428157.0,True,26.4,27.3,25.8
2024-07-24,2445451.0,True,28.1,30.9,26.0
2024-07-25,2440462.0,True,28.8,32.2,25.4
2024-07-26,2443751.0,True,28.7,32.7,25.2
2024-07-27,2122086.0,True,28.9,31.7,27.5
2024-07-28,1982870.0,True,29.2,32.2,27.3
2024-07-29,2338842.0,True,27.4,27.8,26.8
2024-07-30,2369644.0,True,28.6,31.9,26.3
2024-07-31,2316823.0,True,29.4,33.3,27.0
2024-08-01,2298912.0,True,29.9,33.2,27.3
2024-08-02,2299575.0,True,29.6,32.5,28.2
2024-08-03,2021462.0,True,30.2,34.2,27.2
2024-08-04,1931675.0,True,31.8,36.2,27.3
2024-08-05,2324033.0,True,30.0,33.7,26.9
2024-08-06,2367867.0,True,29.5,33.5,25.6
2024-08-07,2345856.0,True,29.6,33.4,27.2
2024-08-08,2252987.0,True,28.5,31.6,26.9
2024-08-09,2228305.0,True,29.3,33.6,25.6
2024-08-10,1910585.0,True,30.0,33.6,26.4
2024-08-11,1771786.0,True,30.8,34.4,27.8
2024-08-12,2259354.0,True,31.1,34.1,28.2
2024-08-13,2303434.0,True,31.3,36.4,28.1
2024-08-14,2305019.0,True,30.0,34.9,27.3
2024-08-15,1824589.0,True,29.2,34.6,26.7
2024-08-16,2208222.0,True,29.8,34.3,26.8
2024-08-17,1843458.0,True,29.8,34.0,27.2
2024-08-18,1731718.0,True,29.5,33.9,27.0
2024-08-19,2257875.0,True,29.7,35.3,26.3
2024-08-20,2331208.0,True,31.4,35.4,27.0
2024-08-21,2361143.0,True,28.4,30.8,26.9
2024-08-22,2334040.0,True,28.6,30.3,27.1
2024-08-23,2315304.0,True,28.4,31.8,26.4
2024-08-24,1927050.0,True,27.6,30.9,25.1
2024-08-25,1788012.0,True,28.5,32.7,24.9
2024-08-26,2266862.0,True,28.1,30.6,25.6
2024-08-27,2227727.0,True,26.5,30.3,24.6
2024-08-28,2243115.0,True,28.2,33.2,23.0
2024-08-29,2252026.0,True,28.4,33.5,23.4
2024-08-30,2266049.0,True,28.0,32.9,23.7
2024-08-31,1910034.0,True,27.6,33.0,22.6
2024-09-01,1781431.0,True,27.1,31.6,24.6
2024-09-02,2182604.0,True,24.5,26.9,22.2
2024-09-03,2266920.0,True,27.0,32.0,23.2
2024-09-04,2265492.0,True,27.9,33.3,23.2
2024-09-05,2312760.0,True,26.3,28.8,25.6
2024-09-06,2290312.0,True,24.0,25.7,23.3
2024-09-07,2000921.0,True,26.5,31.3,22.8
2024-09-08,1876674.0,True,27.2,32.8,22.6
2024-09-09,2298425.0,True,28.5,34.1,24.1
2024-09-10,2359215.0,True,29.4,33.9,25.6
2024-09-11,2371052.0,True,29.0,34.6,25.4
2024-09-12,2378261.0,True,25.4,27.1,24.8
2024-09-13,2321535.0,True,25.9,28.0,24.2
2024-09-14,1931376.0,True,28.0,32.2,25.2
2024-09-15,1782269.0,True,27.5,32.4,24.2
2024-09-16,1724783.0,True,26.8,32.2,21.3
2024-09-17,1620471.0,True,28.6,33.2,25.8
2024-09-18,1765367.0,True,29.4,33.6,26.5
2024-09-19,2354061.0,True,29.1,32.6,25.6
2024-09-20,2351272.0,True,25.0,28.6,17.9
2024-09-21,1939928.0,True,19.3,21.9,17.1
2024-09-22,1836096.0,True,21.0,26.7,16.9
2024-09-23,2198458.0,True,20.8,26.1,16.6
2024-09-24,2242581.0,True,21.0,26.9,15.6
2024-09-25,2293661.0,True,23.3,27.3,18.6
2024-09-26,2324339.0,True,23.6,28.0,21.1
2024-09-27,2316429.0,True,22.7,28.0,19.1
2024-09-28,2048043.0,True,23.2,27.9,19.2
2024-09-29,1925908.0,True,23.5,29.0,19.1
2024-09-30,2231240.0,True,23.0,28.5,18.3
2024-10-01,2077278.0,True,18.3,21.7,13.3
2024-10-02,2361222.0,True,14.9,19.9,11.6
2024-10-03,2201948.0,True,16.4,22.5,10.8
2024-10-04,2321534.0,True,17.6,24.2,11.9
2024-10-05,2216167.0,True,17.5,24.4,11.6
2024-10-06,2315150.0,True,15.4,17.9,12.3
2024-10-07,2479426.0,True,16.9,20.7,14.0
2024-10-08,2486706.0,True,17.7,23.9,12.7
2024-10-09,2318921.0,True,18.8,24.4,13.9
2024-10-10,2457276.0,True,18.8,24.1,15.3
2024-10-11,2447839.0,True,18.6,24.4,13.9
2024-10-12,2295022.0,True,18.3,24.7,13.4
2024-10-13,2242706.0,True,18.3,22.6,12.6
2024-10-14,2444994.0,True,19.3,21.5,17.6
2024-10-15,2440799.0,True,19.2,21.9,17.6
2024-10-16,2443757.0,True,18.2,24.2,14.4
2024-10-17,2448222.0,True,19.0,25.7,13.8
2024-10-18,2570298.0,True,17.4,18.8,16.2
2024-10-19,2491968.0,True,16.6,21.1,12.4
2024-10-20,2782776.0,True,13.4,17.8,10.5
2024-10-21,3002758.0,True,14.8,19.3,9.7
2024-10-22,3067427.0,True,15.5,16.6,14.9
2024-10-23,3350150.0,True,12.7,15.5,9.4
2024-10-24,3457359.0,True,12.5,18.4,7.1
2024-10-25,3265958.0,True,14.9,21.5,8.7
2024-10-26,2876717.0,True,17.0,24.0,10.7
2024-10-27,2807207.0,True,16.0,18.8,14.0
2024-10-28,3081238.0,True,15.7,20.4,12.3
2024-10-29,3182159.0,True,15.0,18.3,13.4
2024-10-30,3238418.0,True,15.7,21.4,11.4
2024-10-31,3143986.0,True,15.9,22.6,11.0
2024-11-01,3127304.0,True,15.3,18.7,12.9
2024-11-02,2909292.0,True,18.1,25.1,13.0
2024-11-03,2776619.0,True,17.6,23.5,13.0
2024-11-04,3204155.0,True,14.8,18.3,8.9
2024-11-05,4032846.0,True,9.1,14.7,5.6
2024-11-06,4620720.0,True,7.5,12.5,4.1
2024-11-07,4962554.0,True,7.8,15.7,1.6
2024-11-08,4824852.0,True,10.2,18.1,3.1
2024-11-09,4308843.0,True,12.9,20.3,6.8
2024-11-10,3853867.0,True,14.4,21.0,10.3
2024-11-11,3849993.0,True,14.6,21.8,9.7
2024-11-12,3713489.0,True,14.3,19.2,11.0
2024-11-13,3802532.0,True,14.2,21.3,8.3
2024-11-14,3694671.0,True,14.8,16.8,13.2
2024-11-15,3435713.0,True,17.0,21.5,13.7
2024-11-16,3277975.0,True,17.0,22.6,14.4
2024-11-17,4734817.0,True,7.0,14.4,2.1
2024-11-18,6376563.0,True,2.8,7.9,-0.7
2024-11-19,6456501.0,True,5.7,11.3,0.3
2024-11-20,6487683.0,True,6.5,9.6,2.4
2024-11-21,5841745.0,True,9.7,14.1,6.0
2024-11-22,6233958.0,True,6.2,10.6,3.3
2024-11-23,6098394.0,True,6.4,12.6,1.5
2024-11-24,5907162.0,True,7.4,14.2,2.6
2024-11-25,5954503.0,True,10.1,15.4,3.6
2024-11-26,6532400.0,True,5.8,12.7,1.0
2024-11-27,8332309.0,True,-0.4,1.2,-1.3
2024-11-28,8406894.0,True,0.8,3.4,-1.7
2024-11-29,8648570.0,True,0.2,3.4,-3.4
2024-11-30,8009636.0,True,2.5,5.6,-0.5
2024-12-01,7438191.0,True,5.2,8.2,1.6
2024-12-02,7268777.0,True,6.4,13.0,0.6
2024-12-03,8492760.0,True,1.3,5.2,-2.4
2024-12-04,8219585.0,True,3.1,6.9,-0.6
2024-12-05,8064455.0,True,3.9,8.8,-0.1
2024-12-06,8426275.0,True,2.1,5.2,-0.4
2024-12-07,8712924.0,True,0.2,4.6,-2.5
2024-12-08,9004480.0,True,-0.2,4.1,-3.9
2024-12-09,9175251.0,True,1.0,7.4,-3.8
2024-12-10,8831787.0,True,2.6,6.9,-1.9
2024-12-11,8717712.0,True,3.0,8.2,0.2
2024-12-12,9289062.0,True,0.5,5.4,-3.2
2024-12-13,9405021.0,True,1.0,4.5,-1.5
2024-12-14,9356536.0,True,-0.8,2.5,-3.6
2024-12-15,9050851.0,True,1.2,5.4,-2.2
2024-12-16,9787365.0,True,-0.2,3.9,-3.3
2024-12-17,10048703.0,True,-0.8,3.8,-3.5
2024-12-18,10792768.0,True,-3.4,0.9,-6.2
2024-12-19,10627826.0,True,-1.4,4.9,-6.7
2024-12-20,10006609.0,True,1.4,5.3,-2.1
2024-12-21,9930834.0,True,-0.7,1.9,-4.7
2024-12-22,10426834.0,True,-3.4,1.0,-7.7
2024-12-23,10212375.0,True,0.3,6.7,-5.0
2024-12-24,10080502.0,True,-0.4,5.1,-4.3
2024-12-25,9068772.0,True,2.7,6.5,-1.1
2024-12-26,9734814.0,True,0.1,4.2,-4.8
2024-12-27,10501975.0,True,-2.6,1.8,-5.9
2024-12-28,10301446.0,True,-3.0,1.1,-6.7
2024-12-29,9412132.0,True,1.1,6.1,-4.2
2024-12-30,8820635.0,True,5.5,10.1,1.9
2024-12-31,9269444.0,True,0.6,4.9,-2.0
2025-01-01,8582905.0,True,2.6,8.9,-2.5
2025-01-02,9331068.0,True,0.5,6.0,-2.9
2025-01-03,9880833.0,True,-1.1,3.2,-5.1
2025-01-04,9418259.0,True,-0.1,5.7,-5.4
2025-01-05,9170195.0,True,1.2,2.5,-0.7
2025-01-06,9648684.0,True,1.0,3.4,-3.0
2025-01-07,10443309.0,True,-2.6,1.5,-5.7
2025-01-08,11041672.0,True,-3.4,0.2,-6.1
2025-01-09,13001313.0,True,-9.7,-6.1,-11.6
2025-01-10,12596422.0,True,-7.3,-1.7,-12.2
2025-01-11,11568243.0,True,-5.1,0.4,-9.5
2025-01-12,11127783.0,True,-3.4,2.5,-8.2
2025-01-13,10913755.0,True,-0.4,4.1,-5.6
2025-01-14,9829681.0,True,2.3,5.2,-1.7
2025-01-15,10849874.0,True,-3.5,-0.5,-5.3
2025-01-16,10540931.0,True,-0.5,2.8,-4.9
2025-01-17,10087771.0,True,-0.5,5.6,-4.9
2025-01-18,9386331.0,True,1.0,7.5,-4.0
2025-01-19,8687798.0,True,3.8,9.0,-1.2
2025-01-20,8668768.0,True,3.9,7.5,0.9
2025-01-21,8862413.0,True,2.4,6.3,-1.0
2025-01-22,8500721.0,True,3.6,7.7,0.5
2025-01-23,8721718.0,True,2.0,7.7,-2.4
2025-01-24,8603592.0,True,3.1,10.6,-2.7
2025-01-25,7906444.0,True,5.2,11.4,1.2
2025-01-26,7713318.0,True,4.6,7.5,1.8
2025-01-27,8544366.0,True,0.2,5.1,-2.7
2025-01-28,9739471.0,True,-3.9,-2.5,-5.3
2025-01-29,9816105.0,True,-4.6,-1.3,-6.4
2025-01-30,10456883.0,True,-3.8,-1.0,-7.5
2025-01-31,10676653.0,True,-0.8,0.7,-2.6
2025-02-01,9553349.0,True,1.6,7.9,-2.0
2025-02-02,9303363.0,True,1.5,6.8,-2.5
2025-02-03,10955161.0,True,-4.1,0.6,-8.2
2025-02-04,12399892.0,True,-9.0,-5.3,-11.5
2025-02-05,12828226.0,True,-8.6,-3.7,-11.8
2025-02-06,12292299.0,True,-5.6,-0.2,-11.5
2025-02-07,12730538.0,True,-8.0,-4.7,-10.7
2025-02-08,12515299.0,True,-7.9,-3.4,-11.5
2025-02-09,11586104.0,True,-4.7,1.7,-9.6
2025-02-10,11362254.0,True,-2.6,2.6,-7.5
2025-02-11,10382779.0,True,0.5,7.0,-5.7
2025-02-12,10260071.0,True,0.5,2.5,-2.9
2025-02-13,9991288.0,True,0.2,6.1,-5.8
2025-02-14,8855093.0,True,3.7,10.1,-1.6
2025-02-15,8371291.0,True,4.1,7.8,0.4
2025-02-16,8084552.0,True,4.3,9.7,0.4
2025-02-17,9403912.0,True,-0.3,3.5,-3.4
2025-02-18,10019345.0,True,-2.3,2.6,-5.2
2025-02-19,10373904.0,True,-3.0,1.2,-5.8
2025-02-20,10437628.0,True,-2.9,1.9,-6.5
2025-02-21,10478924.0,True,-2.5,2.6,-6.4
2025-02-22,10009715.0,True,-2.3,2.7,-5.6
2025-02-23,10256667.0,True,-3.6,0.5,-6.5
2025-02-24,10193711.0,True,-1.3,4.7,-6.3
2025-02-25,9496745.0,True,2.1,6.1,-3.1
2025-02-26,8583096.0,True,3.7,9.1,0.7
2025-02-27,8038815.0,True,5.8,14.2,-2.0
2025-02-28,7262886.0,True,7.8,13.7,3.7
2025-03-01,6737230.0,True,8.5,13.0,3.4
2025-03-02,6593094.0,True,8.3,15.6,2.2
2025-03-03,7737374.0,True,3.1,7.1,1.0
2025-03-04,8721940.0,True,2.5,3.4,0.9
2025-03-05,8050838.0,True,4.8,9.2,2.3
2025-03-06,7725906.0,True,4.8,10.4,-0.4
2025-03-07,7512624.0,True,5.3,11.1,0.0
2025-03-08,6914661.0,True,5.8,11.2,2.8
2025-03-09,6582719.0,True,6.9,13.5,1.2
2025-03-10,6586298.0,True,8.0,14.9,2.4
2025-03-11,6063765.0,True,9.4,16.6,2.9
2025-03-12,6170738.0,True,8.5,11.8,6.7
2025-03-13,5948025.0,True,8.9,15.0,3.2
2025-03-14,5442380.0,True,12.4,20.1,5.0
2025-03-15,5048071.0,True,12.6,17.2,10.0
2025-03-16,6131392.0,True,4.9,10.1,1.3
2025-03-17,7315922.0,True,2.5,6.8,-1.3
2025-03-18,7809632.0,True,2.1,5.6,0.3
2025-03-19,7598287.0,True,2.4,7.3,-1.9
2025-03-20,6588529.0,True,8.2,15.0,2.2
2025-03-21,5531346.0,True,11.6,18.7,7.9
2025-03-22,4750955.0,True,12.8,19.9,6.1
2025-03-23,4216444.0,True,15.2,24.0,7.1
2025-03-24,4087964.0,True,15.5,21.3,11.7
2025-03-25,4184274.0,True,12.7,21.4,8.4
2025-03-26,4094329.0,True,15.5,23.9,6.0
2025-03-27,4093520.0,True,13.7,18.6,7.1
2025-03-28,5158332.0,True,6.5,11.8,3.1
2025-03-29,6096644.0,True,3.3,6.7,0.6
2025-03-30,6504171.0,True,3.3,7.6,-1.8
2025-03-31,6072431.0,True,7.7,14.1,1.2
2025-04-01,5433850.0,True,10.1,17.0,3.9
2025-04-02,5577329.0,True,8.9,14.4,5.2
2025-04-03,5247331.0,True,9.8,16.9,3.6
2025-04-04,5000974.0,True,10.6,16.4,6.0
2025-04-05,5436467.0,True,8.0,9.5,7.5
2025-04-06,4976574.0,True,10.3,15.7,6.9
2025-04-07,4717193.0,True,13.5,20.1,5.5
2025-04-08,4269119.0,True,13.8,18.9,10.7
2025-04-09,4374175.0,True,12.7,18.0,8.4
2025-04-10,4121061.0,True,13.2,19.1,8.8
2025-04-11,3733359.0,True,16.2,24.2,8.1
2025-04-12,3955507.0,True,12.9,22.5,1.4
2025-04-13,5233155.0,True,5.5,8.2,1.1
2025-04-14,6093912.0,True,4.4,6.0,2.6
2025-04-15,5457922.0,True,8.2,14.0,2.3
2025-04-16,4559931.0,True,14.6,21.9,6.4
2025-04-17,3714671.0,True,19.7,24.7,15.8
2025-04-18,3383783.0,True,18.6,23.7,15.4
2025-04-19,3447785.0,True,15.3,20.0,12.2
2025-04-20,3171202.0,True,16.7,24.1,9.5
2025-04-21,3024896.0,True,20.7,27.1,14.2
2025-04-22,3098334.0,True,17.8,20.4,14.2
2025-04-23,3048375.0,True,16.8,22.9,10.9
2025-04-24,3168749.0,True,14.7,19.6,10.7
2025-04-25,3435315.0,True,12.5,17.8,7.7
2025-04-26,3268004.0,True,13.8,20.0,7.2
2025-04-27,3102884.0,True,14.9,19.1,10.7
2025-04-28,3232185.0,True,15.1,20.2,10.3
2025-04-29,3274297.0,True,14.8,21.0,8.2
2025-04-30,3029973.0,True,18.4,25.8,10.0
2025-05-01,3083947.0,True,14.7,17.6,11.3
2025-05-02,3191793.0,True,13.4,18.5,8.2
2025-05-03,3408459.0,True,11.2,14.0,9.5
2025-05-04,3095619.0,True,13.7,19.9,8.2
2025-05-05,3312356.0,True,12.1,15.0,9.3
2025-05-06,3287153.0,True,14.4,19.5,8.5
2025-05-07,3285191.0,True,14.9,21.1,9.9
2025-05-08,3174913.0,True,17.4,24.9,9.7
2025-05-09,3343336.0,True,15.1,17.4,14.1
2025-05-10,3507062.0,True,12.3,15.3,11.6
2025-05-11,3154234.0,True,14.7,20.2,11.4
2025-05-12,3121636.0,True,17.0,23.6,9.8
2025-05-13,2915230.0,True,19.9,25.8,13.3
2025-05-14,2799316.0,True,21.0,26.7,14.1
2025-05-15,2752150.0,True,19.5,22.2,16.8
2025-05-16,2767710.0,True,19.4,22.0,17.8
2025-05-17,2562413.0,True,18.3,24.3,14.7
2025-05-18,2520672.0,True,15.6,21.0,11.4
2025-05-19,2847127.0,True,16.1,20.9,10.5
2025-05-20,2804811.0,True,22.2,27.3,17.4
2025-05-21,2742353.0,True,25.5,30.8,22.3
2025-05-22,2576371.0,True,23.9,28.5,20.0
2025-05-23,2529879.0,True,19.4,22.2,15.4
2025-05-24,2434245.0,True,15.6,19.3,13.0
2025-05-25,2353660.0,True,17.4,22.6,11.7
2025-05-26,2574729.0,True,19.7,26.2,13.0
2025-05-27,2566201.0,True,20.8,27.0,14.7
2025-05-28,2513161.0,True,20.8,26.9,16.3
2025-05-29,2503208.0,True,21.2,27.3,15.3
2025-05-30,2473868.0,True,22.2,28.3,16.7
2025-05-31,2192577.0,True,21.5,27.0,16.4
2025-06-01,2088510.0,True,22.6,29.3,17.0
2025-06-02,2338990.0,True,21.0,23.1,19.2
2025-06-03,2136678.0,True,20.9,25.3,17.0
2025-06-04,2426536.0,True,20.5,25.3,15.2
2025-06-05,2423266.0,True,21.7,27.1,15.6
2025-06-06,2081028.0,True,24.1,30.0,17.7
2025-06-07,2113557.0,True,23.7,28.2,19.8
2025-06-08,2033238.0,True,25.1,30.4,21.4
2025-06-09,2404597.0,True,24.2,30.2,20.6
2025-06-10,2413680.0,True,21.7,25.3,18.8
2025-06-11,2406463.0,True,22.7,28.5,15.9
2025-06-12,2421155.0,True,25.5,33.1,17.9
2025-06-13,2411283.0,True,24.0,29.4,20.1
2025-06-14,2090814.0,True,25.6,32.1,20.3
2025-06-15,2003845.0,True,26.3,33.2,21.7
2025-06-16,2388180.0,True,23.0,25.1,21.8
2025-06-17,2373741.0,True,24.8,29.6,21.1
2025-06-18,2373332.0,True,25.5,30.9,21.2
2025-06-19,2382180.0,True,28.1,34.2,21.1
2025-06-20,2432630.0,True,24.1,28.3,22.2
2025-06-21,2050101.0,True,22.0,24.2,20.5
2025-06-22,1940474.0,True,23.3,28.6,18.1
2025-06-23,2321648.0,True,26.1,31.7,19.4
2025-06-24,2334200.0,True,25.0,28.0,20.5
2025-06-25,2347021.0,True,20.9,22.1,19.5
2025-06-26,2335982.0,True,22.2,24.2,19.9
2025-06-27,2334395.0,True,25.0,29.3,21.1
2025-06-28,2075736.0,True,26.2,28.1,24.5
2025-06-29,1959088.0,True,27.1,30.2,24.9
2025-06-30,2364101.0,True,28.2,31.2,25.6
2025-07-01,2433851.0,True,28.6,31.8,26.2
2025-07-02,2438458.0,True,28.6,30.9,26.8
2025-07-03,2389910.0,True,28.3,32.0,26.5
2025-07-04,2343542.0,True,27.2,30.0,25.7
2025-07-05,1975698.0,True,28.4,32.3,26.0
2025-07-06,1887136.0,True,29.1,32.8,26.3
2025-07-07,2351435.0,True,29.1,33.2,26.7
2025-07-08,2412805.0,True,31.3,37.8,26.9
2025-07-09,2373725.0,True,31.9,36.0,27.4
2025-07-10,2304303.0,True,31.4,36.2,27.3
2025-07-11,2261754.0,True,30.2,36.1,24.6
2025-07-12,1879977.0,True,30.3,36.5,24.4
2025-07-13,1796683.0,True,27.7,31.0,25.6
2025-07-14,2209480.0,True,24.2,28.1,21.7
2025-07-15,2215775.0,True,23.6,25.9,21.5
2025-07-16,2245275.0,True,23.3,24.8,22.2
2025-07-17,2298488.0,True,23.3,24.4,22.0
2025-07-18,2317118.0,True,24.7,27.2,22.9
2025-07-19,2070589.0,True,23.9,25.8,21.9
2025-07-20,2014383.0,True,27.7,31.3,25.0
2025-07-21,2374041.0,True,28.5,31.6,25.6
2025-07-22,2411848.0,True,28.8,32.2,26.6
2025-07-23,2404660.0,True,28.9,33.3,25.5
2025-07-24,2367148.0,True,29.8,34.1,25.8
2025-07-25,2324349.0,True,31.1,36.3,25.6
2025-07-26,1954680.0,True,32.3,37.1,27.6
2025-07-27,1822936.0,True,32.8,38.0,28.3
2025-07-28,2278798.0,True,32.2,36.4,28.8
2025-07-29,2224907.0,True,32.0,36.7,27.6
2025-07-30,2216450.0,True,32.1,36.3,28.3
2025-07-31,2139143.0,True,30.9,34.6,29.3
2025-08-01,2143701.0,True,31.0,35.1,27.8
2025-08-02,1808285.0,True,31.2,36.2,27.3
2025-08-03,1699516.0,True,28.8,32.5,24.0
2025-08-04,2116179.0,True,28.1,33.9,23.7
2025-08-05,2138578.0,True,29.1,33.5,25.4
2025-08-06,2185639.0,True,27.1,29.3,25.8
2025-08-07,2143053.0,True,28.2,32.3,25.4
2025-08-08,2142548.0,True,26.6,30.2,23.9
2025-08-09,1823470.0,True,24.9,26.4,23.1
2025-08-10,1688474.0,True,27.3,33.2,21.0
2025-08-11,2101451.0,True,27.0,29.5,25.0
2025-08-12,2111926.0,True,28.6,34.1,23.3
2025-08-13,2184861.0,True,25.1,27.1,22.0
2025-08-14,2178900.0,True,25.5,26.9,24.2
2025-08-15,1843220.0,True,27.1,30.9,24.4
2025-08-16,1868065.0,True,28.2,32.2,25.5
2025-08-17,1867812.0,True,28.4,32.0,26.1
2025-08-18,2267404.0,True,28.9,32.9,27.0
2025-08-19,2265255.0,True,29.1,32.3,26.9
2025-08-20,2310223.0,True,29.4,32.8,26.9
2025-08-21,2338435.0,True,29.8,34.3,27.4
2025-08-22,2325478.0,True,29.4,33.5,26.1
2025-08-23,1935391.0,True,29.3,32.2,27.4
2025-08-24,1795717.0,True,30.2,34.7,26.9
2025-08-25,2326925.0,True,28.7,32.2,26.3
2025-08-26,2336931.0,True,27.6,31.8,25.5
2025-08-27,2280761.0,True,26.7,30.8,23.6
2025-08-28,2286122.0,True,28.3,31.0,24.7
2025-08-29,2367459.0,True,29.0,32.8,27.3
2025-08-30,1952409.0,True,28.4,31.8,25.8
2025-08-31,1821391.0,True,28.5,31.8,25.1
2025-09-01,2268402.0,True,26.1,28.2,24.4
2025-09-02,2212956.0,True,26.0,30.6,22.0
2025-09-03,2224850.0,True,27.6,32.1,22.6
2025-09-04,2234975.0,True,25.8,29.8,22.8
2025-09-05,2253891.0,True,27.9,33.0,23.5
2025-09-06,1953298.0,True,26.8,30.4,25.4
2025-09-07,1809297.0,True,25.3,28.3,22.3
2025-09-08,2205917.0,True,24.4,29.5,20.6
2025-09-09,2215636.0,True,23.7,26.9,21.4
2025-09-10,2208603.0,True,24.8,31.5,18.4
2025-09-11,2224163.0,True,25.8,31.7,19.9
2025-09-12,2218945.0,True,23.9,26.3,21.1
2025-09-13,1946919.0,True,23.3,27.6,20.4
2025-09-14,1836115.0,True,24.8,29.3,21.5
2025-09-15,2230934.0,True,25.7,30.7,20.8
2025-09-16,2264416.0,True,23.7,27.1,22.2
2025-09-17,2264497.0,True,22.7,24.0,21.2
2025-09-18,2213069.0,True,22.1,26.0,19.6
2025-09-19,2204015.0,True,19.4,21.4,17.9
2025-09-20,1986282.0,True,20.0,23.6,17.5
2025-09-21,1881092.0,True,21.6,27.3,17.2
2025-09-22,2211032.0,True,21.3,25.1,17.6
2025-09-23,2282138.0,True,22.7,26.8,19.2
2025-09-24,2353827.0,True,22.0,23.7,20.4
2025-09-25,2308106.0,True,22.5,26.4,20.2
2025-09-26,2304573.0,True,21.7,27.1,17.8
2025-09-27,2050569.0,True,22.5,27.2,17.6
2025-09-28,1987848.0,True,20.0,21.9,18.4
2025-09-29,2264098.0,True,19.6,23.9,16.6
2025-09-30,2290578.0,True,19.8,24.0,17.3
2025-10-01,2287643.0,True,20.5,25.6,16.7
2025-10-02,2299165.0,True,21.4,25.8,17.3
2025-10-03,1999989.0,True,21.2,22.3,19.8
2025-10-04,1943600.0,True,22.5,25.0,20.9
2025-10-05,1861215.0,True,21.4,22.3,20.6
2025-10-06,1811501.0,True,17.6,20.7,15.4
2025-10-07,1900422.0,True,18.2,20.0,15.5
2025-10-08,1922461.0,True,21.9,28.0,17.2
2025-10-09,2010101.0,True,20.0,22.6,16.9
2025-10-10,2377536.0,True,17.0,17.7,16.0
2025-10-11,2277629.0,True,20.3,23.8,17.3
2025-10-12,2228077.0,True,19.0,21.4,17.6
2025-10-13,2717875.0,True,15.7,18.3,13.9
2025-10-14,2659110.0,True,17.9,20.9,14.4
2025-10-15,2592242.0,True,20.2,25.3,16.1
2025-10-16,2548802.0,True,20.2,24.8,17.0
2025-10-17,2546339.0,True,19.9,24.8,15.6
2025-10-18,2594158.0,True,15.8,18.6,14.2
2025-10-19,2805680.0,True,14.5,19.2,8.9
2025-10-20,3670243.0,True,10.0,16.5,5.3
2025-10-21,4010512.0,True,9.2,14.1,4.8
2025-10-22,3788216.0,True,13.1,18.6,6.6
2025-10-23,3421362.0,True,14.9,19.6,11.8
2025-10-24,3318027.0,True,15.8,21.5,11.3
2025-10-25,3221636.0,True,14.4,17.7,12.6
2025-10-26,3610718.0,True,12.2,13.9,10.6
2025-10-27,4708806.0,True,8.1,12.2,3.7
2025-10-28,4861943.0,True,8.5,14.4,3.0
2025-10-29,4504202.0,True,11.4,18.3,6.2
2025-10-30,4227627.0,True,12.8,18.2,7.7
2025-10-31,3883308.0,True,15.1,20.7,11.3
2025-11-01,3889788.0,True,12.9,17.7,10.5
2025-11-02,4819535.0,True,8.0,11.7,3.7
2025-11-03,5486042.0,True,7.2,14.7,0.5
2025-11-04,5030381.0,True,10.2,16.3,5.5
2025-11-05,4820552.0,True,11.6,19.0,5.7
2025-11-06,4469437.0,True,12.5,18.8,7.3
2025-11-07,4189390.0,True,13.9,19.9,8.3
2025-11-08,3887901.0,True,14.5,17.0,12.3
2025-11-09,3865733.0,True,13.5,17.6,10.4
2025-11-10,4955894.0,True,8.3,12.7,5.4
2025-11-11,5073784.0,True,8.9,15.1,3.9
2025-11-12,4855215.0,True,10.8,17.7,6.0
2025-11-13,4787302.0,True,11.1,17.6,6.7
2025-11-14,5084481.0,True,9.1,15.1,4.5
2025-11-15,5014483.0,True,9.8,17.5,3.6
2025-11-16,4824888.0,True,11.6,18.7,5.5
2025-11-17,6768634.0,True,3.2,9.7,-0.7
2025-11-18,7546934.0,True,1.6,6.5,-2.0
2025-11-19,7529611.0,True,3.0,8.6,-1.6
2025-11-20,6905553.0,True,7.4,14.6,1.6
2025-11-21,6760297.0,True,7.4,12.5,1.0
2025-11-22,5815553.0,True,9.6,15.1,5.4
2025-11-23,5512906.0,True,10.9,14.4,6.6
2025-11-24,5190816.0,True,12.4,16.8,9.6
2025-11-25,6174751.0,True,7.4,9.6,5.3
2025-11-26,6409833.0,True,6.4,10.9,3.5
2025-11-27,7091624.0,True,5.1,8.7,2.5
2025-11-28,7637261.0,True,2.3,7.0,-1.3
2025-11-29,7099015.0,True,5.7,9.3,0.3
2025-11-30,5555599.0,True,12.4,16.1,9.1
2025-12-01,6716807.0,True,5.5,12.2,2.3
2025-12-02,8493084.0,True,0.1,3.3,-5.4
2025-12-03,10822781.0,True,-5.9,-2.8,-8.1
2025-12-04,10866133.0,True,-3.2,3.5,-9.4
2025-12-05,10260759.0,True,-2.6,2.5,-6.9
2025-12-06,8952157.0,True,2.1,4.5,-2.0
2025-12-07,7449385.0,True,8.3,13.4,3.4
2025-12-08,8204692.0,True,3.4,7.3,0.8
2025-12-09,8400228.0,True,2.8,8.7,-2.4
2025-12-10,7968168.0,True,4.9,8.6,0.7
2025-12-11,8041429.0,True,4.0,8.4,-1.8
2025-12-12,8696586.0,True,2.0,7.0,-3.6
2025-12-13,8325883.0,True,2.6,4.5,-0.8
2025-12-14,8646001.0,True,-0.1,3.1,-1.5
2025-12-15,9154142.0,True,0.7,4.5,-3.5
2025-12-16,8596448.0,True,3.8,5.0,2.1
2025-12-17,8159885.0,True,4.2,7.6,1.2
2025-12-18,8458564.0,True,2.3,8.5,-1.9
2025-12-19,8670259.0,True,4.9,9.9,-0.7
2025-12-20,7400465.0,True,7.3,10.7,1.0
2025-12-21,8730717.0,True,-1.1,2.5,-3.4
2025-12-22,9481379.0,True,-0.7,5.1,-5.9
2025-12-23,9249781.0,True,2.6,4.3,0.1
2025-12-24,8821612.0,True,2.8,6.3,-1.0
2025-12-25,10061358.0,True,-3.6,0.0,-8.9
2025-12-26,12386255.0,True,-8.2,-4.0,-11.8
2025-12-27,11072411.0,True,-2.6,0.5,-8.3
2025-12-28,9507742.0,True,3.2,6.1,0.0
2025-12-29,8704075.0,True,4.9,9.1,-0.1
2025-12-30,9599678.0,True,-0.5,3.8,-3.7
2025-12-31,11070064.0,True,-5.6,-1.2,-8.9
