date,target,target_observed,temp_avg,temp_max,temp_min
2010-01-01,12504990,True,-7.6,-3.6,-12.7
2010-01-02,11738670,True,-3.6,0.2,-7.4
2010-01-03,12338670,True,-6.8,-3.2,-10.5
2010-01-04,12933770,True,-5.9,-3.4,-8.0
2010-01-05,13258090,True,-9.9,-7.0,-12.3
2010-01-06,13917780,True,-11.2,-8.1,-13.3
2010-01-07,14036170,True,-10.1,-5.5,-13.6
2010-01-08,13545770,True,-8.0,-3.3,-11.8
2010-01-09,12729510,True,-5.1,-1.9,-8.7
2010-01-10,11828590,True,-3.4,-0.3,-5.3
2010-01-11,12547080,True,-5.2,-1.3,-8.3
2010-01-12,13497150,True,-10.3,-7.3,-12.9
2010-01-13,14618920,True,-13.2,-10.7,-15.3
2010-01-14,14212310,True,-9.1,-4.1,-14.4
2010-01-15,12940790,True,-5.0,-0.6,-7.5
2010-01-16,12473800,True,-6.4,-2.1,-10.1
2010-01-17,11826400,True,-4.0,1.4,-9.0
2010-01-18,11482960,True,-0.5,1.9,-3.9
2010-01-19,10331270,True,2.7,6.8,-1.6
2010-01-20,9361970,True,5.8,8.4,2.4
2010-01-21,10817660,True,-4.1,2.4,-8.0
2010-01-22,12032100,True,-7.0,-3.4,-9.6
2010-01-23,11603700,True,-5.3,-0.9,-9.1
2010-01-24,10522970,True,0.3,3.8,-4.5
2010-01-25,11083280,True,-3.0,2.6,-8.5
2010-01-26,11504200,True,-4.1,1.1,-9.5
2010-01-27,10835390,True,-0.2,3.1,-4.0
2010-01-28,10334710,True,-0.4,2.7,-5.0
2010-01-29,10939340,True,-2.1,1.4,-7.3
2010-01-30,9913630,True,1.5,5.0,-1.7
2010-01-31,9535850,True,1.8,4.3,-0.5
2010-02-01,9971330,True,0.8,5.1,-2.6
2010-02-02,11675260,True,-6.2,-2.6,-9.1
2010-02-03,12537620,True,-8.0,-5.0,-10.8
2010-02-04,11897530,True,-4.3,-0.6,-8.3
2010-02-05,11863070,True,-5.5,-1.9,-7.9
2010-02-06,11531470,True,-4.7,0.9,-9.6
2010-02-07,10582020,True,0.7,5.6,-6.3
2010-02-08,9905480,True,4.0,5.7,3.0
2010-02-09,9482220,True,3.7,4.4,2.9
2010-02-10,9111830,True,3.9,5.0,3.1
2010-02-11,9728630,True,0.6,3.5,-0.8
2010-02-12,9856370,True,-0.3,1.1,-1.8
2010-02-13,9295520,True,-2.3,-0.3,-3.3
2010-02-14,8747740,True,-2.2,1.2,-5.0
2010-02-15,9720020,True,-3.1,-0.3,-6.0
2010-02-16,11169690,True,-4.5,-0.4,-8.0
2010-02-17,11211790,True,-3.2,0.3,-7.2
2010-02-18,10837580,True,-2.9,-1.0,-4.4
2010-02-19,10151730,True,-1.0,2.5,-4.7
2010-02-20,8966220,True,3.0,8.1,-1.6
2010-02-21,8226610,True,4.8,9.6,0.0
2010-02-22,7813850,True,6.5,11.0,3.5
2010-02-23,7317960,True,8.2,16.2,1.6
2010-02-24,6446870,True,12.2,17.9,5.5
2010-02-25,5927440,True,12.0,14.8,9.8
2010-02-26,5486020,True,12.0,17.2,9.0
2010-02-27,5839270,True,8.6,11.0,6.0
2010-02-28,6001590,True,6.8,9.1,5.4
2010-03-01,7491090,True,2.9,6.3,1.1
2010-03-02,8190480,True,2.7,4.8,0.6
2010-03-03,8016020,True,4.4,10.2,-1.5
2010-03-04,7869890,True,5.5,6.3,4.5
2010-03-05,7336280,True,6.4,9.5,3.9
2010-03-06,7175370,True,6.0,10.7,2.0
2010-03-07,7276960,True,4.9,7.8,2.6
2010-03-08,7833170,True,4.1,7.7,1.0
2010-03-09,8366800,True,1.5,5.7,-3.9
2010-03-10,9357910,True,-1.4,0.5,-4.0
2010-03-11,8697730,True,2.3,6.0,-2.7
2010-03-12,8080220,True,5.8,10.0,0.9
2010-03-13,8009620,True,2.4,7.9,-1.9
2010-03-14,7559080,True,7.2,12.6,1.2
2010-03-15,7160230,True,7.9,11.1,2.8
2010-03-16,8335200,True,0.7,3.9,-1.0
2010-03-17,8772890,True,-0.1,3.1,-1.9
2010-03-18,8674170,True,0.5,4.6,-1.7
2010-03-19,8136640,True,4.5,8.9,-1.7
2010-03-20,7375200,True,6.8,11.3,1.1
2010-03-21,7687930,True,2.7,7.2,1.8
2010-03-22,8272240,True,2.1,5.0,-0.1
2010-03-23,7540480,True,5.9,10.3,0.7
2010-03-24,6794670,True,8.7,13.8,4.3
2010-03-25,7297150,True,5.0,9.5,0.1
2010-03-26,8170670,True,2.0,4.7,-2.9
2010-03-27,7441260,True,5.4,7.2,4.0
2010-03-28,7224420,True,4.1,9.2,-0.1
2010-03-29,7163160,True,5.8,11.3,0.6
2010-03-30,6675320,True,8.3,14.2,3.3
2010-03-31,6663120,True,7.3,8.7,5.9
2010-04-01,6583100,True,7.0,9.9,3.6
2010-04-02,6781510,True,5.5,10.3,1.3
2010-04-03,6691930,True,5.0,9.5,1.1
2010-04-04,6312920,True,7.7,14.5,2.3
2010-04-05,5856420,True,10.4,14.8,4.8
2010-04-06,5959330,True,8.5,11.7,4.8
2010-04-07,6109290,True,7.3,12.6,2.3
2010-04-08,5846360,True,9.1,15.5,3.3
2010-04-09,5303120,True,11.4,17.4,5.4
2010-04-10,5244880,True,10.7,13.5,8.8
2010-04-11,4899050,True,13.6,14.1,6.7
2010-04-12,4826540,True,13.2,18.5,9.6
2010-04-13,6300650,True,4.4,9.6,2.4
2010-04-14,6977560,True,4.0,6.4,1.2
2010-04-15,6425260,True,7.0,12.6,1.6
2010-04-16,5946160,True,8.0,13.6,4.0
2010-04-17,5852780,True,7.6,12.0,4.0
2010-04-18,5441320,True,12.0,17.0,6.2
2010-04-19,4884620,True,14.7,17.4,12.7
2010-04-20,4229020,True,16.8,20.7,13.3
2010-04-21,4276320,True,14.1,18.5,10.7
2010-04-22,4667440,True,10.7,12.7,9.1
2010-04-23,4826660,True,9.3,14.3,6.6
2010-04-24,4708720,True,11.1,16.8,5.4
2010-04-25,4356480,True,13.6,19.4,6.9
2010-04-26,4599600,True,12.4,17.8,10.2
2010-04-27,5565920,True,7.5,10.9,5.1
2010-04-28,6503320,True,5.0,7.8,3.3
2010-04-29,5869320,True,8.5,12.4,3.4
2010-04-30,5367520,True,9.6,13.2,7.0
2010-05-01,4855120,True,12.3,17.5,5.8
2010-05-02,4009040,True,17.2,23.3,9.9
2010-05-03,3692900,True,18.2,19.5,16.5
2010-05-04,3194490,True,20.2,25.3,18.2
2010-05-05,2896330,True,20.6,25.2,15.4
2010-05-06,3454380,True,13.4,19.8,10.4
2010-05-07,3460020,True,14.6,20.6,9.6
2010-05-08,3169220,True,16.7,23.0,12.1
2010-05-09,2877200,True,19.0,25.2,13.4
2010-05-10,2997760,True,16.1,20.9,12.7
2010-05-11,3338840,True,12.9,17.0,10.5
2010-05-12,3372020,True,13.8,19.6,8.7
2010-05-13,3205360,True,16.0,21.9,10.2
2010-05-14,3021080,True,18.0,23.7,12.1
2010-05-15,2893600,True,17.0,21.9,12.9
2010-05-16,2732000,True,18.2,25.1,12.6
2010-05-17,2706720,True,20.3,27.0,14.4
2010-05-18,2972280,True,17.3,19.4,15.0
2010-05-19,2782860,True,17.1,20.9,14.5
2010-05-20,2643100,True,19.5,25.4,13.6
2010-05-21,2325240,True,22.1,28.6,14.9
2010-05-22,2283740,True,20.1,25.5,15.7
2010-05-23,2681080,True,16.1,18.1,14.6
2010-05-24,3188840,True,13.1,15.8,12.2
2010-05-25,3096880,True,14.9,18.8,12.1
2010-05-26,2879660,True,17.4,21.7,14.0
2010-05-27,2827220,True,17.4,24.0,11.5
2010-05-28,2758020,True,17.3,20.4,14.5
2010-05-29,2590140,True,18.7,23.3,14.6
2010-05-30,2433680,True,18.9,23.4,15.0
2010-05-31,2619340,True,17.3,20.0,14.3
2010-06-01,2606500,True,19.1,26.2,12.1
2010-06-02,2401560,True,21.0,26.6,14.8
2010-06-03,2432140,True,21.1,26.5,16.2
2010-06-04,2455320,True,22.3,27.9,16.6
2010-06-05,2196760,True,23.3,28.4,17.9
2010-06-06,2021320,True,24.9,30.9,19.0
2010-06-07,2348940,True,25.4,31.4,20.9
2010-06-08,2347520,True,25.7,31.8,19.3
2010-06-09,2357280,True,26.0,30.6,20.5
2010-06-10,2357180,True,26.5,32.7,21.7
2010-06-11,2298020,True,25.6,31.2,21.6
2010-06-12,2095860,True,17.9,22.0,16.9
2010-06-13,2006840,True,22.0,27.2,17.5
2010-06-14,2326360,True,22.8,26.4,20.0
2010-06-15,2370080,True,24.4,29.7,20.7
2010-06-16,2301600,True,22.3,25.6,20.2
2010-06-17,2318980,True,24.0,27.6,20.9
2010-06-18,2360680,True,25.9,31.1,22.8
2010-06-19,2087020,True,23.0,25.8,21.5
2010-06-20,1911300,True,23.0,27.0,20.8
2010-06-21,2252780,True,22.2,27.8,18.1
2010-06-22,2252100,True,21.6,25.2,18.4
2010-06-23,2254880,True,23.0,28.6,16.7
2010-06-24,2291960,True,24.4,30.8,18.5
2010-06-25,2267440,True,26.7,32.5,20.3
2010-06-26,1987960,True,24.8,27.2,21.4
2010-06-27,1868960,True,21.8,23.3,20.9
2010-06-28,2260540,True,24.6,30.5,19.7
2010-06-29,2271900,True,23.9,27.2,21.4
2010-06-30,2261220,True,22.8,24.8,20.6
2010-07-01,2325700,True,26.1,30.7,21.9
2010-07-02,2439680,True,24.9,25.9,23.8
2010-07-03,2091860,True,24.1,25.7,22.5
2010-07-04,1856860,True,26.5,29.9,23.4
2010-07-05,2260120,True,26.1,30.8,23.1
2010-07-06,2232680,True,26.0,31.6,21.7
2010-07-07,2217760,True,25.6,29.6,22.4
2010-07-08,2190000,True,24.7,29.6,21.9
2010-07-09,2163900,True,24.9,29.8,21.2
2010-07-10,1882460,True,25.6,29.2,21.7
2010-07-11,1717880,True,23.8,26.5,22.2
2010-07-12,2142900,True,25.1,28.6,21.0
2010-07-13,2200740,True,26.1,31.3,22.0
2010-07-14,2208000,True,24.8,27.7,21.8
2010-07-15,2189160,True,26.0,30.0,22.7
2010-07-16,2229000,True,23.7,27.7,21.6
2010-07-17,2028760,True,23.2,24.2,22.1
2010-07-18,1825760,True,25.9,29.1,23.1
2010-07-19,2249866,True,26.7,30.1,25.0
2010-07-20,2239720,True,28.2,32.3,24.1
2010-07-21,2226240,True,27.8,29.7,26.3
2010-07-22,2216100,True,27.1,29.6,25.9
2010-07-23,2175640,True,24.4,25.9,23.0
2010-07-24,1905460,True,25.6,29.3,23.6
2010-07-25,1751700,True,26.0,30.0,23.5
2010-07-26,2162700,True,25.4,28.6,23.0
2010-07-27,2153340,True,26.9,30.8,24.4
2010-07-28,2153020,True,27.0,31.2,23.7
2010-07-29,2165800,True,26.8,30.6,24.7
2010-07-30,2091900,True,27.0,30.8,25.1
2010-07-31,1772100,True,27.0,30.1,24.9
2010-08-01,1619600,True,27.5,31.0,26.1
2010-08-02,2013800,True,27.3,31.8,25.4
2010-08-03,1981500,True,27.6,32.1,24.0
2010-08-04,2076100,True,28.1,31.9,25.8
2010-08-05,2120100,True,29.2,33.8,26.0
2010-08-06,2138600,True,28.3,31.0,26.3
2010-08-07,1815300,True,26.2,28.2,24.3
2010-08-08,1654500,True,27.3,31.6,24.0
2010-08-09,2074300,True,28.6,33.3,24.1
2010-08-10,2104700,True,26.5,29.8,24.9
2010-08-11,2133400,True,28.2,32.7,25.0
2010-08-12,2038300,True,23.7,26.7,21.7
2010-08-13,2131300,True,26.0,29.6,21.5
2010-08-14,1868500,True,26.9,29.1,25.3
2010-08-15,1691600,True,26.6,30.2,24.6
2010-08-16,2071100,True,24.8,26.7,22.8
2010-08-17,2077800,True,26.3,31.8,21.0
2010-08-18,2174000,True,26.0,31.2,22.2
2010-08-19,2191210,True,28.5,32.9,24.7
2010-08-20,2159770,True,28.6,32.2,25.5
2010-08-21,1904820,True,28.6,32.1,25.1
2010-08-22,1729300,True,28.7,32.5,25.4
2010-08-23,2195340,True,26.4,29.1,23.7
2010-08-24,2153600,True,23.7,25.9,21.9
2010-08-25,2158000,True,21.6,22.5,19.9
2010-08-26,2239360,True,24.0,26.7,21.1
2010-08-27,2263160,True,25.8,31.8,23.8
2010-08-28,1994840,True,25.5,27.2,24.7
2010-08-29,1875200,True,23.7,26.0,21.7
2010-08-30,2233290,True,25.8,29.9,23.1
2010-08-31,2290900,True,24.9,27.2,22.2
2010-09-01,2360370,True,26.0,31.4,22.8
2010-09-02,2276900,True,24.0,26.2,22.2
2010-09-03,2304400,True,25.4,30.0,22.8
2010-09-04,2020500,True,26.8,31.2,23.3
2010-09-05,1836600,True,25.1,30.7,23.1
2010-09-06,2251220,True,25.5,30.0,22.6
2010-09-07,2245968,True,26.3,30.8,22.8
2010-09-08,2161600,True,22.7,24.3,21.6
2010-09-09,2254880,True,20.9,22.5,19.0
2010-09-10,2454480,True,24.0,25.8,22.4
2010-09-11,2167660,True,23.7,26.1,22.4
2010-09-12,1942500,True,22.8,26.1,21.0
2010-09-13,2274360,True,23.9,27.9,20.9
2010-09-14,2269820,True,24.0,28.6,21.1
2010-09-15,2257440,True,24.0,30.5,19.2
2010-09-16,2275160,True,24.5,30.0,19.2
2010-09-17,2271960,True,24.3,28.9,20.1
2010-09-18,1999000,True,25.2,30.3,21.8
2010-09-19,1951520,True,20.8,23.8,18.3
2010-09-20,2166760,True,21.7,26.0,18.2
2010-09-21,2025820,True,21.4,24.9,17.9
2010-09-22,1875960,True,16.7,18.8,14.4
2010-09-23,2135080,True,17.0,22.8,12.1
2010-09-24,2472980,True,17.6,23.2,11.9
2010-09-25,2415870,True,18.6,24.1,13.6
2010-09-26,2389490,True,18.6,24.2,15.2
2010-09-27,2564180,True,19.0,23.9,13.4
2010-09-28,2879940,True,15.6,18.6,12.4
2010-09-29,3302860,True,13.0,16.8,9.8
2010-09-30,3281640,True,14.6,20.7,8.4
2010-10-01,3145120,True,16.0,21.4,10.8
2010-10-02,3270620,True,16.0,18.6,13.7
2010-10-03,3048160,True,17.0,21.4,14.4
2010-10-04,3399160,True,14.0,16.7,12.4
2010-10-05,3343400,True,15.0,19.7,11.2
2010-10-06,3235780,True,16.1,22.1,11.2
2010-10-07,3096060,True,17.3,23.8,11.9
2010-10-08,2886200,True,18.9,23.2,15.1
2010-10-09,2635460,True,19.4,24.2,15.4
2010-10-10,2555480,True,18.5,22.8,14.3
2010-10-11,2708570,True,18.3,21.2,15.6
2010-10-12,2894965,True,16.6,19.2,13.8
2010-10-13,3068107,True,15.7,19.6,8.0
2010-10-14,3180196,True,15.7,20.4,12.6
2010-10-15,3592574,True,13.1,16.9,9.3
2010-10-16,3314358,True,16.0,21.6,10.2
2010-10-17,3238106,True,15.6,19.9,12.1
2010-10-18,3568291,True,13.9,19.3,9.0
2010-10-19,3484126,True,15.9,21.7,11.0
2010-10-20,3432841,True,15.2,19.5,12.7
2010-10-21,3462274,True,15.8,21.9,10.2
2010-10-22,3279587,True,16.9,22.4,12.8
2010-10-23,3205714,True,15.9,20.2,11.7
2010-10-24,3069563,True,17.2,23.4,13.6
2010-10-25,4321718,True,9.9,15.1,4.4
2010-10-26,5795223,True,4.0,8.2,0.9
2010-10-27,6156900,True,5.6,10.1,0.7
2010-10-28,6051899,True,7.2,12.3,2.1
2010-10-29,5659788,True,9.6,16.7,3.4
2010-10-30,5015317,True,11.7,17.8,6.4
2010-10-31,4815977,True,12.0,17.0,7.1
2010-11-01,4919192,True,11.4,16.7,6.8
2010-11-02,6097087,True,5.0,9.2,2.5
2010-11-03,6074410,True,7.2,12.6,0.8
2010-11-04,5410499,True,10.6,16.0,5.7
2010-11-05,5152814,True,11.2,15.1,7.0
2010-11-06,4776218,True,12.7,14.8,11.1
2010-11-07,4790030,True,12.3,14.3,10.8
2010-11-08,6043798,True,7.0,11.4,1.8
2010-11-09,7287580,True,2.9,6.5,1.2
2010-11-10,7191133,True,2.9,9.1,-0.5
2010-11-11,6704840,True,9.3,15.1,3.2
2010-11-12,6133195,True,8.9,12.6,6.2
2010-11-13,5664657,True,11.1,17.4,5.8
2010-11-14,6175475,True,5.8,12.4,3.0
2010-11-15,7465230,True,1.4,5.1,-1.6
2010-11-16,7584962,True,3.7,8.8,-1.4
2010-11-17,7011530,True,6.5,11.3,3.0
2010-11-18,6901990,True,6.5,12.0,1.9
2010-11-19,6966975,True,5.9,10.9,2.4
2010-11-20,6585127,True,7.9,13.4,4.1
2010-11-21,6012058,True,11.0,15.6,6.1
2010-11-22,6596920,True,6.2,13.1,1.9
2010-11-23,6978586,True,5.9,12.8,-0.6
2010-11-24,6933300,True,6.3,10.7,3.7
2010-11-25,7581241,True,3.1,6.1,-1.0
2010-11-26,8380366,True,0.4,4.7,-3.0
2010-11-27,8548778,True,1.3,9.1,-2.7
2010-11-28,9161500,True,-1.3,2.0,-5.2
2010-11-29,8647497,True,3.2,7.8,-0.8
2010-11-30,7715078,True,7.3,12.5,4.1
2010-12-01,7355980,True,7.2,10.4,5.3
2010-12-02,7012617,True,9.5,13.5,5.5
2010-12-03,8529247,True,0.0,7.8,-2.7
2010-12-04,8503029,True,1.7,5.0,-3.6
2010-12-05,7249943,True,8.2,10.7,4.9
2010-12-06,8059508,True,3.0,10.2,-3.2
2010-12-07,9195887,True,-0.7,4.6,-4.8
2010-12-08,9381433,True,0.4,2.2,-2.1
2010-12-09,9778514,True,-1.8,2.3,-4.3
2010-12-10,9614505,True,2.9,10.1,-2.8
2010-12-11,9855727,True,-3.5,6.7,-6.2
2010-12-12,10152796,True,-1.2,3.7,-6.6
2010-12-13,9533303,True,3.7,6.1,1.7
2010-12-14,10764981,True,-4.0,1.8,-10.1
2010-12-15,12984263,True,-10.5,-7.3,-12.7
2010-12-16,12790158,True,-7.7,-4.1,-12.9
2010-12-17,11366965,True,-2.1,2.6,-5.5
2010-12-18,10409174,True,0.1,5.0,-4.6
2010-12-19,9158479,True,4.9,8.3,0.7
2010-12-20,8813481,True,4.1,8.8,1.6
2010-12-21,8688131,True,4.9,10.8,0.9
2010-12-22,8691677,True,4.0,8.3,0.3
2010-12-23,10025228,True,-1.9,4.5,-9.5
2010-12-24,13116415,True,-12.3,-9.0,-15.1
2010-12-25,13166393,True,-11.2,-6.7,-14.3
2010-12-26,12882412,True,-9.3,-5.1,-13.6
2010-12-27,12473369,True,-4.9,-2.1,-9.4
2010-12-28,11517560,True,-2.6,-0.1,-6.0
2010-12-29,11840415,True,-5.7,-2.1,-9.4
2010-12-30,11912030,True,-6.1,-3.6,-9.0
2010-12-31,12598057,True,-8.7,-6.2,-10.7
2011-01-01,11743891,True,-6.8,-2.9,-10.4
2011-01-02,11553968,True,-5.4,-1.2,-8.5
2011-01-03,11941804,True,-4.5,-0.3,-8.5
2011-01-04,11760468,True,-3.9,-1.7,-7.4
2011-01-05,11645723,True,-4.0,-1.8,-7.7
2011-01-06,12391755,True,-7.6,-4.6,-9.8
2011-01-07,12329434,True,-7.0,-2.9,-10.6
2011-01-08,11542101,True,-3.6,-0.1,-8.2
2011-01-09,11628955,True,-7.0,-0.3,-10.3
2011-01-10,12611295,True,-8.2,-4.6,-11.8
2011-01-11,12245002,True,-5.4,-2.7,-7.8
2011-01-12,12606278,True,-8.2,-4.9,-11.1
2011-01-13,12288375,True,-5.9,-0.6,-11.1
2011-01-14,11782132,True,-3.8,0.3,-6.9
2011-01-15,13322634,True,-12.2,-6.9,-15.7
2011-01-16,14372496,True,-14.5,-10.7,-17.8
2011-01-17,14131222,True,-9.7,-4.8,-14.1
2011-01-18,13563572,True,-6.7,-2.7,-10.8
2011-01-19,13212977,True,-6.6,-3.2,-10.0
2011-01-20,13332975,True,-8.2,-4.7,-10.5
2011-01-21,13108389,True,-6.8,-3.2,-9.7
2011-01-22,12229519,True,-4.3,-0.8,-7.1
2011-01-23,11884110,True,-4.5,-2.1,-7.1
2011-01-24,12541033,True,-8.8,-5.8,-10.9
2011-01-25,12778093,True,-8.4,-4.4,-11.9
2011-01-26,12824690,True,-8.5,-5.2,-10.7
2011-01-27,13154581,True,-8.9,-5.7,-11.5
2011-01-28,12939917,True,-7.9,-4.3,-10.5
2011-01-29,12927818,True,-9.1,-5.5,-11.5
2011-01-30,13343518,True,-10.1,-5.7,-13.6
2011-01-31,12856898,True,-6.2,-1.8,-12.7
2011-02-01,11125783,True,-0.2,5.0,-4.2
2011-02-02,9523967,True,1.3,7.0,-2.8
2011-02-03,8200925,True,1.5,4.9,-1.3
2011-02-04,8584005,True,1.2,3.5,-0.5
2011-02-05,9096473,True,1.1,5.5,-0.8
2011-02-06,9628762,True,0.3,2.7,-2.1
2011-02-07,10172963,True,0.3,4.2,-2.8
2011-02-08,9466951,True,2.9,8.5,-0.5
2011-02-09,10029820,True,-1.2,2.1,-4.1
2011-02-10,10555616,True,-2.1,2.7,-5.6
2011-02-11,10785033,True,-2.9,1.8,-6.2
2011-02-12,11181472,True,-5.9,-1.8,-9.2
2011-02-13,10985890,True,-4.8,-0.2,-9.0
2011-02-14,11259282,True,-1.8,2.9,-5.5
2011-02-15,10634229,True,-1.8,2.9,-5.5
2011-02-16,10376372,True,-0.6,4.3,-5.0
2011-02-17,9640932,True,0.9,4.7,-2.0
2011-02-18,9228541,True,1.6,7.3,-3.0
2011-02-19,8868287,True,1.4,7.0,-2.6
2011-02-20,8175186,True,5.3,12.8,-2.1
2011-02-21,7857370,True,6.2,12.3,1.4
2011-02-22,7517199,True,6.2,13.0,0.7
2011-02-23,7584978,True,5.6,12.0,0.6
2011-02-24,7403418,True,6.1,10.5,2.8
2011-02-25,7919674,True,2.0,6.3,-0.8
2011-02-26,7638561,True,6.2,13.2,-0.4
2011-02-27,7836973,True,4.2,7.4,1.8
2011-02-28,8337574,True,2.8,4.8,1.0
2011-03-01,8524251,True,0.5,3.7,-2.7
2011-03-02,9611146,True,-2.1,1.6,-4.2
2011-03-03,9835034,True,-2.1,2.5,-5.5
2011-03-04,9296256,True,0.1,6.0,-4.5
2011-03-05,8682577,True,2.1,6.8,-1.8
2011-03-06,8333511,True,3.4,7.4,1.2
2011-03-07,8607635,True,1.6,5.8,-1.2
2011-03-08,8694184,True,1.6,6.2,-2.3
2011-03-09,8919530,True,0.2,4.4,-2.4
2011-03-10,8737652,True,1.4,4.9,-3.4
2011-03-11,7995156,True,4.6,9.8,-0.3
2011-03-12,7101967,True,7.8,13.4,1.9
2011-03-13,6232140,True,10.7,16.2,8.5
2011-03-14,6707665,True,6.7,10.3,4.4
2011-03-15,7748737,True,1.5,5.7,-2.3
2011-03-16,8528916,True,-0.4,3.2,-3.1
2011-03-17,8348724,True,0.8,6.1,-3.5
2011-03-18,7621033,True,5.7,12.5,-1.5
2011-03-19,6608435,True,8.8,13.7,5.5
2011-03-20,6572762,True,6.9,11.4,2.9
2011-03-21,6528152,True,8.0,13.0,3.8
2011-03-22,7553199,True,1.8,6.1,-1.0
2011-03-23,7797016,True,2.2,7.3,-2.2
2011-03-24,7781790,True,2.9,8.0,0.1
2011-03-25,7939186,True,2.2,6.5,-0.8
2011-03-26,7436338,True,3.6,8.6,-0.6
2011-03-27,7141304,True,5.1,9.7,0.9
2011-03-28,7125594,True,5.2,8.4,3.1
2011-03-29,7159720,True,4.8,9.1,1.7
2011-03-30,6676834,True,7.3,13.6,2.3
2011-03-31,6221638,True,9.2,16.8,3.3
2011-04-01,5873017,True,9.1,14.9,4.3
2011-04-02,5856371,True,8.9,12.8,5.3
2011-04-03,5539974,True,9.6,15.5,4.9
2011-04-04,5591365,True,10.1,16.7,4.5
2011-04-05,5351955,True,10.7,17.1,5.1
2011-04-06,5391465,True,10.6,16.6,5.2
2011-04-07,5623934,True,9.6,10.7,8.5
2011-04-08,5000805,True,11.4,17.3,7.4
2011-04-09,4975369,True,9.9,15.0,6.8
2011-04-10,4985621,True,10.8,14.5,8.2
2011-04-11,5069772,True,10.4,15.4,6.0
2011-04-12,5065656,True,10.2,15.5,4.9
2011-04-13,4899993,True,11.3,17.4,5.7
2011-04-14,4665734,True,12.4,18.8,6.6
2011-04-15,4538864,True,12.2,19.0,9.4
2011-04-16,4479593,True,12.1,18.4,5.9
2011-04-17,4336273,True,12.0,18.4,8.0
2011-04-18,5442784,True,6.7,10.7,5.8
2011-04-19,5022851,True,10.8,16.2,6.6
2011-04-20,4797230,True,11.2,16.8,6.3
2011-04-21,4526562,True,13.5,18.0,8.0
2011-04-22,5114605,True,8.9,14.5,7.4
2011-04-23,4828903,True,9.7,14.2,6.1
2011-04-24,4791281,True,9.7,13.9,6.1
2011-04-25,4758837,True,11.3,15.7,7.2
2011-04-26,5053349,True,10.5,11.4,9.1
2011-04-27,4724026,True,11.4,14.2,8.7
2011-04-28,4666925,True,10.4,15.3,7.3
2011-04-29,4567426,True,13.2,18.4,7.3
2011-04-30,4696054,True,13.0,14.6,10.6
2011-05-01,4010893,True,12.5,15.7,9.9
2011-05-02,3839912,True,14.2,20.7,8.5
2011-05-03,3623737,True,15.3,20.6,11.9
2011-05-04,3485047,True,15.9,21.8,10.6
2011-05-05,3212082,True,17.5,23.7,12.7
2011-05-06,3378255,True,15.4,17.9,13.2
2011-05-07,3265844,True,14.5,21.8,11.5
2011-05-08,2907300,True,17.3,24.1,10.3
2011-05-09,3113710,True,17.6,22.0,14.6
2011-05-10,3142407,True,16.5,18.5,14.5
2011-05-11,3171835,True,17.2,21.1,14.4
2011-05-12,3141611,True,15.7,20.2,11.5
2011-05-13,3214854,True,14.6,20.6,10.3
2011-05-14,3019167,True,17.2,22.9,12.1
2011-05-15,2860331,True,17.2,22.9,13.0
2011-05-16,2970151,True,16.4,22.2,10.9
2011-05-17,2946291,True,17.5,22.8,11.6
2011-05-18,2808005,True,20.5,25.4,13.8
2011-05-19,2703234,True,20.7,23.6,18.8
2011-05-20,2824119,True,17.5,20.5,15.6
2011-05-21,2934939,True,14.5,17.7,12.6
2011-05-22,2749249,True,17.3,23.3,10.7
2011-05-23,2736949,True,19.5,25.9,15.3
2011-05-24,2689517,True,21.5,28.0,14.1
2011-05-25,2585432,True,22.7,28.2,16.7
2011-05-26,2528793,True,20.7,24.0,17.9
2011-05-27,2532443,True,20.1,24.5,15.6
2011-05-28,2344001,True,22.4,28.9,15.7
2011-05-29,2180386,True,24.4,31.2,18.4
2011-05-30,2435909,True,22.7,28.1,18.6
2011-05-31,2467025,True,18.7,23.7,15.4
2011-06-01,2552215,True,18.0,21.6,14.7
2011-06-02,2528435,True,19.0,24.7,15.1
2011-06-03,2527141,True,19.0,24.8,14.4
2011-06-04,2384967,True,18.7,24.6,15.8
2011-06-05,2142597,True,20.4,27.1,16.1
2011-06-06,2207977,True,20.9,26.9,15.3
2011-06-07,2456648,True,20.9,26.6,15.9
2011-06-08,2477447,True,22.0,27.5,18.2
2011-06-09,2442327,True,19.4,22.0,17.5
2011-06-10,2460359,True,21.4,24.3,17.8
2011-06-11,2231621,True,24.0,29.2,20.6
2011-06-12,2109391,True,23.4,30.2,19.0
2011-06-13,2388224,True,21.0,26.9,16.6
2011-06-14,2430648,True,22.8,29.5,16.8
2011-06-15,2435602,True,25.2,31.9,19.1
2011-06-16,2433222,True,26.5,32.0,20.3
2011-06-17,2403100,True,24.9,31.3,22.1
2011-06-18,2114640,True,24.5,28.9,20.8
2011-06-19,1972590,True,26.6,32.9,20.7
2011-06-20,2362789,True,26.6,32.2,22.7
2011-06-21,2365633,True,24.1,29.6,19.4
2011-06-22,2363891,True,22.7,24.9,20.9
2011-06-23,2439136,True,22.0,23.3,21.2
2011-06-24,2389059,True,19.7,21.6,18.6
2011-06-25,2293544,True,18.3,20.0,17.5
2011-06-26,2306018,True,19.2,21.6,17.2
2011-06-27,2605832,True,19.2,20.5,18.3
2011-06-28,2480677,True,24.1,29.7,18.2
2011-06-29,2609081,True,21.0,23.3,19.7
2011-06-30,2638474,True,23.8,27.9,21.0
2011-07-01,2515664,True,25.1,28.6,22.2
2011-07-02,2215855,True,24.7,26.8,22.7
2011-07-03,2198167,True,22.6,24.8,20.7
2011-07-04,2418400,True,22.5,28.0,18.9
2011-07-05,2389160,True,24.3,30.7,19.0
2011-07-06,2377075,True,25.6,31.2,20.4
2011-07-07,2455016,True,22.9,25.3,20.9
2011-07-08,2420086,True,22.4,24.6,20.6
2011-07-09,2222771,True,23.6,27.8,20.8
2011-07-10,2024686,True,24.2,28.4,21.4
2011-07-11,2455832,True,21.2,22.1,19.9
2011-07-12,2575191,True,22.8,25.6,20.9
2011-07-13,2658931,True,24.3,26.2,22.5
2011-07-14,2711738,True,23.6,24.6,22.3
2011-07-15,2625076,True,23.4,24.6,21.6
2011-07-16,2408177,True,22.8,25.3,21.2
2011-07-17,2142820,True,25.1,29.1,22.2
2011-07-18,2463992,True,28.7,34.1,24.4
2011-07-19,2427253,True,28.5,32.7,24.7
2011-07-20,2368948,True,27.6,32.6,23.6
2011-07-21,2305464,True,27.1,32.2,22.3
2011-07-22,2261502,True,24.1,26.6,21.4
2011-07-23,2009544,True,25.4,29.7,22.9
2011-07-24,1883836,True,24.8,27.9,22.8
2011-07-25,2271624,True,24.9,27.9,23.2
2011-07-26,2298949,True,24.8,29.3,21.1
2011-07-27,2398280,True,24.0,26.2,22.3
2011-07-28,2413878,True,24.7,26.3,22.8
2011-07-29,2378718,True,26.2,30.2,23.9
2011-07-30,2021362,True,27.2,30.5,24.4
2011-07-31,1896132,True,24.7,26.6,23.2
2011-08-01,2217036,True,25.6,29.2,23.3
2011-08-02,2229320,True,26.1,30.1,24.4
2011-08-03,2262200,True,25.4,28.1,23.7
2011-08-04,2292440,True,25.4,28.0,23.7
2011-08-05,2266560,True,28.9,34.1,23.4
2011-08-06,1972780,True,28.5,32.7,26.1
2011-08-07,1813320,True,28.7,33.0,24.9
2011-08-08,2268620,True,24.7,27.7,23.6
2011-08-09,2236860,True,26.0,28.7,24.4
2011-08-10,2246780,True,25.8,28.9,23.2
2011-08-11,2260480,True,26.6,29.9,24.5
2011-08-12,2258620,True,25.3,26.3,24.1
2011-08-13,2005440,True,25.3,26.6,23.9
2011-08-14,1798220,True,25.0,26.8,23.9
2011-08-15,1866200,True,24.5,26.9,22.9
2011-08-16,2357980,True,25.0,26.2,23.6
2011-08-17,2414960,True,23.7,24.6,22.8
2011-08-18,2313140,True,25.2,30.2,21.5
2011-08-19,2264980,True,24.4,29.2,21.7
2011-08-20,1985380,True,23.1,27.0,20.3
2011-08-21,1847060,True,24.4,31.0,18.7
2011-08-22,2258580,True,23.5,29.6,19.8
2011-08-23,2254560,True,24.3,30.5,18.1
2011-08-24,2235280,True,24.8,28.6,21.2
2011-08-25,2253100,True,25.7,30.5,21.0
2011-08-26,2251240,True,26.4,30.3,23.2
2011-08-27,1986540,True,27.6,31.2,23.5
2011-08-28,1828260,True,27.3,32.0,24.3
2011-08-29,2304760,True,26.8,29.9,24.5
2011-08-30,2331800,True,27.1,32.4,24.2
2011-08-31,2299135,True,27.8,32.8,23.6
2011-09-01,2308311,True,27.0,31.1,22.9
2011-09-02,2305839,True,26.9,32.4,22.9
2011-09-03,1979432,True,25.1,30.7,20.3
2011-09-04,1791619,True,23.7,30.2,19.4
2011-09-05,2216184,True,23.8,28.5,19.5
2011-09-06,2196352,True,23.4,28.7,18.8
2011-09-07,2212730,True,22.6,27.3,17.5
2011-09-08,2203736,True,22.3,25.8,20.4
2011-09-09,2220431,True,19.9,20.7,19.0
2011-09-10,1961629,True,21.5,26.4,18.0
2011-09-11,1827155,True,21.2,22.5,19.5
2011-09-12,1463159,True,23.3,27.0,20.0
2011-09-13,1593018,True,25.0,30.9,20.9
2011-09-14,2122114,True,24.4,28.1,22.8
2011-09-15,2353174,True,25.7,31.3,21.2
2011-09-16,2352904,True,25.6,31.2,21.7
2011-09-17,2011322,True,25.8,31.0,21.6
2011-09-18,1860867,True,21.0,26.4,17.5
2011-09-19,2249903,True,16.8,18.2,14.5
2011-09-20,2411453,True,17.7,23.2,13.4
2011-09-21,2528209,True,18.1,24.0,12.4
2011-09-22,2551147,True,18.1,24.6,11.9
2011-09-23,2416607,True,19.5,26.0,13.5
2011-09-24,2253474,True,19.6,25.9,14.4
2011-09-25,2112680,True,20.0,26.6,14.6
2011-09-26,2298799,True,21.2,27.7,14.8
2011-09-27,2369653,True,21.8,29.2,15.4
2011-09-28,2376549,True,19.8,23.5,16.6
2011-09-29,2606564,True,16.9,19.5,15.5
2011-09-30,2806586,True,14.8,18.6,10.3
2011-10-01,3150146,True,12.7,17.6,7.7
2011-10-02,3008347,True,13.3,18.1,9.6
2011-10-03,3294221,True,13.8,20.8,7.3
2011-10-04,3346925,True,14.9,21.2,8.4
2011-10-05,3156893,True,16.4,22.0,12.7
2011-10-06,3111710,True,16.5,20.2,12.7
2011-10-07,3083740,True,15.4,21.2,10.5
2011-10-08,2999775,True,16.2,22.5,10.4
2011-10-09,2861024,True,16.6,22.5,11.9
2011-10-10,2944126,True,16.9,21.8,12.4
2011-10-11,3015363,True,16.5,22.4,12.4
2011-10-12,3279509,True,14.5,18.7,10.7
2011-10-13,3086147,True,16.6,23.4,10.7
2011-10-14,3305422,True,14.4,15.7,12.7
2011-10-15,3642644,True,13.0,16.9,11.4
2011-10-16,3546114,True,14.8,20.1,11.1
2011-10-17,4132276,True,11.2,14.8,7.0
2011-10-18,4587217,True,9.4,15.4,3.9
2011-10-19,4326192,True,12.8,20.4,4.6
2011-10-20,3994093,True,15.5,20.9,11.0
2011-10-21,3490543,True,17.3,21.0,13.1
2011-10-22,3187924,True,17.1,21.7,5.5
2011-10-23,3093883,True,16.5,22.1,11.8
2011-10-24,3877801,True,12.3,15.3,7.1
2011-10-25,4988984,True,7.6,12.1,3.7
2011-10-26,5044452,True,9.5,15.3,3.1
2011-10-27,4457916,True,12.7,19.5,6.6
2011-10-28,4008418,True,14.5,19.8,11.0
2011-10-29,4150970,True,12.0,13.5,10.2
2011-10-30,3911021,True,14.8,20.8,10.7
2011-10-31,4020917,True,15.0,22.1,8.5
2011-11-01,3689717,True,16.1,22.6,9.9
2011-11-02,3514386,True,16.2,21.5,13.4
2011-11-03,3466849,True,16.8,24.3,10.0
2011-11-04,3236701,True,18.4,22.5,15.4
2011-11-05,2936275,True,19.9,25.9,16.4
2011-11-06,3373993,True,14.6,19.3,12.9
2011-11-07,3513417,True,15.1,18.8,12.5
2011-11-08,3676638,True,14.9,19.6,11.1
2011-11-09,3911864,True,14.5,18.4,12.5
2011-11-10,4036718,True,14.1,17.0,10.9
2011-11-11,4239147,True,12.5,14.7,11.0
2011-11-12,4286687,True,12.0,15.8,9.1
2011-11-13,4232216,True,11.3,15.8,6.0
2011-11-14,5608450,True,6.4,11.0,3.4
2011-11-15,5791806,True,7.2,11.6,3.4
2011-11-16,5397427,True,10.9,15.7,5.8
2011-11-17,4847483,True,13.6,16.3,10.5
2011-11-18,4768260,True,14.2,16.1,11.9
2011-11-19,5149391,True,10.6,15.5,3.5
2011-11-20,7286748,True,0.4,3.7,-2.2
2011-11-21,8008241,True,1.6,6.3,-2.6
2011-11-22,7612764,True,5.6,7.9,1.9
2011-11-23,8101053,True,2.8,7.4,-2.1
2011-11-24,9363496,True,-1.6,2.0,-5.5
2011-11-25,8416092,True,2.8,7.2,-0.5
2011-11-26,7782443,True,5.6,8.8,1.8
2011-11-27,6360811,True,13.5,15.3,8.7
2011-11-28,5357896,True,14.6,17.0,13.6
2011-11-29,5319456,True,11.3,13.6,9.2
2011-11-30,6921994,True,4.7,9.2,3.0
2011-12-01,7215176,True,5.8,9.0,4.3
2011-12-02,7435768,True,5.5,7.5,2.5
2011-12-03,7199533,True,5.3,9.1,3.7
2011-12-04,7766355,True,2.5,6.3,-0.3
2011-12-05,8437245,True,1.5,5.9,-2.1
2011-12-06,7923621,True,3.9,7.7,1.2
2011-12-07,7901444,True,4.0,5.7,2.3
2011-12-08,8679642,True,0.1,3.7,-3.7
2011-12-09,9775300,True,-2.7,0.1,-4.4
2011-12-10,9513780,True,-1.7,1.4,-4.9
2011-12-11,8692880,True,2.8,6.3,-1.7
2011-12-12,8458520,True,3.5,6.4,-0.1
2011-12-13,8806040,True,1.5,7.4,-3.1
2011-12-14,9020624,True,2.4,7.2,-1.1
2011-12-15,10383660,True,-3.9,-0.9,-5.8
2011-12-16,11666600,True,-7.1,-3.5,-9.8
2011-12-17,11630140,True,-5.8,-1.6,-10.6
2011-12-18,10551240,True,-2.4,1.4,-5.0
2011-12-19,10960420,True,-2.4,1.9,-6.7
2011-12-20,10575640,True,-0.3,3.8,-5.1
2011-12-21,10090020,True,1.9,5.2,-0.7
2011-12-22,11493820,True,-5.5,1.1,-8.7
2011-12-23,11835840,True,-5.4,-1.1,-10.1
2011-12-24,11385600,True,-5.2,-3.0,-7.8
2011-12-25,11835760,True,-7.1,-3.5,-9.5
2011-12-26,12574120,True,-7.1,-3.5,-10.1
2011-12-27,12010620,True,-4.0,1.2,-8.8
2011-12-28,11148020,True,-0.5,2.2,-4.1
2011-12-29,10746060,True,-1.7,1.7,-4.8
2011-12-30,11098980,True,-3.0,1.9,-6.4
2011-12-31,10766000,True,-1.9,1.4,-6.0
2012-01-01,10038000,True,-3.0,0.4,-6.9
2012-01-02,11167640,True,-4.8,-1.2,-8.3
2012-01-03,11318640,True,-4.5,-0.2,-6.8
2012-01-04,12008960,True,-7.4,-4.3,-9.6
2012-01-05,11835400,True,-5.7,-1.3,-9.8
2012-01-06,10939720,True,-2.8,1.3,-5.6
2012-01-07,10817940,True,-3.8,2.0,-8.0
2012-01-08,10512000,True,-2.5,0.4,-5.5
2012-01-09,10321000,True,-0.3,2.7,-1.8
2012-01-10,10390280,True,-2.5,1.5,-5.8
2012-01-11,11255520,True,-6.0,-3.3,-8.1
2012-01-12,11298620,True,-4.6,-0.4,-10.3
2012-01-13,10341380,True,-1.2,2.6,-4.1
2012-01-14,10108440,True,-1.5,2.7,-6.3
2012-01-15,10027760,True,-2.6,0.3,-4.7
2012-01-16,10025420,True,1.0,7.8,-5.1
2012-01-17,9367880,True,2.8,8.2,0.0
2012-01-18,9479300,True,1.4,5.4,-2.2
2012-01-19,9007340,True,5.3,8.4,1.4
2012-01-20,8435920,True,5.4,8.3,3.7
2012-01-21,8284260,True,2.4,5.7,-2.6
2012-01-22,9784220,True,-7.7,-2.4,-11.6
2012-01-23,10148220,True,-9.6,-5.3,-12.2
2012-01-24,11190320,True,-7.3,-3.1,-11.8
2012-01-25,12422620,True,-8.2,-5.0,-11.6
2012-01-26,11495260,True,-2.9,1.8,-8.5
2012-01-27,10619840,True,-0.9,4.9,-4.4
2012-01-28,10303240,True,-1.8,3.1,-6.0
2012-01-29,10257760,True,-2.8,1.6,-5.5
2012-01-30,11329040,True,-5.6,-0.8,-8.8
2012-01-31,11649460,True,-4.7,-0.3,-8.5
2012-02-01,13109760,True,-12.8,-8.1,-15.3
2012-02-02,14198020,True,-13.7,-9.5,-17.1
2012-02-03,13306400,True,-8.6,-3.9,-14.5
2012-02-04,11443500,True,-3.0,1.0,-5.2
2012-02-05,10675680,True,-0.9,4.8,-4.5
2012-02-06,10371460,True,0.9,7.0,-3.2
2012-02-07,11884060,True,-8.7,-0.1,-11.5
2012-02-08,12362360,True,-8.0,-3.8,-12.1
2012-02-09,11576200,True,-4.5,-0.5,-9.0
2012-02-10,11037920,True,-3.5,1.7,-6.9
2012-02-11,10806160,True,-3.8,0.8,-9.2
2012-02-12,9882320,True,-0.1,4.8,-5.0
2012-02-13,9411120,True,3.1,8.4,0.2
2012-02-14,8881490,True,3.0,8.3,-0.3
2012-02-15,9517950,True,-1.3,3.0,-4.1
2012-02-16,10168580,True,-2.8,2.7,-6.1
2012-02-17,11149200,True,-6.4,-2.9,-8.8
2012-02-18,11235750,True,-6.8,-2.2,-9.6
2012-02-19,10614400,True,-4.4,1.3,-9.6
2012-02-20,10031370,True,-0.2,5.3,-5.5
2012-02-21,9381480,True,2.3,5.5,-0.9
2012-02-22,8528360,True,5.8,12.1,-0.8
2012-02-23,7978040,True,4.4,8.2,1.1
2012-02-24,8009140,True,4.3,9.7,0.2
2012-02-25,8331390,True,1.2,5.0,-2.3
2012-02-26,8959790,True,-1.6,3.2,-4.0
2012-02-27,9320850,True,-0.7,5.2,-5.9
2012-02-28,8928850,True,2.1,7.3,-3.2
2012-02-29,8051690,True,5.4,11.8,-1.5
2012-03-01,7091664,True,8.7,14.6,4.0
2012-03-02,7099784,True,6.9,9.5,5.2
2012-03-03,6748544,True,6.9,12.9,2.7
2012-03-04,6937904,True,6.2,9.7,3.0
2012-03-05,7539084,True,5.3,8.5,3.1
2012-03-06,8105494,True,3.0,4.6,1.8
2012-03-07,7936314,True,3.0,7.7,-0.2
2012-03-08,8254074,True,2.0,5.2,-0.3
2012-03-09,8168604,True,3.4,9.1,-2.1
2012-03-10,7707094,True,3.9,8.9,1.3
2012-03-11,8840434,True,-2.4,1.3,-4.6
2012-03-12,9345954,True,-1.6,3.2,-5.7
2012-03-13,8595854,True,1.7,6.6,-3.5
2012-03-14,8404624,True,3.6,5.9,1.8
2012-03-15,7788414,True,5.5,11.8,-1.7
2012-03-16,7174024,True,8.1,12.9,5.7
2012-03-17,6177494,True,10.4,16.1,6.8
2012-03-18,6151134,True,6.9,11.5,2.2
2012-03-19,7217464,True,2.8,7.2,-0.5
2012-03-20,7536194,True,3.1,8.3,-1.9
2012-03-21,7282074,True,4.3,10.4,-0.5
2012-03-22,6847434,True,7.8,11.4,
2012-03-23,7164484,True,5.0,9.7,2.3
2012-03-24,7450224,True,3.3,6.9,1.5
2012-03-25,7385394,True,3.6,7.7,0.9
2012-03-26,7457864,True,3.9,8.7,-0.2
2012-03-27,7175784,True,6.4,10.9,1.0
2012-03-28,6198414,True,10.1,15.8,6.4
2012-03-29,5770904,True,11.6,16.2,5.9
2012-03-30,5749084,True,9.0,11.9,5.8
2012-03-31,6176504,True,5.4,10.1,2.5
2012-04-01,6727638,True,4.6,9.4,0.6
2012-04-02,6830698,True,8.3,14.1,3.5
2012-04-03,7417668,True,4.9,9.4,1.1
2012-04-04,6864998,True,7.2,12.8,2.2
2012-04-05,6733388,True,6.7,12.2,3.1
2012-04-06,6956668,True,5.4,9.6,2.6
2012-04-07,6661708,True,5.9,12.4,0.6
2012-04-08,5853968,True,11.3,17.6,4.6
2012-04-09,4956238,True,15.4,22.4,10.7
2012-04-10,4852848,True,13.7,16.9,11.5
2012-04-11,4742618,True,12.2,17.4,9.1
2012-04-12,5273228,True,8.9,12.4,5.3
2012-04-13,5219038,True,10.3,15.1,7.4
2012-04-14,4895708,True,10.5,16.4,5.9
2012-04-15,4035098,True,13.4,21.7,6.9
2012-04-16,4178468,True,11.9,17.9,7.2
2012-04-17,4007838,True,13.6,19.7,7.5
2012-04-18,3894248,True,15.2,21.3,9.2
2012-04-19,3547698,True,17.0,24.3,12.2
2012-04-20,3211388,True,18.4,23.8,13.6
2012-04-21,3884198,True,11.4,16.3,9.9
2012-04-22,4324358,True,9.4,12.0,7.9
2012-04-23,3941078,True,12.9,17.3,9.1
2012-04-24,3233698,True,19.7,26.6,12.2
2012-04-25,3535848,True,15.1,20.7,10.5
2012-04-26,3694048,True,11.9,16.8,8.0
2012-04-27,3489768,True,15.2,22.3,7.8
2012-04-28,3080648,True,17.0,22.1,13.8
2012-04-29,2626868,True,19.9,26.3,14.0
2012-04-30,2633127,True,22.9,29.4,15.4
2012-05-01,2703898,True,22.6,28.3,17.3
2012-05-02,2703508,True,23.1,29.1,19.0
2012-05-03,2661428,True,20.0,25.4,19.0
2012-05-04,2548328,True,19.7,25.4,14.3
2012-05-05,2371988,True,18.8,24.9,13.5
2012-05-06,2368108,True,18.1,24.1,13.1
2012-05-07,2623228,True,18.5,24.9,12.2
2012-05-08,2644858,True,20.8,28.0,14.2
2012-05-09,2612798,True,20.7,27.4,15.5
2012-05-10,2603718,True,20.1,26.6,15.5
2012-05-11,2609358,True,16.2,19.2,13.2
2012-05-12,2501428,True,17.1,21.1,14.4
2012-05-13,2385088,True,19.1,25.2,14.8
2012-05-14,2781988,True,16.1,17.2,15.1
2012-05-15,2733628,True,16.9,22.7,13.0
2012-05-16,2758328,True,16.6,22.0,12.7
2012-05-17,2759818,True,16.6,20.5,13.9
2012-05-18,2681108,True,18.1,24.5,12.0
2012-05-19,2491968,True,19.5,25.8,13.1
2012-05-20,2317078,True,21.3,28.7,14.5
2012-05-21,2513380,True,23.0,28.9,17.2
2012-05-22,2506950,True,23.3,29.3,17.8
2012-05-23,2477760,True,22.1,27.8,18.3
2012-05-24,2435310,True,19.7,24.0,17.0
2012-05-25,2456900,True,20.5,26.6,16.2
2012-05-26,2265930,True,19.8,26.1,14.1
2012-05-27,2091480,True,19.3,23.4,17.1
2012-05-28,2186630,True,20.9,26.0,16.4
2012-05-29,2411240,True,21.6,25.4,18.8
2012-05-30,2410340,True,20.7,23.6,18.6
2012-05-31,2428930,True,20.9,27.6,16.6
2012-06-01,2422950,True,21.4,26.7,16.3
2012-06-02,2168100,True,23.1,28.8,19.2
2012-06-03,2016320,True,23.3,29.1,18.0
2012-06-04,2308690,True,23.7,29.1,18.6
2012-06-05,2293290,True,22.5,27.5,19.8
2012-06-06,2044900,True,23.0,28.9,19.1
2012-06-07,2318600,True,23.0,29.4,18.5
2012-06-08,2291675,True,22.2,29.4,18.5
2012-06-09,2085800,True,24.2,29.9,18.6
2012-06-10,1908490,True,23.7,28.7,20.8
2012-06-11,2240800,True,23.2,27.8,20.3
2012-06-12,2280160,True,22.6,28.9,19.0
2012-06-13,2269280,True,23.4,28.9,18.3
2012-06-14,2283950,True,24.8,31.7,19.3
2012-06-15,2246780,True,23.7,28.0,20.4
2012-06-16,2024070,True,23.5,29.9,20.2
2012-06-17,1848610,True,23.6,29.8,18.1
2012-06-18,2245510,True,24.9,30.2,20.1
2012-06-19,2235430,True,26.0,33.5,20.9
2012-06-20,2268310,True,25.4,31.3,21.3
2012-06-21,2242330,True,25.7,32.4,21.3
2012-06-22,2223080,True,24.3,29.3,21.3
2012-06-23,1978380,True,26.2,31.7,21.5
2012-06-24,1763830,True,27.8,32.8,23.6
2012-06-25,2121470,True,26.5,32.8,23.6
2012-06-26,2190680,True,24.6,30.8,20.6
2012-06-27,2208270,True,24.8,31.0,19.3
2012-06-28,2209650,True,25.3,29.6,20.9
2012-06-29,2211260,True,25.9,31.0,22.0
2012-06-30,1978250,True,21.9,23.7,20.2
2012-07-01,1815170,True,21.6,25.4,19.2
2012-07-02,2153440,True,24.0,29.8,21.7
2012-07-03,2226880,True,22.2,25.7,19.7
2012-07-04,2292900,True,24.4,27.4,22.6
2012-07-05,2335950,True,22.7,24.6,20.9
2012-07-06,2318610,True,20.9,21.8,19.9
2012-07-07,2008210,True,24.8,31.0,18.5
2012-07-08,1877400,True,25.8,30.7,21.4
2012-07-09,2297550,True,26.3,32.3,21.9
2012-07-10,2307070,True,25.9,29.1,21.7
2012-07-11,2345940,True,23.3,26.5,21.0
2012-07-12,2292170,True,24.7,28.5,21.1
2012-07-13,2364270,True,26.1,29.3,21.8
2012-07-14,2050280,True,22.8,26.2,20.4
2012-07-15,2027300,True,19.7,20.5,19.1
2012-07-16,2442050,True,21.7,25.0,19.0
2012-07-17,2243870,True,25.5,29.0,21.6
2012-07-18,2518570,True,26.3,28.4,24.7
2012-07-19,2452480,True,23.9,26.5,22.4
2012-07-20,2346480,True,25.6,29.7,22.1
2012-07-21,2068600,True,27.5,31.4,24.1
2012-07-22,1904090,True,27.2,30.4,23.7
2012-07-23,2331830,True,27.6,30.5,25.6
2012-07-24,2338992,True,27.8,32.1,25.5
2012-07-25,2308616,True,27.9,32.1,24.2
2012-07-26,2280225,True,28.1,32.6,24.3
2012-07-27,2260909,True,28.5,33.2,25.2
2012-07-28,1954601,True,28.5,33.2,25.2
2012-07-29,1753724,True,29.2,33.2,26.2
2012-07-30,2164086,True,28.4,31.6,23.0
2012-07-31,2175061,True,29.0,33.0,26.6
2012-08-01,2156649,True,30.8,35.3,25.9
2012-08-02,2132204,True,30.8,35.5,26.8
2012-08-03,2092031,True,31.3,35.4,27.1
2012-08-04,1777304,True,31.7,36.2,28.2
2012-08-05,1626587,True,31.8,36.7,27.5
2012-08-06,2111461,True,31.5,35.8,27.8
2012-08-07,2150275,True,30.7,35.0,26.6
2012-08-08,2076232,True,29.6,34.3,25.6
2012-08-09,2115134,True,29.7,34.6,26.6
2012-08-10,2084151,True,27.4,29.0,25.7
2012-08-11,1746577,True,27.7,31.8,24.0
2012-08-12,1619693,True,25.5,27.9,22.3
2012-08-13,2059674,True,26.6,32.1,22.1
2012-08-14,2160209,True,26.7,31.2,23.2
2012-08-15,1884301,True,23.7,27.1,22.4
2012-08-16,2217796,True,26.0,28.9,22.7
2012-08-17,2289800,True,27.5,32.2,24.3
2012-08-18,2046824,True,27.2,28.6,25.8
2012-08-19,1908929,True,27.9,30.8,26.3
2012-08-20,2365543,True,25.4,27.1,24.0
2012-08-21,2378774,True,25.3,28.7,23.5
2012-08-22,2250471,True,22.0,24.6,20.3
2012-08-23,2215936,True,23.0,25.7,20.5
2012-08-24,2232371,True,23.3,25.7,20.5
2012-08-25,2076581,True,25.0,28.9,21.5
2012-08-26,1925417,True,27.5,32.4,24.1
2012-08-27,2358316,True,28.5,32.9,24.5
2012-08-28,2232294,True,26.1,29.4,21.8
2012-08-29,2322459,True,25.7,29.1,21.7
2012-08-30,2286544,True,21.4,24.7,18.7
2012-08-31,2193728,True,23.8,28.4,18.7
2012-09-01,1964049,True,25.2,29.4,22.3
2012-09-02,1800760,True,25.0,29.5,20.8
2012-09-03,2222194,True,24.9,28.5,22.2
2012-09-04,2264912,True,22.0,24.4,19.7
2012-09-05,2226036,True,22.3,26.1,19.2
2012-09-06,2201269,True,21.6,27.1,16.0
2012-09-07,2184318,True,22.5,27.2,16.9
2012-09-08,2054060,True,20.2,,0.0
2012-09-09,1910033,True,20.9,25.0,17.1
2012-09-10,2211278,True,23.2,28.3,17.8
2012-09-11,2225554,True,22.8,27.5,18.1
2012-09-12,2194326,True,21.6,24.8,19.6
2012-09-13,2295882,True,20.0,21.1,18.6
2012-09-14,2264755,True,19.4,21.8,17.3
2012-09-15,2106471,True,21.0,25.5,17.0
2012-09-16,2067915,True,19.9,22.1,17.5
2012-09-17,2575936,True,17.3,18.4,16.0
2012-09-18,2382452,True,20.9,24.6,17.7
2012-09-19,2358886,True,20.6,25.2,17.7
2012-09-20,2365648,True,20.1,24.7,15.6
2012-09-21,2343663,True,20.7,26.4,15.2
2012-09-22,2208267,True,21.2,26.6,16.4
2012-09-23,2066065,True,21.2,26.6,16.4
2012-09-24,2284213,True,21.5,27.5,16.1
2012-09-25,2312512,True,21.8,27.8,16.9
2012-09-26,2300467,True,21.3,25.4,17.5
2012-09-27,2306363,True,20.3,23.6,17.7
2012-09-28,2460485,True,18.0,22.0,15.4
2012-09-29,2415411,True,16.4,19.8,14.0
2012-09-30,2223170,True,16.2,21.0,12.0
2012-10-01,2107616,True,18.1,24.6,12.5
2012-10-02,2316511,True,19.3,24.9,14.3
2012-10-03,2236844,True,19.9,26.0,15.0
2012-10-04,2438807,True,19.0,24.2,14.4
2012-10-05,2461035,True,19.0,22.8,14.9
2012-10-06,2347844,True,19.6,24.5,16.1
2012-10-07,2312562,True,19.2,24.4,15.1
2012-10-08,2486501,True,18.4,23.4,14.6
2012-10-09,2534195,True,17.6,22.4,13.8
2012-10-10,2780290,True,15.7,20.3,12.6
2012-10-11,3094019,True,13.9,19.0,9.9
2012-10-12,3097222,True,14.9,,8.5
2012-10-13,2906487,True,16.4,23.1,11.3
2012-10-14,2868008,True,16.3,21.8,12.0
2012-10-15,3252499,True,14.8,21.8,10.3
2012-10-16,3172450,True,17.1,23.4,10.8
2012-10-17,3570868,True,12.6,17.6,8.1
2012-10-18,3836905,True,11.6,17.0,6.0
2012-10-19,3509728,True,14.8,20.1,10.3
2012-10-20,3289687,True,15.8,21.0,10.5
2012-10-21,2876787,True,18.3,23.7,15.4
2012-10-22,3664966,True,13.4,17.1,8.5
2012-10-23,4137286,True,10.0,14.5,4.5
2012-10-24,3931963,True,13.2,18.4,9.5
2012-10-25,3645863,True,15.2,20.0,12.6
2012-10-26,3451980,True,15.9,22.3,11.1
2012-10-27,3765037,True,14.3,16.4,12.5
2012-10-28,3503885,True,14.3,18.8,10.8
2012-10-29,4019189,True,11.7,16.7,8.0
2012-10-30,4623948,True,8.6,12.4,5.8
2012-10-31,5396841,True,6.9,11.6,2.8
2012-11-01,5926260,True,5.6,10.0,2.7
2012-11-02,5759354,True,7.2,12.4,1.6
2012-11-03,5365843,True,9.4,15.7,3.2
2012-11-04,5197196,True,11.8,15.3,9.1
2012-11-05,5403675,True,8.5,10.7,7.2
2012-11-06,5813587,True,7.1,8.6,5.1
2012-11-07,5686894,True,8.4,12.5,4.1
2012-11-08,5578999,True,8.8,12.6,6.0
2012-11-09,5494274,True,9.4,15.0,4.4
2012-11-10,5175711,True,12.0,14.7,9.2
2012-11-11,5645595,True,8.7,12.0,3.6
2012-11-12,6167325,True,7.3,9.1,5.8
2012-11-13,6521134,True,5.3,9.1,1.7
2012-11-14,7344580,True,2.4,6.7,-0.6
2012-11-15,7154802,True,4.2,9.8,-0.3
2012-11-16,7173999,True,4.9,8.2,1.0
2012-11-17,6810155,True,5.3,8.0,1.5
2012-11-18,6953227,True,3.5,8.4,-0.5
2012-11-19,7513564,True,3.4,7.6,-0.5
2012-11-20,7953823,True,1.9,6.4,-1.8
2012-11-21,7703771,True,4.1,8.4,-0.4
2012-11-22,7189803,True,6.7,10.5,1.9
2012-11-23,7524555,True,3.3,6.9,0.3
2012-11-24,7711519,True,1.7,6.7,-1.8
2012-11-25,7558244,True,3.4,7.5,-0.7
2012-11-26,8097111,True,2.3,5.1,-1.2
2012-11-27,8402958,True,2.1,6.5,-2.8
2012-11-28,7893132,True,5.0,10.2,-0.1
2012-11-29,8477014,True,0.8,4.7,-1.9
2012-11-30,8437736,True,1.7,6.2,-3.0
2012-12-01,8975377,True,-0.9,4.0,-5.9
2012-12-02,8127834,True,2.9,7.1,1.0
2012-12-03,8804213,True,1.7,5.0,-1.6
2012-12-04,9732536,True,-3.3,-0.1,-5.9
2012-12-05,10314235,True,-3.8,-0.8,-6.2
2012-12-06,10914789,True,-6.3,-2.9,-10.3
2012-12-07,11104804,True,-4.5,-2.4,-6.4
2012-12-08,11465786,True,-8.2,-5.3,-11.0
2012-12-09,12149654,True,-10.5,-7.0,-13.2
2012-12-10,12410934,True,-8.3,-4.6,-11.8
2012-12-11,12114904,True,-6.5,-0.8,-10.4
2012-12-12,11687963,True,-5.0,0.0,-9.0
2012-12-13,10993885,True,-1.5,3.4,-6.2
2012-12-14,10197863,True,2.7,4.7,0.3
2012-12-15,8764613,True,4.6,8.3,1.9
2012-12-16,8774759,True,1.6,4.3,-1.2
2012-12-17,9536987,True,-0.4,3.2,-4.7
2012-12-18,10970231,True,-6.8,-4.0,-9.2
2012-12-19,11228379,True,-6.9,-2.8,-10.4
2012-12-20,11013442,True,-3.4,0.3,-7.8
2012-12-21,10881140,True,-0.7,0.8,-1.9
2012-12-22,10041463,True,-3.0,-0.8,-5.9
2012-12-23,11475329,True,-8.9,-5.9,-12.5
2012-12-24,12478764,True,-8.8,-4.5,-13.6
2012-12-25,12067229,True,-8.9,-4.6,-13.7
2012-12-26,13406035,True,-10.8,-7.0,-14.5
2012-12-27,12541094,True,-5.7,-0.8,-11.3
2012-12-28,11301576,True,-0.9,1.5,-3.5
2012-12-29,10529685,True,-0.3,0.6,-1.9
2012-12-30,11219538,True,-8.2,0.0,-10.7
2012-12-31,12217431,True,-8.7,-5.0,-11.6
2013-01-01,11315941,True,-4.7,0.0,-8.7
2013-01-02,13109295,True,-11.7,-4.8,-15.1
2013-01-03,14024371,True,-13.2,-9.3,-16.4
2013-01-04,13623338,True,-10.7,-5.8,-14.8
2013-01-05,12681900,True,-7.0,-1.2,-12.1
2013-01-06,12013045,True,-6.3,-2.0,-9.4
2013-01-07,12144593,True,-5.1,0.1,-8.8
2013-01-08,11810674,True,-4.6,-0.7,-6.8
2013-01-09,12552214,True,-9.0,-6.4,-10.7
2013-01-10,12643571,True,-8.3,-3.6,-12.3
2013-01-11,11529678,True,-3.2,1.4,-7.9
2013-01-12,10618595,True,0.0,4.2,-2.7
2013-01-13,9634848,True,-0.5,3.3,-3.0
2013-01-14,10558783,True,-2.1,1.8,-4.3
2013-01-15,10613260,True,-2.1,2.0,-5.5
2013-01-16,10657250,True,-2.6,0.4,-5.8
2013-01-17,11369765,True,-5.8,-2.5,-8.2
2013-01-18,11122777,True,-4.4,0.2,-9.2
2013-01-19,9907623,True,0.5,4.6,-2.5
2013-01-20,9471687,True,1.6,4.1,-2.0
2013-01-21,9534478,True,2.2,4.0,1.1
2013-01-22,8930142,True,3.8,6.0,2.0
2013-01-23,9029926,True,1.8,3.8,1.0
2013-01-24,9806570,True,-0.9,2.4,-6.7
2013-01-25,11645063,True,-9.1,-6.5,-10.8
2013-01-26,11887044,True,-9.2,-5.1,-11.9
2013-01-27,11626529,True,-7.3,-3.9,-10.7
2013-01-28,11477290,True,-3.5,0.2,-8.9
2013-01-29,10138927,True,2.2,3.7,-0.3
2013-01-30,9002188,True,5.4,8.5,3.5
2013-01-31,8126363,True,7.4,11.5,3.7
2013-02-01,7781894,True,7.3,9.3,3.7
2013-02-02,8510135,True,-1.1,3.7,-4.5
2013-02-03,9679660,True,-3.2,-1.1,-5.8
2013-02-04,10002144,True,-0.8,2.5,-3.3
2013-02-05,9808137,True,-0.6,2.7,-4.0
2013-02-06,10144082,True,-1.5,0.2,-3.1
2013-02-07,12402338,True,-11.1,-2.6,-13.8
2013-02-08,13230877,True,-11.5,-6.1,-15.8
2013-02-09,11684648,True,-7.2,-2.6,-12.3
2013-02-10,9985202,True,-4.0,-0.5,-8.4
2013-02-11,10846584,True,-5.8,-0.9,-10.4
2013-02-12,11420604,True,-3.8,-1.9,-4.8
2013-02-13,10599650,True,-1.3,2.9,-6.3
2013-02-14,9770067,True,1.1,5.2,-2.6
2013-02-15,9746809,True,-1.2,1.5,-5.2
2013-02-16,9857737,True,-2.6,2.6,-7.0
2013-02-17,9036989,True,2.3,5.8,-2.1
2013-02-18,9274232,True,0.5,3.1,-2.5
2013-02-19,9998855,True,-2.9,0.6,-7.1
2013-02-20,10536476,True,-4.8,0.0,-8.7
2013-02-21,9934157,True,-1.7,2.5,-5.3
2013-02-22,9489233,True,0.5,4.3,-3.1
2013-02-23,9538283,True,-0.9,2.4,-4.4
2013-02-24,8808152,True,1.4,5.3,-2.4
2013-02-25,8659447,True,3.3,8.6,-0.7
2013-02-26,8530182,True,4.8,7.5,2.5
2013-02-27,7711522,True,3.4,8.8,0.8
2013-02-28,7528278,True,6.7,13.9,-1.1
2013-03-01,7828219,True,0.8,7.7,-2.4
2013-03-02,8460249,True,-0.8,3.1,-4.4
2013-03-03,8390532,True,0.4,4.8,-3.5
2013-03-04,8330515,True,3.1,8.9,-0.7
2013-03-05,8009672,True,3.7,9.1,-0.7
2013-03-06,7417203,True,7.9,14.3,0.9
2013-03-07,6916165,True,8.0,11.7,4.3
2013-03-08,6557219,True,8.5,14.1,3.8
2013-03-09,5700118,True,13.2,23.8,6.2
2013-03-10,6909985,True,1.2,7.9,-1.5
2013-03-11,7246533,True,4.2,12.1,-2.6
2013-03-12,6979392,True,7.5,11.7,1.6
2013-03-13,7163205,True,5.2,8.4,1.8
2013-03-14,7246989,True,4.1,9.8,0.9
2013-03-15,7143520,True,4.6,10.5,0.0
2013-03-16,6678844,True,6.3,12.7,1.6
2013-03-17,6331637,True,8.2,15.9,3.4
2013-03-18,6224064,True,8.3,14.2,5.3
2013-03-19,6252119,True,8.0,11.4,5.2
2013-03-20,7295533,True,2.8,8.5,-2.5
2013-03-21,7865969,True,1.5,7.2,-4.0
2013-03-22,7494138,True,3.4,6.9,0.9
2013-03-23,7129626,True,5.4,12.1,-1.2
2013-03-24,6743815,True,5.1,10.2,1.8
2013-03-25,7364762,True,2.8,7.8,-0.7
2013-03-26,7130803,True,4.4,10.4,-0.9
2013-03-27,6648622,True,7.5,14.9,1.4
2013-03-28,6528312,True,7.3,12.0,4.4
2013-03-29,6637236,True,5.4,10.4,0.6
2013-03-30,6718420,True,4.9,10.2,2.3
2013-03-31,6337289,True,6.3,13.2,1.0
2013-04-01,6200847,True,9.2,13.4,3.3
2013-04-02,6353228,True,7.2,9.5,5.8
2013-04-03,6033343,True,7.9,14.1,4.5
2013-04-04,5367297,True,12.6,19.8,5.6
2013-04-05,4861781,True,14.6,19.9,10.1
2013-04-06,5555768,True,7.5,13.0,2.5
2013-04-07,5920016,True,5.1,9.6,2.0
2013-04-08,6072619,True,8.0,13.8,2.5
2013-04-09,6280687,True,6.2,10.7,3.2
2013-04-10,6634933,True,5.0,8.1,1.3
2013-04-11,6588243,True,5.5,9.6,3.7
2013-04-12,6293456,True,6.9,11.9,2.2
2013-04-13,5620234,True,11.4,17.5,3.4
2013-04-14,5484887,True,8.3,12.2,4.2
2013-04-15,5909173,True,7.5,12.5,2.6
2013-04-16,5148981,True,13.2,19.1,8.6
2013-04-17,4504039,True,14.8,20.6,10.3
2013-04-18,4556115,True,12.3,16.3,9.0
2013-04-19,4772076,True,9.8,15.0,5.1
2013-04-20,5422880,True,6.6,10.1,4.0
2013-04-21,5040783,True,9.0,15.3,4.2
2013-04-22,4826898,True,11.4,17.2,5.6
2013-04-23,5055711,True,11.2,14.8,9.7
2013-04-24,4531166,True,12.3,18.0,8.3
2013-04-25,4985745,True,9.3,13.8,7.9
2013-04-26,4606855,True,11.7,16.3,6.9
2013-04-27,4282464,True,12.8,18.5,8.2
2013-04-28,3947427,True,16.0,21.6,10.3
2013-04-29,4057058,True,13.5,17.7,9.0
2013-04-30,3896075,True,13.4,19.5,7.7
2013-05-01,3757248,True,13.2,18.6,8.7
2013-05-02,3799415,True,12.4,17.1,9.0
2013-05-03,3852798,True,12.6,18.2,9.0
2013-05-04,3638387,True,13.9,19.6,9.3
2013-05-05,3463745,True,14.3,20.6,9.2
2013-05-06,3522584,True,14.6,21.3,7.9
2013-05-07,3270014,True,18.7,26.7,11.9
2013-05-08,3104003,True,19.4,26.2,12.7
2013-05-09,3097172,True,18.1,23.0,14.7
2013-05-10,3302209,True,14.0,16.1,10.4
2013-05-11,2976879,True,17.9,24.8,11.0
2013-05-12,2749899,True,19.1,22.5,16.4
2013-05-13,2716091,True,21.6,26.8,17.7
2013-05-14,2659670,True,20.2,25.3,17.0
2013-05-15,2611284,True,19.4,24.4,15.6
2013-05-16,2558352,True,22.0,28.3,15.3
2013-05-17,2280970,True,20.2,26.6,15.7
2013-05-18,2365283,True,17.7,22.3,13.7
2013-05-19,2490539,True,16.6,21.5,13.6
2013-05-20,2770579,True,14.4,18.5,12.1
2013-05-21,2743287,True,17.7,24.6,10.2
2013-05-22,2655714,True,19.7,25.9,13.9
2013-05-23,2593620,True,22.1,30.2,15.4
2013-05-24,2523636,True,21.3,27.5,15.7
2013-05-25,2279938,True,24.7,31.8,18.2
2013-05-26,2102725,True,23.9,28.4,20.8
2013-05-27,2473252,True,19.7,22.6,17.7
2013-05-28,2531949,True,18.9,20.9,17.6
2013-05-29,2638876,True,16.1,18.1,14.9
2013-05-30,2552678,True,19.2,25.0,14.3
2013-05-31,2464146,True,21.3,27.8,13.9
2013-06-01,2260154,True,21.7,27.9,17.4
2013-06-02,2129564,True,23.5,30.8,16.3
2013-06-03,2374052,True,21.3,26.7,18.4
2013-06-04,2375940,True,22.8,28.4,17.5
2013-06-05,2371589,True,24.8,30.4,19.1
2013-06-06,2062127,True,25.0,30.0,21.7
2013-06-07,2308183,True,25.7,31.1,20.7
2013-06-08,2059956,True,26.4,31.2,21.0
2013-06-09,1894466,True,27.4,32.4,22.3
2013-06-10,2269950,True,27.5,32.2,21.6
2013-06-11,2235819,True,23.7,26.7,20.5
2013-06-12,2233474,True,20.5,22.5,19.6
2013-06-13,2267964,True,23.0,27.5,18.8
2013-06-14,2284685,True,24.6,29.7,20.9
2013-06-15,2014327,True,24.6,29.1,21.3
2013-06-16,1879884,True,22.5,27.5,19.8
2013-06-17,2226948,True,22.3,25.8,19.9
2013-06-18,2280095,True,21.7,23.1,20.5
2013-06-19,2293336,True,24.3,29.6,20.6
2013-06-20,2276253,True,25.8,31.1,20.9
2013-06-21,2269207,True,26.6,31.8,22.9
2013-06-22,2026792,True,25.1,29.6,22.7
2013-06-23,1848537,True,22.9,26.2,20.6
2013-06-24,2214607,True,23.5,29.4,19.6
2013-06-25,2247428,True,25.1,29.8,21.0
2013-06-26,2243763,True,24.5,29.7,21.1
2013-06-27,2258930,True,25.1,31.8,20.4
2013-06-28,2241530,True,25.5,30.6,21.5
2013-06-29,1967269,True,27.2,32.6,21.8
2013-06-30,1809758,True,27.7,31.9,23.4
2013-07-01,2212260,True,27.1,31.3,23.9
2013-07-02,2240075,True,24.3,27.9,21.5
2013-07-03,2201455,True,25.2,30.7,20.5
2013-07-04,2271750,True,24.9,27.6,23.1
2013-07-05,2219440,True,25.6,30.2,22.1
2013-07-06,1953568,True,25.2,30.6,21.3
2013-07-07,1832022,True,24.9,29.5,22.4
2013-07-08,2307775,True,24.3,26.3,22.3
2013-07-09,2308246,True,24.5,26.2,23.5
2013-07-10,2313359,True,25.3,26.1,24.6
2013-07-11,2372279,True,24.6,25.1,23.8
2013-07-12,2410458,True,23.6,24.3,23.2
2013-07-13,2263340,True,24.2,25.6,22.2
2013-07-14,2077888,True,24.1,25.4,23.1
2013-07-15,2445412,True,26.5,29.1,23.6
2013-07-16,2370643,True,26.9,28.8,25.2
2013-07-17,2419007,True,24.2,25.7,23.5
2013-07-18,2436434,True,25.1,27.7,23.8
2013-07-19,2374993,True,26.8,30.5,23.3
2013-07-20,2093950,True,27.0,30.3,25.3
2013-07-21,1966077,True,26.8,28.4,25.6
2013-07-22,2356211,True,26.4,29.4,24.1
2013-07-23,2448652,True,25.7,26.4,24.7
2013-07-24,2327233,True,24.7,27.6,23.2
2013-07-25,2286816,True,26.0,30.2,22.9
2013-07-26,2254728,True,26.5,31.1,23.1
2013-07-27,1990508,True,26.2,31.2,23.1
2013-07-28,1905936,True,25.3,26.7,23.9
2013-07-29,2254971,True,26.5,29.6,24.4
2013-07-30,2190892,True,26.3,29.9,24.0
2013-07-31,2194859,True,26.4,29.0,24.7
2013-08-01,2151629,True,28.0,32.1,24.5
2013-08-02,2154145,True,27.4,29.3,25.2
2013-08-03,1887089,True,28.9,32.6,26.7
2013-08-04,1788134,True,28.3,31.3,26.4
2013-08-05,2197914,True,27.7,30.1,26.4
2013-08-06,2202523,True,26.4,27.6,23.0
2013-08-07,2220628,True,28.7,32.1,25.0
2013-08-08,2260033,True,29.3,32.8,27.3
2013-08-09,2281199,True,29.2,30.8,27.9
2013-08-10,1966271,True,28.0,29.4,25.8
2013-08-11,1772160,True,28.7,33.2,24.2
2013-08-12,2254851,True,29.3,32.6,27.1
2013-08-13,2206117,True,29.0,32.9,26.6
2013-08-14,2179719,True,28.6,32.0,26.2
2013-08-15,1803467,True,28.7,32.4,25.8
2013-08-16,2176191,True,28.7,31.7,26.1
2013-08-17,1870697,True,28.7,31.6,27.1
2013-08-18,1725151,True,28.3,31.5,26.0
2013-08-19,2199506,True,28.2,32.3,25.7
2013-08-20,2190308,True,27.4,32.3,23.0
2013-08-21,2173100,True,28.8,33.9,23.0
2013-08-22,2194106,True,29.3,33.9,24.2
2013-08-23,2176089,True,25.7,28.7,23.7
2013-08-24,1820519,True,26.6,31.5,21.9
2013-08-25,1650789,True,27.1,32.1,22.0
2013-08-26,2127873,True,27.0,31.6,22.0
2013-08-27,2133703,True,25.6,29.3,22.5
2013-08-28,2130297,True,26.4,30.8,22.7
2013-08-29,2228345,True,25.5,26.7,24.5
2013-08-30,2154285,True,25.1,28.3,22.3
2013-08-31,1843385,True,24.0,27.9,21.1
2013-09-01,1715846,True,23.5,28.2,19.8
2013-09-02,2071388,True,22.4,26.9,17.3
2013-09-03,2089181,True,21.7,26.8,16.4
2013-09-04,2105880,True,22.0,27.5,16.4
2013-09-05,2091021,True,21.2,24.1,17.9
2013-09-06,2101035,True,20.8,23.1,19.0
2013-09-07,1937659,True,21.9,26.9,17.9
2013-09-08,1807980,True,22.9,27.9,18.4
2013-09-09,2109528,True,23.0,26.5,19.8
2013-09-10,2180052,True,22.0,25.2,19.1
2013-09-11,2231785,True,20.1,20.9,19.1
2013-09-12,2215117,True,23.0,26.3,20.3
2013-09-13,2305342,True,22.9,25.2,20.9
2013-09-14,2091737,True,23.1,25.3,21.5
2013-09-15,1910902,True,23.4,28.2,20.3
2013-09-16,2197459,True,20.9,27.0,15.2
2013-09-17,2204852,True,22.6,29.3,17.0
2013-09-18,1892037,True,24.4,31.1,17.5
2013-09-19,1461481,True,24.7,30.2,20.5
2013-09-20,1550358,True,23.4,28.0,20.1
2013-09-21,1761011,True,23.8,27.8,19.9
2013-09-22,1788624,True,23.1,27.2,20.4
2013-09-23,2185372,True,23.8,29.0,
2013-09-24,2217764,True,22.0,23.9,20.0
2013-09-25,2245070,True,19.5,24.2,15.3
2013-09-26,2368341,True,17.3,22.5,12.7
2013-09-27,2374456,True,17.9,24.0,10.9
2013-09-28,2304370,True,17.4,19.9,15.2
2013-09-29,2385093,True,17.2,19.7,14.7
2013-09-30,2369432,True,20.7,25.5,18.0
2013-10-01,2354445,True,21.6,27.2,17.2
2013-10-02,2355331,True,19.4,22.8,15.0
2013-10-03,2416971,True,16.3,21.3,11.0
2013-10-04,2492900,True,17.4,25.1,10.7
2013-10-05,2331086,True,20.0,28.1,12.6
2013-10-06,2187174,True,20.8,25.7,15.4
2013-10-07,2313350,True,22.8,26.9,19.8
2013-10-08,2383945,True,20.0,21.8,18.0
2013-10-09,2233947,True,20.5,26.4,15.5
2013-10-10,2340239,True,21.1,26.4,15.9
2013-10-11,2435361,True,18.1,20.7,14.1
2013-10-12,2436762,True,16.4,21.5,11.0
2013-10-13,2292081,True,17.1,23.4,12.2
2013-10-14,2503273,True,18.3,24.4,13.3
2013-10-15,3211056,True,12.0,17.4,7.7
2013-10-16,3507435,True,11.2,16.8,6.1
2013-10-17,3560976,True,12.4,18.9,6.8
2013-10-18,3459764,True,13.6,20.2,8.1
2013-10-19,3322553,True,14.6,19.5,9.8
2013-10-20,2994743,True,16.7,22.9,11.7
2013-10-21,3161578,True,16.2,22.2,12.0
2013-10-22,3217316,True,15.9,21.7,11.3
2013-10-23,3158633,True,16.2,22.1,12.2
2013-10-24,3509318,True,13.1,18.5,7.8
2013-10-25,4167193,True,9.3,14.5,5.3
2013-10-26,4171510,True,10.0,15.7,4.3
2013-10-27,4046492,True,11.4,18.0,5.1
2013-10-28,4125240,True,11.6,16.7,6.7
2013-10-29,4173784,True,12.7,16.5,9.5
2013-10-30,4370937,True,10.5,16.2,6.4
2013-10-31,4339814,True,11.7,18.8,5.5
2013-11-01,4031581,True,14.8,20.7,8.6
2013-11-02,4220081,True,11.6,14.9,8.6
2013-11-03,4168301,True,11.9,16.7,7.8
2013-11-04,4182652,True,12.6,17.6,9.2
2013-11-05,4244527,True,12.3,18.5,7.5
2013-11-06,4407310,True,12.2,15.9,9.0
2013-11-07,4431887,True,12.2,15.8,7.5
2013-11-08,4884941,True,9.0,14.5,4.0
2013-11-09,4918318,True,11.6,15.5,9.2
2013-11-10,5671750,True,5.5,10.4,2.1
2013-11-11,6630252,True,2.6,7.5,-1.4
2013-11-12,6884679,True,3.4,8.5,-1.1
2013-11-13,6754033,True,4.8,11.4,-0.9
2013-11-14,6589884,True,6.7,9.9,3.1
2013-11-15,6139175,True,8.2,12.4,5.8
2013-11-16,6082503,True,7.0,12.0,2.4
2013-11-17,6486147,True,5.2,7.6,2.2
2013-11-18,7851902,True,1.1,4.2,-1.5
2013-11-19,8358729,True,1.1,3.8,-1.7
2013-11-20,8271118,True,1.5,5.9,-1.9
2013-11-21,7948729,True,2.6,7.3,-1.4
2013-11-22,7560369,True,4.6,10.5,-0.7
2013-11-23,6711288,True,7.1,12.5,2.2
2013-11-24,6630916,True,7.3,10.6,4.4
2013-11-25,7545647,True,4.7,10.2,-0.1
2013-11-26,8044095,True,2.1,5.8,-2.4
2013-11-27,8552901,True,0.0,4.7,-4.3
2013-11-28,9479071,True,-3.8,-0.9,-6.4
2013-11-29,9041296,True,-0.7,4.8,-5.4
2013-11-30,7791675,True,5.3,10.6,-1.1
2013-12-01,7412971,True,4.5,8.6,1.4
2013-12-02,7816744,True,3.9,6.6,0.1
2013-12-03,7179584,True,6.7,9.9,4.5
2013-12-04,7205633,True,5.5,9.6,2.1
2013-12-05,7173138,True,5.5,9.0,2.1
2013-12-06,7582462,True,3.0,7.0,-0.7
2013-12-07,6932083,True,6.2,11.0,3.8
2013-12-08,7137086,True,4.2,6.5,2.5
2013-12-09,7720694,True,3.8,5.2,1.9
2013-12-10,8380009,True,0.3,3.5,-2.2
2013-12-11,9080419,True,-1.7,0.2,-4.3
2013-12-12,9869079,True,-3.2,0.3,-6.3
2013-12-13,10581346,True,-6.8,-4.3,-8.9
2013-12-14,10369994,True,-4.9,-1.4,-8.5
2013-12-15,10174230,True,-4.4,0.7,-8.0
2013-12-16,10594476,True,-3.6,0.5,-7.3
2013-12-17,10110025,True,-0.3,4.7,-5.5
2013-12-18,9396187,True,2.2,6.5,-0.9
2013-12-19,10233354,True,-3.5,-0.9,-6.5
2013-12-20,10514777,True,-4.0,-0.1,-8.1
2013-12-21,9997855,True,-3.1,0.9,-6.3
2013-12-22,9705320,True,-2.1,3.1,-6.8
2013-12-23,9658362,True,-1.1,2.3,-3.7
2013-12-24,9740170,True,-1.6,4.0,-5.9
2013-12-25,9273432,True,-0.5,3.7,-4.4
2013-12-26,9663115,True,-0.5,2.7,-4.0
2013-12-27,10945190,True,-6.8,-3.7,-9.3
2013-12-28,10861812,True,-6.5,-2.7,-9.8
2013-12-29,10196343,True,-2.9,1.6,-8.0
2013-12-30,9565184,True,2.2,6.3,1.1
2013-12-31,8870490,True,3.8,8.0,3.0
2014-01-01,8151987,True,4.0,7.9,0.3
2014-01-02,8481624,True,1.5,6.2,-1.3
2014-01-03,8394250,True,2.3,7.3,-1.1
2014-01-04,8472586,True,-0.1,5.6,-3.7
2014-01-05,8681310,True,-0.8,3.8,-4.3
2014-01-06,8978360,True,0.8,6.4,-3.7
2014-01-07,8664688,True,3.0,5.5,0.3
2014-01-08,9117944,True,0.5,4.0,-5.7
2014-01-09,11054281,True,-7.8,-4.3,-10.4
2014-01-10,10775511,True,-4.7,-0.9,-9.3
2014-01-11,9792777,True,-1.7,2.4,-5.4
2014-01-12,9728943,True,-2.4,2.5,-7.7
2014-01-13,11149516,True,-6.2,-1.6,-10.5
2014-01-14,10810979,True,-4.3,1.1,-8.9
2014-01-15,10460962,True,-2.9,2.2,-7.6
2014-01-16,9828276,True,0.1,3.6,-4.0
2014-01-17,9523728,True,-0.1,3.8,-3.7
2014-01-18,9545807,True,-2.2,0.8,-4.9
2014-01-19,9649770,True,-2.6,2.4,-7.4
2014-01-20,9979833,True,-1.5,1.9,-4.2
2014-01-21,10706596,True,-5.5,-3.1,-7.2
2014-01-22,10544295,True,-3.9,1.6,-9.5
2014-01-23,9881698,True,-0.8,4.1,-5.3
2014-01-24,9051971,True,3.0,5.7,-1.1
2014-01-25,8365492,True,4.2,6.3,-0.4
2014-01-26,9046030,True,-2.1,2.3,-5.3
2014-01-27,9367754,True,0.2,6.0,-5.4
2014-01-28,8922972,True,1.5,4.6,-3.0
2014-01-29,9004367,True,2.2,8.2,-5.3
2014-01-30,7861365,True,4.0,6.5,-1.0
2014-01-31,7359123,True,1.3,7.0,-4.3
2014-02-01,7532157,True,4.9,6.0,3.7
2014-02-02,7640145,True,4.9,6.5,2.8
2014-02-03,9883977,True,-3.5,2.8,-8.2
2014-02-04,11214798,True,-7.4,-3.7,-10.5
2014-02-05,10908697,True,-4.8,0.3,-8.9
2014-02-06,10167168,True,-1.3,4.5,-5.2
2014-02-07,9447873,True,2.4,7.6,-2.0
2014-02-08,9158768,True,0.2,2.5,-1.5
2014-02-09,9225961,True,-1.6,0.7,-3.4
2014-02-10,9489896,True,-0.1,4.4,-2.9
2014-02-11,9331407,True,0.2,5.2,-3.8
2014-02-12,9036265,True,1.2,5.1,-2.0
2014-02-13,8805651,True,1.9,6.5,-2.1
2014-02-14,8433013,True,2.7,7.6,-0.7
2014-02-15,7944074,True,2.7,8.5,-1.9
2014-02-16,7804267,True,2.8,8.1,-1.1
2014-02-17,7952308,True,4.2,8.5,0.9
2014-02-18,8134356,True,2.5,5.4,0.3
2014-02-19,8179619,True,2.1,6.7,-1.9
2014-02-20,8262843,True,1.2,5.5,-1.2
2014-02-21,8329069,True,0.9,6.9,-4.0
2014-02-22,7913947,True,2.2,7.4,-2.1
2014-02-23,7636027,True,3.1,8.5,-1.8
2014-02-24,7673348,True,4.1,9.3,-0.3
2014-02-25,7331124,True,5.7,12.3,0.6
2014-02-26,6784592,True,8.4,16.4,1.4
2014-02-27,6461643,True,7.7,13.1,3.8
2014-02-28,6510788,True,6.7,12.3,1.3
2014-03-01,6334686,True,6.0,9.4,3.3
2014-03-02,6560194,True,4.5,10.1,-0.2
2014-03-03,6896178,True,5.2,11.9,-1.0
2014-03-04,6861602,True,6.3,12.3,2.2
2014-03-05,7735872,True,1.4,5.3,-1.4
2014-03-06,8304194,True,0.3,5.0,-3.0
2014-03-07,8563446,True,-0.6,4.3,-4.6
2014-03-08,7934576,True,2.0,7.0,-2.2
2014-03-09,7908705,True,1.4,4.8,-1.6
2014-03-10,8128506,True,1.5,7.7,-3.6
2014-03-11,7692635,True,4.5,9.4,-0.9
2014-03-12,7234871,True,6.9,9.5,4.0
2014-03-13,7311180,True,5.2,8.3,1.6
2014-03-14,7355182,True,3.4,8.5,-1.5
2014-03-15,6818929,True,6.8,13.4,0.1
2014-03-16,5790179,True,11.3,18.5,5.7
2014-03-17,5501695,True,12.6,19.4,6.9
2014-03-18,5254724,True,10.5,16.0,7.7
2014-03-19,5421044,True,9.6,12.6,7.4
2014-03-20,5901296,True,6.3,10.3,2.8
2014-03-21,6097710,True,5.9,12.0,1.2
2014-03-22,5617090,True,8.6,15.5,2.3
2014-03-23,5263975,True,9.6,15.5,4.6
2014-03-24,5253362,True,10.9,15.3,4.6
2014-03-25,4680824,True,14.6,18.2,11.9
2014-03-26,4287927,True,15.4,21.9,0.0
2014-03-27,4291650,True,13.5,20.4,7.7
2014-03-28,3955574,True,16.6,23.8,11.3
2014-03-29,3886847,True,15.0,18.0,13.2
2014-03-30,3713890,True,14.9,20.6,10.2
2014-03-31,3795133,True,14.5,20.2,8.8
2014-04-01,3761008,True,15.6,23.0,9.5
2014-04-02,3676733,True,15.5,21.9,9.9
2014-04-03,4303653,True,10.2,13.6,5.5
2014-04-04,4925879,True,6.6,11.7,2.3
2014-04-05,5202667,True,6.2,11.0,3.5
2014-04-06,5345080,True,7.4,12.8,2.3
2014-04-07,4960425,True,10.3,16.7,4.9
2014-04-08,4570118,True,11.9,19.7,5.7
2014-04-09,4640846,True,10.3,15.3,7.0
2014-04-10,4401644,True,12.5,20.0,7.2
2014-04-11,4149271,True,13.6,18.7,10.1
2014-04-12,3961594,True,14.3,17.2,11.1
2014-04-13,3490483,True,17.2,24.3,13.2
2014-04-14,3475566,True,16.3,22.4,12.1
2014-04-15,3666108,True,12.9,16.8,9.3
2014-04-16,3665631,True,14.0,19.4,10.0
2014-04-17,3750157,True,14.7,20.9,8.4
2014-04-18,3494414,True,15.9,23.0,12.0
2014-04-19,3530071,True,14.0,18.4,11.4
2014-04-20,3366503,True,14.6,21.6,10.0
2014-04-21,3409815,True,15.1,21.4,9.8
2014-04-22,3335238,True,16.0,23.3,9.6
2014-04-23,3201926,True,17.2,24.9,10.4
2014-04-24,3022936,True,18.6,26.2,12.1
2014-04-25,2922824,True,19.0,25.9,12.3
2014-04-26,2788607,True,18.7,25.4,13.3
2014-04-27,2880502,True,15.6,18.3,13.6
2014-04-28,3363923,True,13.6,15.0,12.2
2014-04-29,3308231,True,15.0,18.9,11.9
2014-04-30,3095806,True,16.1,21.4,11.4
2014-05-01,2985630,True,16.0,22.1,10.4
2014-05-02,3064619,True,15.7,24.8,11.1
2014-05-03,3090117,True,13.1,19.3,8.0
2014-05-04,3061127,True,12.3,20.5,8.5
2014-05-05,3297178,True,11.3,15.5,6.8
2014-05-06,3390197,True,13.1,19.0,7.6
2014-05-07,3392819,True,15.7,22.3,8.7
2014-05-08,3374731,True,14.5,19.5,11.5
2014-05-09,3124233,True,16.8,23.8,9.8
2014-05-10,2796434,True,20.5,28.3,12.9
2014-05-11,2739922,True,18.9,23.8,15.9
2014-05-12,2927206,True,16.4,20.4,13.6
2014-05-13,2780804,True,19.0,25.6,11.9
2014-05-14,2647958,True,19.6,25.9,15.3
2014-05-15,2619210,True,18.2,23.7,14.5
2014-05-16,2624034,True,19.0,26.2,12.3
2014-05-17,2449000,True,20.0,26.2,14.3
2014-05-18,2309773,True,20.6,27.1,13.7
2014-05-19,2495369,True,20.1,26.2,14.1
2014-05-20,2483256,True,21.2,28.4,16.1
2014-05-21,2471431,True,20.1,26.5,16.0
2014-05-22,2483859,True,20.6,28.3,13.6
2014-05-23,2437269,True,22.0,27.8,17.6
2014-05-24,2265042,True,21.3,27.9,16.9
2014-05-25,2172720,True,20.5,24.9,18.3
2014-05-26,2386573,True,19.2,24.7,16.5
2014-05-27,2392715,True,22.8,28.3,16.7
2014-05-28,2395208,True,24.0,29.8,19.9
2014-05-29,2376260,True,23.2,30.9,17.5
2014-05-30,2348880,True,24.8,31.8,17.3
2014-05-31,2124448,True,26.2,33.3,20.5
2014-06-01,1964987,True,24.7,29.9,20.4
2014-06-02,2266054,True,22.6,24.6,20.6
2014-06-03,2290921,True,18.7,21.0,17.5
2014-06-04,2057743,True,22.8,27.8,18.7
2014-06-05,2188389,True,22.9,26.1,20.4
2014-06-06,1948628,True,24.4,31.1,18.8
2014-06-07,1964884,True,23.5,27.1,19.7
2014-06-08,1895260,True,21.4,24.5,19.2
2014-06-09,2247927,True,22.9,28.7,18.5
2014-06-10,2298000,True,23.6,29.3,20.0
2014-06-11,2323757,True,20.5,26.9,18.3
2014-06-12,2308118,True,21.2,27.1,17.3
2014-06-13,2258595,True,21.3,25.8,18.4
2014-06-14,2072340,True,22.5,27.7,18.3
2014-06-15,1947997,True,23.2,28.5,19.5
2014-06-16,2250481,True,23.9,29.0,19.1
2014-06-17,2300577,True,24.5,30.7,21.5
2014-06-18,2302612,True,24.4,29.1,20.5
2014-06-19,2268749,True,22.5,25.6,20.8
2014-06-20,2279851,True,24.2,28.6,20.7
2014-06-21,2043037,True,23.1,28.2,19.8
2014-06-22,1896289,True,23.7,29.0,20.2
2014-06-23,2239941,True,21.0,23.2,19.4
2014-06-24,2262030,True,22.9,27.2,19.4
2014-06-25,2297621,True,23.8,29.0,20.2
2014-06-26,2302676,True,24.4,29.5,20.2
2014-06-27,2266536,True,24.1,29.5,20.6
2014-06-28,2000215,True,23.8,28.4,21.3
2014-06-29,1860653,True,24.1,29.8,20.9
2014-06-30,2236706,True,25.3,30.2,21.2
2014-07-01,2281985,True,26.0,31.2,21.1
2014-07-02,2293694,True,25.7,31.1,22.1
2014-07-03,2225859,True,22.6,24.7,21.4
2014-07-04,2243552,True,26.8,32.3,21.6
2014-07-05,1986493,True,25.7,29.7,22.3
2014-07-06,1804992,True,25.7,29.5,23.0
2014-07-07,2222420,True,27.1,33.8,20.8
2014-07-08,2265419,True,25.9,29.3,23.7
2014-07-09,2318997,True,27.6,33.0,25.6
2014-07-10,2270000,True,28.9,33.6,24.6
2014-07-11,2255851,True,27.1,32.8,23.0
2014-07-12,1948964,True,25.3,29.6,22.9
2014-07-13,1784741,True,25.4,29.4,23.0
2014-07-14,2229639,True,26.4,30.7,22.8
2014-07-15,2262594,True,26.8,32.3,23.9
2014-07-16,2257426,True,26.6,32.2,23.5
2014-07-17,2278925,True,25.9,29.6,23.6
2014-07-18,2293573,True,26.1,30.6,22.6
2014-07-19,1959958,True,27.0,30.7,24.7
2014-07-20,1788360,True,27.9,33.2,24.6
2014-07-21,2207932,True,27.3,31.6,24.4
2014-07-22,2240597,True,25.9,28.2,24.6
2014-07-23,2211517,True,23.6,25.2,21.7
2014-07-24,2181059,True,21.9,24.5,19.1
2014-07-25,2250958,True,27.5,33.7,22.1
2014-07-26,1927026,True,22.6,27.3,20.8
2014-07-27,1745360,True,25.0,30.6,21.4
2014-07-28,2130014,True,26.6,31.3,21.6
2014-07-29,2124468,True,26.5,30.1,23.4
2014-07-30,2161070,True,28.6,33.5,25.0
2014-07-31,2140803,True,28.6,34.4,25.8
2014-08-01,2106546,True,30.2,34.7,24.7
2014-08-02,1806812,True,31.4,35.8,28.7
2014-08-03,1712046,True,26.5,30.5,24.1
2014-08-04,2117163,True,26.4,29.6,24.7
2014-08-05,2146821,True,26.6,29.2,25.0
2014-08-06,2133998,True,24.4,26.2,22.5
2014-08-07,2163972,True,24.7,27.1,22.6
2014-08-08,2098814,True,26.1,30.6,21.9
2014-08-09,1845782,True,26.5,31.6,22.3
2014-08-10,1731697,True,23.4,27.7,19.6
2014-08-11,2103627,True,23.7,28.6,18.3
2014-08-12,2146231,True,25.8,30.4,22.3
2014-08-13,2134438,True,24.2,26.7,22.5
2014-08-14,2079899,True,22.3,24.2,21.4
2014-08-15,1789808,True,24.9,29.6,20.9
2014-08-16,1828513,True,26.1,31.8,22.2
2014-08-17,1766679,True,24.0,25.0,22.9
2014-08-18,2155910,True,22.3,24.4,20.9
2014-08-19,2208554,True,22.3,25.3,20.4
2014-08-20,2242106,True,24.8,28.0,22.4
2014-08-21,2292678,True,23.1,24.6,21.8
2014-08-22,2274319,True,24.7,28.2,21.8
2014-08-23,2005481,True,25.2,29.7,22.8
2014-08-24,1845277,True,25.6,30.7,20.7
2014-08-25,2250922,True,25.9,28.6,24.1
2014-08-26,2287156,True,25.4,29.6,21.6
2014-08-27,2277824,True,24.6,28.6,21.1
2014-08-28,2275695,True,25.1,30.7,19.8
2014-08-29,2279919,True,25.2,30.1,21.0
2014-08-30,2001172,True,24.6,30.7,19.9
2014-08-31,1835296,True,24.1,29.0,6.3
2014-09-01,2238618,True,24.1,29.7,20.4
2014-09-02,2251471,True,23.1,27.7,19.3
2014-09-03,2278031,True,19.1,20.6,17.4
2014-09-04,2253441,True,22.4,27.6,18.0
2014-09-05,2244058,True,23.8,29.0,20.0
2014-09-06,1910990,True,25.2,30.8,20.3
2014-09-07,1754322,True,25.3,31.3,19.8
2014-09-08,1441058,True,24.8,30.2,20.6
2014-09-09,1530770,True,23.3,28.2,19.9
2014-09-10,1823110,True,22.4,28.9,16.7
2014-09-11,2190059,True,23.3,29.2,17.5
2014-09-12,2211670,True,21.3,26.6,18.6
2014-09-13,1984955,True,23.1,28.3,18.6
2014-09-14,1858349,True,23.0,28.4,18.2
2014-09-15,2196002,True,23.1,27.5,20.6
2014-09-16,2234445,True,21.3,27.0,15.8
2014-09-17,2218720,True,20.2,22.6,17.6
2014-09-18,2264536,True,20.6,27.0,17.6
2014-09-19,2275984,True,21.4,28.4,14.9
2014-09-20,2084740,True,21.6,28.1,15.4
2014-09-21,1933805,True,20.2,25.6,17.5
2014-09-22,2229234,True,21.4,27.9,15.0
2014-09-23,2223010,True,23.0,29.0,18.1
2014-09-24,2224090,True,20.3,23.8,18.0
2014-09-25,2247574,True,22.2,27.7,17.7
2014-09-26,2243621,True,21.0,24.2,18.6
2014-09-27,2074672,True,21.4,25.1,18.3
2014-09-28,1945770,True,21.7,24.7,19.2
2014-09-29,2275409,True,19.4,20.7,17.7
2014-09-30,2309253,True,18.9,23.7,15.4
2014-10-01,2304134,True,19.2,24.4,14.9
2014-10-02,2388978,True,18.1,20.1,17.1
2014-10-03,2273565,True,16.1,20.8,13.4
2014-10-04,2348572,True,16.9,23.0,11.6
2014-10-05,2373436,True,17.1,23.2,12.5
2014-10-06,2601451,True,16.6,22.6,10.5
2014-10-07,2663301,True,16.1,22.5,11.6
2014-10-08,2642043,True,16.7,23.6,10.0
2014-10-09,2440798,True,18.6,25.4,12.4
2014-10-10,2503333,True,19.0,26.3,12.5
2014-10-11,2347464,True,19.4,25.6,13.6
2014-10-12,2173040,True,21.2,29.0,13.9
2014-10-13,2570422,True,17.4,21.7,11.0
2014-10-14,2866164,True,13.8,20.0,8.5
2014-10-15,2986904,True,13.7,20.0,8.9
2014-10-16,3217253,True,13.2,18.0,9.3
2014-10-17,3249781,True,13.6,21.2,6.6
2014-10-18,2990770,True,15.5,22.5,9.4
2014-10-19,2797348,True,17.0,22.7,11.2
2014-10-20,3228636,True,14.4,17.1,12.9
2014-10-21,3476532,True,13.8,15.7,11.9
2014-10-22,3522691,True,13.7,18.7,10.4
2014-10-23,3545110,True,13.8,20.6,8.5
2014-10-24,3362003,True,15.1,21.0,9.9
2014-10-25,3118635,True,16.5,22.2,12.9
2014-10-26,3080475,True,16.0,19.9,11.6
2014-10-27,3926875,True,10.7,16.9,6.1
2014-10-28,4181619,True,10.2,19.4,2.7
2014-10-29,4126875,True,12.1,20.8,4.9
2014-10-30,4081980,True,14.2,20.8,7.7
2014-10-31,3838473,True,15.0,18.2,12.8
2014-11-01,3379165,True,17.3,22.9,15.1
2014-11-02,3882826,True,12.0,15.4,7.1
2014-11-03,4503439,True,9.3,14.8,3.8
2014-11-04,4328581,True,11.3,18.5,5.4
2014-11-05,4240373,True,12.4,18.4,6.4
2014-11-06,4101742,True,13.5,17.7,9.5
2014-11-07,4521690,True,9.8,16.5,5.1
2014-11-08,4627275,True,9.9,15.1,6.9
2014-11-09,4631392,True,10.0,15.5,6.3
2014-11-10,4942823,True,9.4,16.5,3.5
2014-11-11,5072629,True,9.4,14.5,4.6
2014-11-12,5980258,True,6.0,10.0,-1.3
2014-11-13,7358587,True,-0.2,4.3,-3.1
2014-11-14,6899071,True,4.2,10.0,-1.4
2014-11-15,6679327,True,4.1,9.5,-0.5
2014-11-16,6271924,True,6.6,12.4,2.6
2014-11-17,6464077,True,6.2,9.0,3.8
2014-11-18,6691115,True,5.0,10.4,1.7
2014-11-19,6658601,True,5.6,12.6,-0.6
2014-11-20,6243514,True,7.9,14.6,2.7
2014-11-21,5642912,True,11.3,16.5,5.9
2014-11-22,5299582,True,11.0,12.7,8.0
2014-11-23,5444880,True,9.0,12.3,6.3
2014-11-24,5643232,True,9.8,13.2,8.0
2014-11-25,5703754,True,10.2,15.1,6.6
2014-11-26,5456728,True,11.0,16.3,8.2
2014-11-27,5380247,True,10.4,16.3,8.2
2014-11-28,5789049,True,8.8,10.1,6.5
2014-11-29,5598940,True,8.3,12.8,5.5
2014-11-30,5736389,True,9.1,11.1,7.2
2014-12-01,8125508,True,-1.1,7.9,-7.2
2014-12-02,9808583,True,-5.4,-2.7,-8.2
2014-12-03,9776427,True,-3.3,-0.5,-6.5
2014-12-04,10124344,True,-4.6,-0.2,-7.4
2014-12-05,10918905,True,-6.6,-2.5,-10.1
2014-12-06,10637143,True,-5.6,-0.5,-8.8
2014-12-07,10344960,True,-3.4,0.2,-8.2
2014-12-08,10126111,True,-1.6,2.7,-4.8
2014-12-09,10190700,True,-2.4,4.1,-7.4
2014-12-10,9690247,True,1.6,4.2,-1.9
2014-12-11,9712299,True,-1.5,3.2,-5.2
2014-12-12,10252337,True,-3.8,0.5,-7.0
2014-12-13,10434121,True,-5.2,-2.0,-7.3
2014-12-14,10304395,True,-3.6,0.6,-8.6
2014-12-15,10084031,True,-0.1,2.0,-1.7
2014-12-16,10880039,True,-4.9,1.7,-9.4
2014-12-17,12455309,True,-9.0,-5.2,-11.1
2014-12-18,12321545,True,-8.3,-2.2,-13.2
2014-12-19,11548696,True,-3.8,0.0,-8.1
2014-12-20,10237213,True,-1.7,2.1,-6.6
2014-12-21,10872135,True,-6.4,-1.3,-9.0
2014-12-22,11186085,True,-4.7,0.8,-9.7
2014-12-23,10518941,True,-1.3,1.8,-5.7
2014-12-24,9525269,True,1.7,6.4,-3.1
2014-12-25,9691937,True,-2.6,1.8,-5.9
2014-12-26,10179443,True,-3.2,2.5,-7.4
2014-12-27,9653959,True,-1.8,5.0,-6.3
2014-12-28,9435909,True,-0.8,1.6,-3.6
2014-12-29,9133871,True,2.9,6.4,-0.5
2014-12-30,8916452,True,1.9,6.3,-1.6
2014-12-31,9667658,True,-1.9,1.7,-6.9
2015-01-01,10580152,True,-7.7,-4.3,-9.8
2015-01-02,11010396,True,-6.0,-1.9,-9.0
2015-01-03,10143526,True,-2.7,3.1,-9.2
2015-01-04,8893675,True,2.5,8.5,0.2
2015-01-05,8891305,True,3.7,7.9,-1.1
2015-01-06,9796732,True,-3.2,4.0,-7.6
2015-01-07,10703248,True,-5.5,-0.6,-8.9
2015-01-08,10743750,True,-5.1,-0.2,-9.5
2015-01-09,10219321,True,-2.1,3.5,-6.8
2015-01-10,9479029,True,-0.3,4.8,-5.6
2015-01-11,9195805,True,-0.1,2.5,-4.3
2015-01-12,10053708,True,-2.7,3.7,-7.3
2015-01-13,9694574,True,0.2,5.8,-5.1
2015-01-14,9197950,True,2.5,6.1,-0.3
2015-01-15,8667989,True,2.8,9.0,-1.1
2015-01-16,9012551,True,0.8,3.4,-2.5
2015-01-17,9582344,True,-4.1,0.0,-7.7
2015-01-18,9457064,True,-1.3,2.1,-6.5
2015-01-19,9457345,True,-0.1,3.1,-4.0
2015-01-20,9590591,True,-0.9,4.4,-6.4
2015-01-21,9051569,True,2.5,6.5,-1.2
2015-01-22,8609691,True,3.1,7.1,0.8
2015-01-23,8703532,True,1.2,4.9,-1.6
2015-01-24,8059949,True,3.7,8.4,0.8
2015-01-25,8104615,True,3.0,5.0,1.1
2015-01-26,8176432,True,3.6,6.5,0.2
2015-01-27,9395563,True,-3.6,0.5,-7.4
2015-01-28,10179243,True,-4.1,2.7,-9.1
2015-01-29,9818588,True,-1.1,3.0,-4.6
2015-01-30,9931779,True,-3.3,0.8,-7.0
2015-01-31,10048592,True,-4.5,0.8,-8.5
2015-02-01,9744427,True,-3.0,3.6,-8.2
2015-02-02,9719173,True,-0.6,6.4,-5.3
2015-02-03,9350034,True,0.6,7.2,-3.5
2015-02-04,9170136,True,0.4,5.8,-3.1
2015-02-05,9185538,True,-0.1,4.8,-3.8
2015-02-06,9044114,True,0.4,6.5,-4.3
2015-02-07,8748894,True,1.2,5.7,-2.7
2015-02-08,10886564,True,-9.8,-2.8,-11.9
2015-02-09,11350257,True,-5.7,-0.1,-13.0
2015-02-10,9758549,True,1.7,5.8,-2.0
2015-02-11,8945184,True,2.7,8.0,-0.8
2015-02-12,9613020,True,-2.2,1.6,-4.7
2015-02-13,9570733,True,-1.6,4.0,-6.4
2015-02-14,8900647,True,2.0,6.6,-3.1
2015-02-15,7582108,True,7.9,13.0,3.2
2015-02-16,7855101,True,5.0,7.9,4.1
2015-02-17,8189929,True,1.9,4.1,0.5
2015-02-18,7964494,True,0.8,3.3,-1.5
2015-02-19,7385528,True,2.2,8.6,-2.7
2015-02-20,7618011,True,5.2,11.4,-1.3
2015-02-21,7364603,True,5.7,6.7,4.8
2015-02-22,7473791,True,3.5,7.0,-0.7
2015-02-23,8300838,True,0.9,5.9,-2.4
2015-02-24,8051085,True,2.1,7.5,-1.1
2015-02-25,7734531,True,5.4,12.5,0.2
2015-02-26,8223363,True,1.2,4.7,-3.5
2015-02-27,9094986,True,-1.3,4.8,-5.6
2015-02-28,8354853,True,2.7,6.4,-2.0
2015-03-01,8028005,True,2.4,5.9,-0.2
2015-03-02,7981078,True,3.9,9.7,-1.9
2015-03-03,8322652,True,2.8,6.7,-1.3
2015-03-04,9328564,True,-2.1,1.4,-4.6
2015-03-05,8976875,True,-0.3,5.5,-5.4
2015-03-06,8302885,True,2.9,10.4,-3.2
2015-03-07,7625449,True,4.2,11.0,-2.3
2015-03-08,6961147,True,7.7,15.1,0.4
2015-03-09,7937655,True,2.2,8.2,-5.4
2015-03-10,9606762,True,-3.6,1.0,-6.9
2015-03-11,9054378,True,0.4,7.5,-5.1
2015-03-12,8459651,True,2.1,6.7,-3.5
2015-03-13,7483019,True,5.6,11.0,1.8
2015-03-14,7210784,True,4.3,11.6,-1.2
2015-03-15,6850022,True,5.5,12.5,0.0
2015-03-16,6465138,True,9.8,18.6,1.3
2015-03-17,6044095,True,10.7,16.1,6.9
2015-03-18,5946843,True,10.7,14.4,8.4
2015-03-19,5315066,True,12.4,21.0,6.5
2015-03-20,4913940,True,13.4,21.9,7.6
2015-03-21,4764531,True,11.7,17.8,6.9
2015-03-22,5145889,True,8.3,14.9,2.2
2015-03-23,6291372,True,4.6,10.1,0.0
2015-03-24,6309956,True,5.4,12.4,-0.9
2015-03-25,6128835,True,6.5,14.2,0.1
2015-03-26,5882137,True,7.9,14.8,1.6
2015-03-27,5622427,True,9.1,16.2,3.2
2015-03-28,5369679,True,9.7,17.0,2.5
2015-03-29,5069932,True,10.5,16.5,7.0
2015-03-30,4788804,True,13.2,20.8,5.9
2015-03-31,4708822,True,12.9,14.9,10.0
2015-04-01,4534715,True,12.9,17.6,10.0
2015-04-02,4482205,True,14.8,21.8,8.5
2015-04-03,4467532,True,10.6,15.1,6.9
2015-04-04,4262076,True,13.5,18.5,8.9
2015-04-05,4416934,True,10.5,12.2,10.1
2015-04-06,4706587,True,10.6,15.4,6.9
2015-04-07,5056050,True,8.4,12.2,5.5
2015-04-08,5130021,True,8.3,13.7,3.5
2015-04-09,5007184,True,9.6,16.3,3.8
2015-04-10,4697616,True,11.6,19.2,4.6
2015-04-11,4245302,True,13.5,20.7,6.7
2015-04-12,4012812,True,14.9,20.4,9.1
2015-04-13,4447269,True,12.0,17.6,7.4
2015-04-14,5124919,True,6.9,8.0,5.8
2015-04-15,4628556,True,11.1,17.0,5.6
2015-04-16,4855499,True,9.9,14.8,6.9
2015-04-17,4660784,True,10.5,16.1,4.8
2015-04-18,4133901,True,15.2,23.7,5.2
2015-04-19,3985847,True,14.5,17.3,11.2
2015-04-20,4173529,True,12.2,16.8,10.3
2015-04-21,3954499,True,14.0,20.9,7.7
2015-04-22,3845201,True,14.2,20.7,9.3
2015-04-23,3740019,True,14.2,20.1,8.0
2015-04-24,3540596,True,15.7,22.8,10.4
2015-04-25,3355006,True,15.9,23.0,9.2
2015-04-26,3103034,True,17.3,24.4,9.9
2015-04-27,3070388,True,18.5,24.9,12.7
2015-04-28,2973781,True,20.3,26.9,12.3
2015-04-29,3008834,True,17.0,18.4,15.8
2015-04-30,2817592,True,21.2,28.3,15.1
2015-05-01,2561052,True,21.0,27.2,15.9
2015-05-02,2430546,True,20.7,26.0,15.8
2015-05-03,2413561,True,18.3,19.6,17.1
2015-05-04,2663846,True,16.1,20.1,12.5
2015-05-05,2813549,True,14.2,19.9,8.3
2015-05-06,2952915,True,15.4,22.0,9.8
2015-05-07,2954412,True,16.5,24.0,10.6
2015-05-08,2880256,True,16.7,22.7,11.7
2015-05-09,2689290,True,17.6,24.0,12.6
2015-05-10,2526585,True,19.1,25.9,13.5
2015-05-11,2786400,True,18.4,24.1,14.4
2015-05-12,3093544,True,13.3,17.5,10.3
2015-05-13,2905989,True,17.4,21.4,11.8
2015-05-14,2742577,True,20.4,26.6,15.3
2015-05-15,2640719,True,19.1,23.7,16.3
2015-05-16,2552586,True,18.0,25.2,11.6
2015-05-17,2424243,True,18.5,25.2,11.7
2015-05-18,2623102,True,17.7,22.2,13.7
2015-05-19,2848285,True,14.8,16.2,13.0
2015-05-20,2803421,True,16.3,21.9,10.6
2015-05-21,2710219,True,18.8,26.0,12.6
2015-05-22,2615932,True,20.0,27.2,13.7
2015-05-23,2406032,True,20.6,28.3,13.6
2015-05-24,2166881,True,21.0,28.5,14.0
2015-05-25,2213838,True,20.8,28.7,14.4
2015-05-26,2478478,True,21.5,30.3,14.1
2015-05-27,2524353,True,23.2,31.5,14.4
2015-05-28,2499736,True,24.3,32.2,16.7
2015-05-29,2438387,True,23.8,29.8,18.5
2015-05-30,2223691,True,19.8,23.2,17.0
2015-05-31,2102852,True,22.1,30.4,15.3
2015-06-01,2415083,True,21.7,28.5,15.8
2015-06-02,2464081,True,23.1,29.8,18.1
2015-06-03,2442122,True,23.3,29.4,17.1
2015-06-04,2443697,True,24.2,31.5,17.1
2015-06-05,2382537,True,19.1,22.0,17.5
2015-06-06,2126253,True,22.4,28.9,16.4
2015-06-07,2031380,True,23.4,31.5,18.7
2015-06-08,2345901,True,22.4,27.8,18.2
2015-06-09,2400784,True,22.2,,
2015-06-10,2432050,True,25.3,34.9,17.6
2015-06-11,2410422,True,24.6,30.2,20.7
2015-06-12,2383823,True,23.6,29.9,19.4
2015-06-13,2159117,True,24.7,30.9,20.1
2015-06-14,1985449,True,22.8,27.7,17.8
2015-06-15,2355802,True,24.2,30.6,19.6
2015-06-16,2424175,True,25.0,30.9,20.0
2015-06-17,2427464,True,23.4,30.8,20.2
2015-06-18,2367082,True,24.8,31.3,19.6
2015-06-19,2311469,True,24.5,29.9,20.0
2015-06-20,2071493,True,19.6,22.6,17.0
2015-06-21,1946004,True,22.4,29.6,15.6
2015-06-22,2299426,True,24.0,29.1,19.4
2015-06-23,2359166,True,24.7,31.0,19.7
2015-06-24,2373281,True,25.7,30.6,21.1
2015-06-25,2352231,True,24.8,29.1,21.0
2015-06-26,2270555,True,21.0,25.3,18.0
2015-06-27,2057564,True,25.2,31.1,19.2
2015-06-28,1902733,True,25.4,31.1,21.0
2015-06-29,2307914,True,25.7,30.6,21.2
2015-06-30,2306054,True,24.4,29.2,21.9
2015-07-01,2279408,True,23.7,27.9,21.0
2015-07-02,2287755,True,23.7,29.3,20.4
2015-07-03,2280577,True,23.3,28.3,19.2
2015-07-04,2020965,True,24.1,29.9,18.2
2015-07-05,1895299,True,24.2,29.6,20.1
2015-07-06,2278869,True,25.3,32.5,20.2
2015-07-07,2286142,True,25.6,29.7,21.4
2015-07-08,2276994,True,23.4,26.3,20.7
2015-07-09,2318734,True,26.5,31.8,22.1
2015-07-10,2353705,True,29.2,34.3,23.6
2015-07-11,2047561,True,30.4,36.0,25.7
2015-07-12,1912606,True,24.8,28.0,24.0
2015-07-13,2344226,True,23.1,24.9,21.4
2015-07-14,2340676,True,26.1,31.4,22.5
2015-07-15,2342574,True,27.9,33.9,22.7
2015-07-16,2283970,True,24.7,28.9,20.6
2015-07-17,2246032,True,23.6,28.6,18.4
2015-07-18,2001739,True,24.3,27.8,22.3
2015-07-19,1871411,True,25.1,29.8,21.3
2015-07-20,2284657,True,27.5,31.2,24.4
2015-07-21,2332087,True,27.0,29.6,24.6
2015-07-22,2333126,True,27.7,31.7,25.3
2015-07-23,2344977,True,26.9,32.1,24.9
2015-07-24,2320193,True,24.7,25.4,22.6
2015-07-25,2081926,True,25.0,26.4,24.4
2015-07-26,1890669,True,26.0,30.0,23.5
2015-07-27,2273345,True,26.2,30.0,24.4
2015-07-28,2300879,True,27.6,31.2,24.6
2015-07-29,2331499,True,26.7,28.8,24.8
2015-07-30,2324020,True,28.6,33.1,25.5
2015-07-31,2279596,True,27.9,32.4,26.2
2015-08-01,1967867,True,28.2,31.6,26.0
2015-08-02,1833975,True,26.5,29.2,24.1
2015-08-03,2202411,True,27.9,31.5,25.6
2015-08-04,2244881,True,27.5,30.8,25.4
2015-08-05,2255105,True,28.6,32.7,25.9
2015-08-06,2269380,True,29.3,34.4,24.5
2015-08-07,2280514,True,28.9,34.4,26.0
2015-08-08,1973005,True,26.6,33.0,24.3
2015-08-09,1760398,True,26.7,31.0,23.3
2015-08-10,2201113,True,27.0,32.0,23.9
2015-08-11,2240021,True,26.8,30.6,24.5
2015-08-12,2251243,True,27.3,32.9,22.1
2015-08-13,2220018,True,26.5,31.1,23.9
2015-08-14,1976787,True,26.9,32.5,22.7
2015-08-15,1800699,True,27.1,30.8,23.1
2015-08-16,1765829,True,25.8,31.2,20.7
2015-08-17,2188977,True,26.6,32.9,19.8
2015-08-18,2254431,True,27.9,32.2,24.1
2015-08-19,2279810,True,26.8,29.7,24.2
2015-08-20,2260994,True,25.4,28.1,24.2
2015-08-21,2252612,True,25.2,29.3,23.0
2015-08-22,1958727,True,25.5,29.6,23.4
2015-08-23,1794502,True,26.3,31.7,20.9
2015-08-24,2245160,True,26.3,30.3,23.3
2015-08-25,2253720,True,21.7,24.5,19.2
2015-08-26,2218698,True,21.9,25.3,18.9
2015-08-27,2277604,True,24.7,30.0,21.2
2015-08-28,2281908,True,23.2,28.1,19.0
2015-08-29,2004779,True,24.4,30.8,19.0
2015-08-30,1879555,True,24.9,31.0,19.9
2015-08-31,2262229,True,25.9,31.2,21.0
2015-09-01,2304682,True,25.9,30.7,22.6
2015-09-02,2296271,True,23.9,27.7,22.0
2015-09-03,2219524,True,23.9,28.2,19.8
2015-09-04,2228725,True,24.8,30.7,20.6
2015-09-05,1938366,True,21.9,23.6,19.4
2015-09-06,1787838,True,22.2,26.2,19.3
2015-09-07,2168421,True,22.6,28.7,16.8
2015-09-08,2183527,True,22.7,27.5,16.2
2015-09-09,2216639,True,22.4,30.1,15.3
2015-09-10,2317870,True,22.4,28.4,17.0
2015-09-11,2231493,True,21.0,24.4,16.8
2015-09-12,2037849,True,19.2,24.0,15.5
2015-09-13,1933877,True,20.2,26.0,15.2
2015-09-14,2245572,True,22.1,27.8,16.4
2015-09-15,2282066,True,22.8,28.7,17.4
2015-09-16,2293040,True,21.6,26.7,16.0
2015-09-17,2300017,True,21.4,27.6,15.5
2015-09-18,2288206,True,21.9,29.2,15.9
2015-09-19,2091072,True,22.3,29.0,17.0
2015-09-20,1957469,True,22.1,28.3,17.9
2015-09-21,2241328,True,22.6,29.4,16.5
2015-09-22,2281464,True,23.9,31.0,18.0
2015-09-23,2259807,True,22.0,26.1,19.0
2015-09-24,2292197,True,23.4,30.6,17.5
2015-09-25,2262372,True,23.4,29.8,19.0
2015-09-26,1911704,True,22.4,28.0,17.9
2015-09-27,1561978,True,21.9,29.8,14.2
2015-09-28,1666992,True,21.4,28.3,15.5
2015-09-29,1868438,True,22.1,28.2,15.9
2015-09-30,2169046,True,21.3,26.2,19.4
2015-10-01,2402510,True,16.3,19.7,10.7
2015-10-02,2451711,True,16.5,21.5,8.6
2015-10-03,2190640,True,19.2,24.5,13.3
2015-10-04,2277369,True,16.6,22.4,11.2
2015-10-05,2453587,True,18.0,25.6,11.0
2015-10-06,2501996,True,18.7,26.3,12.1
2015-10-07,2472440,True,19.6,25.7,14.1
2015-10-08,2414795,True,20.1,26.4,15.7
2015-10-09,2389180,True,16.2,20.5,12.8
2015-10-10,2696851,True,12.8,17.2,10.4
2015-10-11,3107754,True,10.8,14.4,8.1
2015-10-12,3307097,True,12.3,17.9,8.2
2015-10-13,3185007,True,15.0,21.3,7.8
2015-10-14,2967571,True,17.1,24.5,10.9
2015-10-15,2864212,True,17.9,26.1,12.1
2015-10-16,2765335,True,17.5,24.2,13.2
2015-10-17,2575570,True,18.7,26.6,12.4
2015-10-18,2480144,True,17.9,24.2,12.4
2015-10-19,2681866,True,18.1,23.9,13.6
2015-10-20,2643981,True,18.8,25.1,15.4
2015-10-21,2650966,True,17.9,22.0,13.9
2015-10-22,2695010,True,17.5,23.1,14.5
2015-10-23,2705389,True,17.5,21.4,15.2
2015-10-24,2649315,True,16.9,22.0,13.2
2015-10-25,2658659,True,16.3,22.8,12.1
2015-10-26,3058013,True,15.0,18.7,12.0
2015-10-27,3482126,True,12.1,15.9,7.7
2015-10-28,3846917,True,9.9,15.8,5.6
2015-10-29,4381909,True,8.4,14.7,3.2
2015-10-30,5046786,True,5.4,10.4,1.7
2015-10-31,5267533,True,5.7,12.3,1.1
2015-11-01,5286437,True,7.0,12.6,1.3
2015-11-02,4879863,True,10.8,15.2,6.1
2015-11-03,4590715,True,11.8,18.7,6.6
2015-11-04,4450046,True,12.2,19.8,5.8
2015-11-05,4221181,True,13.2,19.2,8.6
2015-11-06,4315739,True,13.5,19.2,9.6
2015-11-07,4774385,True,10.5,11.7,9.3
2015-11-08,4643226,True,11.1,11.8,10.3
2015-11-09,4742214,True,10.8,12.1,9.8
2015-11-10,4810259,True,10.0,13.5,7.7
2015-11-11,4751205,True,11.6,17.7,6.6
2015-11-12,4426483,True,14.5,21.0,10.2
2015-11-13,4766330,True,11.5,13.1,10.5
2015-11-14,4491463,True,12.8,14.2,11.0
2015-11-15,4084459,True,13.4,17.2,10.6
2015-11-16,4507990,True,12.2,14.0,10.7
2015-11-17,4208491,True,13.9,19.3,11.0
2015-11-18,4810043,True,10.4,12.6,8.4
2015-11-19,5136669,True,8.9,10.8,6.7
2015-11-20,4983924,True,9.8,14.4,7.1
2015-11-21,5021478,True,9.2,15.4,5.0
2015-11-22,5055281,True,10.2,15.7,5.9
2015-11-23,5536564,True,8.5,11.0,6.5
2015-11-24,6213810,True,5.6,8.8,2.7
2015-11-25,7047028,True,2.4,5.3,0.9
2015-11-26,8658095,True,-2.7,0.9,-4.8
2015-11-27,9247544,True,-2.8,2.0,-7.3
2015-11-28,8499524,True,0.1,2.6,-2.7
2015-11-29,8003820,True,2.5,3.9,1.0
2015-11-30,7614545,True,4.1,8.5,0.9
2015-12-01,7661354,True,4.0,10.4,-1.3
2015-12-02,7471216,True,6.0,8.5,2.9
2015-12-03,8755868,True,-0.7,3.3,-3.2
2015-12-04,8916049,True,-0.4,3.1,-4.4
2015-12-05,7858726,True,3.4,7.2,0.6
2015-12-06,7954109,True,1.3,7.8,-2.8
2015-12-07,8338283,True,1.9,6.7,-3.4
2015-12-08,8064852,True,2.9,9.6,-1.4
2015-12-09,7801317,True,5.0,10.9,-0.8
2015-12-10,7235039,True,7.8,9.2,5.8
2015-12-11,7081293,True,6.4,12.2,3.3
2015-12-12,6956244,True,5.2,11.0,1.1
2015-12-13,6825469,True,5.2,12.2,0.9
2015-12-14,7368882,True,5.0,6.4,2.6
2015-12-15,7519492,True,4.7,8.2,2.0
2015-12-16,8689513,True,-1.0,2.8,-5.0
2015-12-17,9800467,True,-4.6,-0.4,-7.4
2015-12-18,9926394,True,-3.3,-1.0,-7.0
2015-12-19,8943594,True,-0.1,6.8,-4.6
2015-12-20,8593500,True,1.5,6.0,-3.4
2015-12-21,8610837,True,2.2,5.0,-0.2
2015-12-22,8450892,True,3.1,7.7,-1.5
2015-12-23,7791255,True,5.9,10.6,2.9
2015-12-24,8235821,True,1.5,5.3,-1.6
2015-12-25,8370543,True,-0.8,3.7,-4.9
2015-12-26,8262594,True,0.9,4.7,-3.2
2015-12-27,9736848,True,-5.7,-1.0,-8.9
2015-12-28,10762939,True,-5.7,-1.0,-9.5
2015-12-29,10405310,True,-3.2,2.9,-8.7
2015-12-30,9662373,True,0.3,4.3,-3.5
2015-12-31,9116787,True,0.7,2.8,-1.9
2016-01-01,8398096,True,1.2,4.0,-3.3
2016-01-02,7470699,True,5.7,9.5,1.0
2016-01-03,7156079,True,6.5,9.4,5.1
2016-01-04,8114269,True,2.0,5.3,-2.5
2016-01-05,9282301,True,-2.7,1.5,-4.8
2016-01-06,9547188,True,-1.7,1.7,-4.9
2016-01-07,9904291,True,-3.4,1.4,-5.9
2016-01-08,10031258,True,-3.3,1.0,-6.9
2016-01-09,9543250,True,-2.1,2.4,-6.2
2016-01-10,8922482,True,0.3,3.8,-2.7
2016-01-11,10113246,True,-3.8,0.9,-6.5
2016-01-12,10597545,True,-5.2,0.7,-9.1
2016-01-13,10896760,True,-4.5,0.1,-8.2
2016-01-14,10760258,True,-3.4,1.3,-8.4
2016-01-15,9817514,True,-0.4,5.3,-4.3
2016-01-16,9386792,True,-0.2,2.8,-2.1
2016-01-17,8895001,True,1.7,5.4,-0.7
2016-01-18,11065695,True,-6.3,0.4,-12.3
2016-01-19,13359547,True,-12.8,-8.9,-15.1
2016-01-20,13311070,True,-10.5,-5.2,-14.5
2016-01-21,12537018,True,-7.1,-2.3,-10.2
2016-01-22,12606586,True,-7.6,-3.8,-11.1
2016-01-23,13485082,True,-11.5,-8.3,-16.0
2016-01-24,14404588,True,-14.4,-10.5,-18.0
2016-01-25,13375184,True,-9.4,-3.4,-14.3
2016-01-26,11973313,True,-3.3,1.7,-8.5
2016-01-27,10816074,True,-1.1,4.3,-4.7
2016-01-28,10626663,True,-0.5,3.5,-5.6
2016-01-29,9817263,True,1.9,5.4,-1.4
2016-01-30,9326527,True,0.6,5.2,-2.5
2016-01-31,9983634,True,-3.9,0.3,-6.5
2016-02-01,11098411,True,-6.0,-1.0,-9.1
2016-02-02,11223185,True,-5.3,0.9,-10.0
2016-02-03,10684035,True,-2.4,4.0,-8.3
2016-02-04,10048538,True,-0.7,3.9,-4.0
2016-02-05,10360149,True,-2.2,3.4,-6.8
2016-02-06,9840175,True,-3.1,2.0,-6.2
2016-02-07,9357732,True,-2.9,3.5,-8.3
2016-02-08,8439298,True,1.3,5.5,-4.3
2016-02-09,8494115,True,0.3,5.5,-3.9
2016-02-10,8533179,True,2.7,10.7,-4.3
2016-02-11,8322758,True,8.1,13.5,1.6
2016-02-12,7507764,True,8.4,10.0,6.8
2016-02-13,6423888,True,11.0,14.4,5.8
2016-02-14,8483957,True,-2.6,5.8,-6.8
2016-02-15,10442526,True,-5.8,-2.3,-10.0
2016-02-16,10291757,True,-2.7,1.1,-6.7
2016-02-17,9578852,True,0.0,5.4,-5.2
2016-02-18,8926149,True,3.5,7.8,-1.4
2016-02-19,8704041,True,2.3,4.4,0.1
2016-02-20,8528665,True,1.3,6.3,-2.5
2016-02-21,8833225,True,-0.6,4.4,-4.2
2016-02-22,9110153,True,1.1,4.2,-2.2
2016-02-23,8937986,True,0.7,4.5,-4.5
2016-02-24,9710957,True,-3.0,2.2,-6.8
2016-02-25,9435010,True,-0.2,5.7,-5.8
2016-02-26,8665143,True,2.2,7.5,-3.2
2016-02-27,7984769,True,3.3,8.1,0.5
2016-02-28,8335835,True,0.7,6.9,-2.6
2016-02-29,9449144,True,-3.8,-1.1,-5.9
2016-03-01,9498074,True,-2.7,2.1,-7.5
2016-03-02,8965352,True,3.1,8.1,-2.2
2016-03-03,7669806,True,8.1,13.9,4.4
2016-03-04,6340657,True,13.2,20.3,6.4
2016-03-05,5913785,True,11.3,13.5,9.1
2016-03-06,5809672,True,7.9,12.9,4.3
2016-03-07,6379303,True,8.1,12.2,4.8
2016-03-08,7422392,True,2.7,7.0,-1.4
2016-03-09,8367160,True,0.3,5.3,-2.7
2016-03-10,8845548,True,-1.1,3.1,-4.3
2016-03-11,8786364,True,-0.5,4.6,-5.5
2016-03-12,8245005,True,2.0,6.4,-3.3
2016-03-13,7746751,True,3.7,6.5,1.9
2016-03-14,7600306,True,4.7,9.6,1.3
2016-03-15,7388284,True,5.2,12.4,-1.0
2016-03-16,6751012,True,7.5,13.8,2.7
2016-03-17,6443086,True,9.3,14.7,2.0
2016-03-18,5546561,True,13.4,20.1,8.8
2016-03-19,5132640,True,11.4,18.1,6.6
2016-03-20,5079004,True,10.6,17.5,4.9
2016-03-21,5316223,True,9.9,16.1,5.5
2016-03-22,5673311,True,8.0,13.8,3.5
2016-03-23,5885590,True,8.2,13.0,3.8
2016-03-24,6060400,True,7.2,12.7,1.6
2016-03-25,6058955,True,7.1,12.6,2.1
2016-03-26,6013271,True,6.5,12.6,2.1
2016-03-27,5877870,True,7.2,13.1,2.2
2016-03-28,5712810,True,9.8,17.4,2.3
2016-03-29,5471813,True,11.3,17.1,7.6
2016-03-30,5059073,True,11.5,18.3,7.0
2016-03-31,4752423,True,13.5,21.4,6.0
2016-04-01,4343982,True,15.3,23.8,7.3
2016-04-02,3982781,True,15.0,21.7,9.6
2016-04-03,4341950,True,10.7,12.7,8.2
2016-04-04,4404954,True,12.3,19.8,5.1
2016-04-05,4464217,True,11.4,18.1,5.9
2016-04-06,4264720,True,14.4,22.9,6.6
2016-04-07,4112447,True,14.1,20.6,10.5
2016-04-08,4229170,True,11.1,18.7,7.8
2016-04-09,4335557,True,10.7,14.1,7.4
2016-04-10,3912032,True,13.4,20.7,9.3
2016-04-11,4172259,True,12.5,19.4,5.7
2016-04-12,3953221,True,14.1,19.4,10.3
2016-04-13,3665355,True,15.6,21.4,11.4
2016-04-14,3904600,True,12.4,18.6,9.3
2016-04-15,3766799,True,15.0,23.1,8.1
2016-04-16,3747681,True,14.9,20.7,9.8
2016-04-17,3990971,True,10.8,14.5,8.3
2016-04-18,4250165,True,11.2,18.6,7.1
2016-04-19,4100668,True,12.0,19.2,6.5
2016-04-20,3972970,True,14.3,20.9,10.1
2016-04-21,4060206,True,13.5,16.9,10.3
2016-04-22,3896294,True,13.5,18.6,10.1
2016-04-23,3655417,True,13.5,19.8,7.8
2016-04-24,3392012,True,15.5,23.7,8.1
2016-04-25,3357730,True,17.2,25.3,10.2
2016-04-26,3148884,True,21.1,29.6,12.1
2016-04-27,3138903,True,17.2,20.7,14.5
2016-04-28,3117997,True,17.2,23.0,12.4
2016-04-29,3073401,True,16.2,22.6,10.9
2016-04-30,3027237,True,15.9,20.4,10.8
2016-05-01,2787895,True,18.8,26.0,12.2
2016-05-02,2885387,True,21.1,28.4,16.5
2016-05-03,3530340,True,12.9,17.6,8.9
2016-05-04,3364970,True,15.7,20.6,10.2
2016-05-05,2844503,True,18.9,26.9,10.2
2016-05-06,2928116,True,16.3,18.6,13.0
2016-05-07,2800391,True,16.5,22.6,10.7
2016-05-08,2647979,True,19.4,26.8,11.6
2016-05-09,2805119,True,20.2,25.4,16.3
2016-05-10,3105080,True,14.5,18.1,12.5
2016-05-11,2999522,True,16.4,23.5,10.4
2016-05-12,2914640,True,17.8,24.0,12.1
2016-05-13,2856239,True,18.6,25.4,12.7
2016-05-14,2521498,True,20.2,26.9,15.1
2016-05-15,2631453,True,17.4,24.2,12.3
2016-05-16,2865926,True,15.9,21.9,10.8
2016-05-17,2787937,True,19.3,26.6,10.9
2016-05-18,2729835,True,22.3,29.5,13.5
2016-05-19,2667359,True,24.3,31.9,16.3
2016-05-20,2629110,True,24.0,31.6,16.8
2016-05-21,2350671,True,24.1,30.4,17.8
2016-05-22,2178609,True,24.7,31.7,17.6
2016-05-23,2491417,True,23.3,29.4,18.3
2016-05-24,2512691,True,16.8,21.8,15.4
2016-05-25,2522913,True,19.7,24.4,15.3
2016-05-26,2508408,True,19.4,22.9,17.5
2016-05-27,2512832,True,20.9,27.1,14.8
2016-05-28,2282452,True,21.7,28.0,17.2
2016-05-29,2143266,True,21.5,27.6,17.2
2016-05-30,2464639,True,22.1,28.9,16.9
2016-05-31,2489195,True,21.6,27.6,17.4
2016-06-01,2485208,True,23.3,29.9,17.1
2016-06-02,2500775,True,23.2,29.1,17.2
2016-06-03,2464070,True,22.2,27.7,17.6
2016-06-04,2161743,True,21.2,26.3,18.2
2016-06-05,1969933,True,24.7,32.2,17.3
2016-06-06,2069532,True,23.3,28.4,20.8
2016-06-07,2437007,True,21.7,25.9,19.6
2016-06-08,2444979,True,22.1,27.7,18.2
2016-06-09,2472705,True,24.1,31.3,17.8
2016-06-10,2460270,True,24.6,31.3,20.2
2016-06-11,2169900,True,23.5,26.5,20.9
2016-06-12,2031729,True,23.5,26.7,19.9
2016-06-13,2397726,True,23.5,29.6,19.4
2016-06-14,2423314,True,23.8,29.5,19.7
2016-06-15,2412401,True,20.9,24.5,17.4
2016-06-16,2409135,True,20.9,24.9,18.6
2016-06-17,2422157,True,23.8,29.1,18.6
2016-06-18,2126140,True,24.5,29.9,20.1
2016-06-19,1986148,True,24.1,29.3,20.3
2016-06-20,2382602,True,24.7,30.7,19.6
2016-06-21,2426785,True,26.0,31.3,21.0
2016-06-22,2443621,True,24.3,30.2,20.9
2016-06-23,2441546,True,24.7,29.4,19.6
2016-06-24,2372942,True,23.1,25.7,21.1
2016-06-25,2079277,True,22.8,26.7,19.2
2016-06-26,1939869,True,24.4,30.3,19.4
2016-06-27,2351725,True,24.4,29.5,19.9
2016-06-28,2404240,True,24.7,29.7,20.4
2016-06-29,2406330,True,25.6,30.2,20.9
2016-06-30,2435662,True,24.6,26.9,23.0
2016-07-01,2446869,True,24.0,26.5,22.0
2016-07-02,2113936,True,23.5,27.7,20.6
2016-07-03,1941228,True,23.5,26.8,21.1
2016-07-04,2397209,True,21.8,24.1,20.2
2016-07-05,2590199,True,23.1,24.8,20.2
2016-07-06,2443172,True,22.9,26.9,20.3
2016-07-07,2451212,True,24.0,28.5,20.1
2016-07-08,2475330,True,27.3,32.4,21.2
2016-07-09,2164389,True,27.7,32.7,23.2
2016-07-10,1982770,True,27.9,33.1,23.2
2016-07-11,2465270,True,28.4,33.4,24.8
2016-07-12,2456169,True,28.4,33.4,24.8
2016-07-13,2482009,True,26.3,29.5,23.2
2016-07-14,2465182,True,27.5,32.4,24.0
2016-07-15,2412966,True,26.2,29.2,23.7
2016-07-16,2167692,True,20.8,23.8,19.8
2016-07-17,2024109,True,21.7,23.1,20.4
2016-07-18,2421466,True,24.4,28.4,20.7
2016-07-19,2468489,True,27.1,32.4,20.9
2016-07-20,2480825,True,28.6,32.9,24.0
2016-07-21,2435747,True,28.3,32.2,24.9
2016-07-22,2416518,True,29.1,34.1,25.3
2016-07-23,2118093,True,28.7,31.6,27.2
2016-07-24,1914337,True,28.0,30.1,27.0
2016-07-25,2354863,True,28.4,31.4,26.4
2016-07-26,2394639,True,28.4,31.9,25.6
2016-07-27,2416474,True,27.6,28.9,26.7
2016-07-28,2367054,True,28.0,30.5,26.7
2016-07-29,2347411,True,26.3,28.4,23.4
2016-07-30,2034630,True,28.6,33.0,26.4
2016-07-31,1850346,True,28.9,32.8,26.6
2016-08-01,2254308,True,28.4,32.4,25.8
2016-08-02,2276637,True,27.2,31.1,25.0
2016-08-03,2269709,True,29.1,34.2,24.0
2016-08-04,2291488,True,30.7,35.7,26.0
2016-08-05,2297234,True,31.2,36.0,26.5
2016-08-06,1970667,True,30.5,34.0,26.6
2016-08-07,1770025,True,30.6,35.0,27.0
2016-08-08,2262022,True,30.5,35.5,26.4
2016-08-09,2285761,True,29.3,33.6,26.4
2016-08-10,2272584,True,29.4,34.8,26.1
2016-08-11,2298220,True,30.5,36.4,26.1
2016-08-12,2284078,True,30.4,35.9,26.4
2016-08-13,1891213,True,30.2,35.1,26.8
2016-08-14,1680508,True,28.9,31.8,27.3
2016-08-15,1727229,True,29.1,34.0,25.8
2016-08-16,2253595,True,29.3,34.9,26.2
2016-08-17,2281221,True,29.9,34.7,25.1
2016-08-18,2299855,True,29.9,34.3,26.2
2016-08-19,2304083,True,28.9,33.2,26.6
2016-08-20,1910928,True,30.1,34.9,26.5
2016-08-21,1715998,True,30.7,36.6,26.9
2016-08-22,2280544,True,30.7,36.3,25.8
2016-08-23,2314595,True,28.3,33.0,26.0
2016-08-24,2288316,True,29.1,32.9,26.4
2016-08-25,2293878,True,27.1,32.2,24.0
2016-08-26,2160914,True,23.0,28.2,19.5
2016-08-27,1865195,True,23.4,29.7,16.9
2016-08-28,1729090,True,21.0,24.5,18.3
2016-08-29,2152625,True,22.2,27.1,17.4
2016-08-30,2184298,True,20.6,24.5,17.9
2016-08-31,2209215,True,17.7,19.2,16.1
2016-09-01,2286395,True,23.2,28.6,15.8
2016-09-02,2273605,True,24.2,29.0,20.6
2016-09-03,2008146,True,23.9,28.6,20.4
2016-09-04,1874869,True,25.6,29.6,22.1
2016-09-05,2306662,True,26.4,31.1,23.0
2016-09-06,2318929,True,24.7,29.0,21.0
2016-09-07,2306457,True,24.3,28.6,20.9
2016-09-08,2298453,True,23.0,26.5,21.5
2016-09-09,2290357,True,23.9,29.3,19.7
2016-09-10,2037617,True,24.4,29.1,20.0
2016-09-11,1882476,True,24.5,28.2,22.1
2016-09-12,2254762,True,23.4,27.5,21.4
2016-09-13,2246723,True,24.6,30.8,19.6
2016-09-14,1805651,True,24.6,28.9,21.4
2016-09-15,1452126,True,23.9,29.5,18.8
2016-09-16,1532844,True,24.6,29.5,20.4
2016-09-17,1714027,True,23.1,28.2,18.5
2016-09-18,1784848,True,23.5,28.3,20.2
2016-09-19,2209539,True,21.9,27.8,18.2
2016-09-20,2270472,True,20.6,26.8,15.4
2016-09-21,2287432,True,20.2,25.3,14.3
2016-09-22,2294999,True,21.9,27.2,17.5
2016-09-23,2312744,True,21.4,27.9,16.4
2016-09-24,2089328,True,22.3,28.9,16.5
2016-09-25,1942679,True,23.0,29.7,18.6
2016-09-26,2255166,True,23.6,28.9,19.7
2016-09-27,2325290,True,21.0,23.8,19.1
2016-09-28,2283793,True,19.9,21.8,18.7
2016-09-29,2355637,True,20.4,24.8,18.2
2016-09-30,2316823,True,20.5,23.5,17.7
2016-10-01,2124669,True,21.1,25.6,17.5
2016-10-02,2107841,True,19.0,22.4,16.7
2016-10-03,2096558,True,22.7,27.9,19.6
2016-10-04,2343990,True,22.0,29.0,15.6
2016-10-05,2354492,True,21.1,27.2,17.5
2016-10-06,2422099,True,18.0,23.5,13.6
2016-10-07,2422910,True,19.7,24.8,16.5
2016-10-08,2448954,True,16.8,21.8,10.3
2016-10-09,2889501,True,11.3,16.6,6.5
2016-10-10,3101378,True,14.0,21.4,7.4
2016-10-11,3052697,True,15.4,21.1,10.0
2016-10-12,3083159,True,15.5,20.7,11.4
2016-10-13,3186044,True,15.2,21.9,9.3
2016-10-14,3031100,True,16.7,23.5,10.5
2016-10-15,2743546,True,19.1,27.1,12.4
2016-10-16,2704333,True,17.2,19.5,15.4
2016-10-17,2816520,True,17.5,21.7,14.5
2016-10-18,2893602,True,17.0,24.0,11.2
2016-10-19,2845046,True,18.0,24.3,14.0
2016-10-20,2828644,True,18.6,25.8,12.9
2016-10-21,2845535,True,17.9,22.0,15.7
2016-10-22,2693652,True,18.3,22.8,14.5
2016-10-23,3211087,True,13.3,17.8,10.6
2016-10-24,3314846,True,15.1,20.6,9.0
2016-10-25,3472086,True,14.1,17.5,12.5
2016-10-26,3569461,True,13.3,16.3,10.5
2016-10-27,3607759,True,14.6,20.9,8.6
2016-10-28,3663460,True,14.6,18.4,10.2
2016-10-29,4654232,True,0.0,11.2,
2016-10-30,4936095,True,7.9,15.1,1.6
2016-10-31,5868314,True,5.7,8.2,0.7
2016-11-01,7062238,True,1.5,6.6,-2.4
2016-11-02,6994161,True,4.1,10.5,-2.7
2016-11-03,5977143,True,9.1,14.1,4.2
2016-11-04,5273874,True,12.3,15.7,8.2
2016-11-05,4426558,True,15.0,18.1,12.2
2016-11-06,4238057,True,14.0,18.3,11.9
2016-11-07,4592892,True,12.8,17.8,8.5
2016-11-08,6174725,True,4.1,8.4,0.4
2016-11-09,7114458,True,2.1,8.6,-3.2
2016-11-10,6815126,True,6.0,9.8,1.5
2016-11-11,5902005,True,9.1,14.2,6.2
2016-11-12,5344061,True,11.4,16.7,5.1
2016-11-13,4555403,True,13.4,18.1,12.1
2016-11-14,4715583,True,13.2,15.8,10.2
2016-11-15,6021121,True,5.2,10.2,2.5
2016-11-16,6534078,True,5.2,12.0,0.0
2016-11-17,5936926,True,9.1,16.5,4.0
2016-11-18,5658743,True,10.3,14.6,4.9
2016-11-19,4905224,True,13.0,18.6,9.9
2016-11-20,5038549,True,9.8,15.3,6.4
2016-11-21,5753976,True,9.5,14.6,5.1
2016-11-22,7342238,True,2.0,8.4,-2.1
2016-11-23,8748730,True,-1.8,3.6,-4.8
2016-11-24,9202740,True,-2.5,2.4,-6.2
2016-11-25,8604845,True,1.0,6.0,-3.5
2016-11-26,8492577,True,0.9,2.7,-0.7
2016-11-27,7832362,True,3.3,6.6,0.5
2016-11-28,8515788,True,1.4,5.6,-1.4
2016-11-29,8536815,True,1.7,8.6,-2.8
2016-11-30,8033785,True,6.0,9.8,0.7
2016-12-01,7985581,True,4.1,7.0,-1.0
2016-12-02,8276854,True,1.6,7.9,-3.5
2016-12-03,7492882,True,4.5,11.3,-0.7
2016-12-04,7269087,True,5.5,9.5,2.0
2016-12-05,7480780,True,5.9,10.3,0.5
2016-12-06,8838366,True,-1.1,4.3,-4.2
2016-12-07,8510532,True,1.7,7.5,-2.7
2016-12-08,8559112,True,2.1,,-3.0
2016-12-09,8536024,True,1.4,4.2,-2.9
2016-12-10,8990889,True,-1.6,3.6,-5.9
2016-12-11,8963947,True,-1.1,6.4,-6.1
2016-12-12,9055543,True,2.3,6.3,-3.0
2016-12-13,8559878,True,3.4,8.8,-0.4
2016-12-14,9634885,True,-1.4,-0.1,-2.3
2016-12-15,10647877,True,-5.0,-1.5,-7.6
2016-12-16,10906846,True,-4.7,0.0,-9.8
2016-12-17,9000934,True,2.7,8.0,-2.7
2016-12-18,8061798,True,4.9,8.1,2.7
2016-12-19,7825102,True,7.2,12.0,4.3
2016-12-20,7301772,True,7.6,13.6,4.4
2016-12-21,7407318,True,7.9,12.6,4.1
2016-12-22,7548861,True,5.5,11.0,1.5
2016-12-23,9311903,True,-2.5,1.5,-4.4
2016-12-24,9359050,True,-2.4,1.1,-4.3
2016-12-25,8854674,True,1.0,6.4,-4.5
2016-12-26,8963974,True,2.5,4.4,1.3
2016-12-27,9844706,True,-2.3,1.3,-6.3
2016-12-28,10526284,True,-3.7,2.6,-8.4
2016-12-29,10596633,True,-4.2,-1.1,-7.2
2016-12-30,10674919,True,-3.9,1.0,-9.1
2016-12-31,9398922,True,0.7,5.7,-3.6
2017-01-01,8708731,True,2.7,6.9,-1.6
2017-01-02,8380967,True,5.0,9.2,1.8
2017-01-03,8607191,True,2.0,7.7,-2.3
2017-01-04,8171347,True,3.9,8.9,1.0
2017-01-05,8414089,True,3.8,7.3,-0.1
2017-01-06,7861142,True,5.4,11.4,2.5
2017-01-07,7636844,True,4.6,10.5,0.0
2017-01-08,7255448,True,6.5,10.9,4.0
2017-01-09,8363959,True,1.5,4.3,-3.1
2017-01-10,9792398,True,-3.7,1.1,-7.4
2017-01-11,10401856,True,-3.8,1.5,-9.4
2017-01-12,10074774,True,-2.2,1.0,-6.1
2017-01-13,11332883,True,-6.0,-1.4,-8.6
2017-01-14,11975018,True,-8.4,-5.4,-10.5
2017-01-15,11629603,True,-6.6,-0.9,-11.5
2017-01-16,11260570,True,-3.8,4.0,-8.9
2017-01-17,10614434,True,-2.0,3.4,-7.1
2017-01-18,10223021,True,-0.5,2.8,-3.0
2017-01-19,10250133,True,-1.2,4.7,-4.9
2017-01-20,10992142,True,-4.4,-1.4,-7.8
2017-01-21,11307568,True,-5.2,-0.9,-10.0
2017-01-22,11815208,True,-8.3,-3.3,-10.9
2017-01-23,12748757,True,-8.9,-4.1,-12.6
2017-01-24,12404721,True,-7.0,-1.3,-11.6
2017-01-25,12043651,True,-5.2,0.9,-10.2
2017-01-26,11300088,True,-1.3,3.4,-7.9
2017-01-27,10028474,True,-2.6,3.1,-5.7
2017-01-28,9130117,True,-1.6,4.3,-8.2
2017-01-29,9155691,True,0.8,2.5,-0.9
2017-01-30,10564970,True,-4.8,-0.9,-7.9
2017-01-31,11762348,True,-5.4,0.2,-9.9
2017-02-01,11356448,True,-0.4,0.7,-7.5
2017-02-02,11187791,True,-2.7,3.3,-9.2
2017-02-03,9868173,True,1.5,6.7,-2.3
2017-02-04,9514385,True,0.9,3.2,-2.9
2017-02-05,9260751,True,1.2,2.3,-1.5
2017-02-06,10228094,True,-1.7,2.6,-4.4
2017-02-07,10478402,True,-2.0,3.0,-5.6
2017-02-08,10654057,True,-2.2,0.6,-4.9
2017-02-09,11423137,True,-5.3,-2.1,-7.1
2017-02-10,12036387,True,-6.6,-2.5,-9.3
2017-02-11,11284379,True,-4.8,-0.8,-9.2
2017-02-12,10343455,True,-2.2,4.2,-7.4
2017-02-13,10278275,True,0.1,6.1,-5.4
2017-02-14,9834336,True,0.3,6.5,-4.0
2017-02-15,9443114,True,1.8,8.0,-3.9
2017-02-16,8763297,True,5.5,10.3,-1.9
2017-02-17,8928251,True,0.8,9.0,-5.2
2017-02-18,9595383,True,-2.6,2.9,-7.0
2017-02-19,9099470,True,2.3,5.7,-3.4
2017-02-20,9816341,True,-1.5,5.4,-5.2
2017-02-21,9899206,True,-0.6,6.9,-7.6
2017-02-22,9614086,True,1.7,2.9,-0.9
2017-02-23,9924386,True,-1.5,2.1,-4.2
2017-02-24,9875246,True,-0.8,4.4,-5.8
2017-02-25,8821241,True,2.6,8.4,-2.8
2017-02-26,8252067,True,3.6,10.1,-1.5
2017-02-27,8387181,True,3.7,10.7,-1.8
2017-02-28,7934575,True,5.6,12.3,-1.3
2017-03-01,7635433,True,5.0,11.4,2.0
2017-03-02,8359150,True,1.8,6.6,-1.1
2017-03-03,8190134,True,3.3,10.4,-3.1
2017-03-04,7347111,True,5.7,12.7,0.1
2017-03-05,7296482,True,5.2,10.4,1.2
2017-03-06,8708002,True,0.1,4.0,-2.8
2017-03-07,9321785,True,-1.3,2.9,-4.0
2017-03-08,9308164,True,-0.1,5.0,-5.3
2017-03-09,8559127,True,3.2,10.7,-2.7
2017-03-10,7940975,True,4.8,12.2,-1.2
2017-03-11,7063583,True,7.3,16.7,-0.2
2017-03-12,6640758,True,8.2,14.0,4.4
2017-03-13,6935106,True,6.9,12.2,1.5
2017-03-14,7050848,True,5.8,10.9,1.0
2017-03-15,6986747,True,6.3,13.3,0.4
2017-03-16,6920675,True,6.2,13.4,1.0
2017-03-17,6638573,True,7.7,15.7,1.2
2017-03-18,6083743,True,9.5,16.1,5.9
2017-03-19,5660813,True,10.9,18.9,3.2
2017-03-20,5874954,True,10.2,15.5,6.0
2017-03-21,6098358,True,7.4,12.6,4.3
2017-03-22,6200820,True,7.6,14.1,1.9
2017-03-23,5963672,True,9.1,15.0,5.1
2017-03-24,5951608,True,8.7,15.2,3.9
2017-03-25,5906741,True,8.1,12.6,5.0
2017-03-26,5981232,True,7.3,11.6,4.8
2017-03-27,6529419,True,6.1,10.9,4.4
2017-03-28,6420334,True,7.1,12.7,2.5
2017-03-29,6103592,True,8.8,14.4,4.7
2017-03-30,5740034,True,10.6,17.1,4.1
2017-03-31,5892829,True,8.6,12.4,4.9
2017-04-01,5603094,True,9.0,15.1,4.8
2017-04-02,5447465,True,9.0,15.8,3.1
2017-04-03,5316150,True,11.4,19.2,4.3
2017-04-04,4909053,True,14.1,21.8,6.7
2017-04-05,5286793,True,12.0,14.2,10.8
2017-04-06,5255178,True,10.4,12.4,9.4
2017-04-07,4607429,True,14.5,23.5,9.0
2017-04-08,4386403,True,13.0,19.9,8.6
2017-04-09,4194885,True,14.8,20.5,10.6
2017-04-10,4173027,True,16.5,23.3,10.1
2017-04-11,4090469,True,15.3,20.2,11.5
2017-04-12,4504886,True,11.5,16.4,8.8
2017-04-13,4385439,True,12.7,19.6,6.3
2017-04-14,4555194,True,13.0,17.7,10.1
2017-04-15,3862017,True,16.8,24.3,10.9
2017-04-16,3437888,True,18.7,24.4,12.9
2017-04-17,3822492,True,14.7,18.0,11.2
2017-04-18,4249072,True,11.7,17.4,9.4
2017-04-19,4234012,True,12.6,18.4,7.0
2017-04-20,4235976,True,12.9,18.2,9.9
2017-04-21,4129592,True,13.1,19.3,7.6
2017-04-22,3814366,True,14.8,22.5,8.5
2017-04-23,3611827,True,14.9,21.7,8.9
2017-04-24,3771029,True,15.1,21.3,8.3
2017-04-25,3632144,True,16.0,20.4,12.9
2017-04-26,3670166,True,15.1,20.2,10.5
2017-04-27,3741855,True,13.6,19.8,7.9
2017-04-28,3634584,True,14.4,21.5,8.9
2017-04-29,3329663,True,17.1,23.7,9.6
2017-04-30,2909617,True,19.3,27.8,13.7
2017-05-01,2895309,True,20.1,28.3,12.8
2017-05-02,2867680,True,20.7,28.0,15.2
2017-05-03,2627944,True,21.5,30.2,14.5
2017-05-04,2678578,True,21.0,27.5,14.8
2017-05-05,2453501,True,20.9,27.0,15.5
2017-05-06,2602282,True,14.9,19.3,10.0
2017-05-07,2622905,True,16.6,22.8,10.9
2017-05-08,2825943,True,17.9,23.5,11.1
2017-05-09,2796887,True,17.1,22.6,15.3
2017-05-10,2969691,True,16.4,20.8,14.2
2017-05-11,2919327,True,19.3,24.8,13.1
2017-05-12,2845107,True,19.1,21.1,16.8
2017-05-13,2828765,True,16.4,22.6,12.4
2017-05-14,2791577,True,15.7,20.7,11.0
2017-05-15,3001785,True,16.0,20.1,12.3
2017-05-16,2970498,True,17.1,22.3,13.3
2017-05-17,2925933,True,18.7,25.9,12.3
2017-05-18,2851471,True,20.4,26.9,13.9
2017-05-19,2765161,True,21.1,27.9,15.1
2017-05-20,2534475,True,20.9,27.3,15.4
2017-05-21,2390082,True,21.5,27.6,16.0
2017-05-22,2637562,True,21.8,28.0,15.9
2017-05-23,2659848,True,20.0,24.4,17.2
2017-05-24,2655493,True,21.8,27.8,16.9
2017-05-25,2650683,True,19.2,24.4,14.4
2017-05-26,2681616,True,17.7,23.2,12.4
2017-05-27,2496412,True,19.5,26.4,13.7
2017-05-28,2358869,True,21.2,27.9,14.4
2017-05-29,2615253,True,22.9,29.3,18.1
2017-05-30,2626483,True,23.6,30.3,18.6
2017-05-31,2592585,True,23.3,29.6,5.4
2017-06-01,2585721,True,23.3,27.0,20.0
2017-06-02,2560199,True,20.5,25.6,15.5
2017-06-03,2335363,True,20.5,26.5,16.1
2017-06-04,2197412,True,21.7,28.1,15.1
2017-06-05,2480157,True,24.2,30.3,16.4
2017-06-06,2320178,True,19.4,23.9,14.5
2017-06-07,2635433,True,17.6,19.2,15.1
2017-06-08,2629514,True,20.1,25.9,15.1
2017-06-09,2610763,True,21.2,25.7,17.9
2017-06-10,2370793,True,21.5,27.5,16.7
2017-06-11,2239887,True,22.8,29.6,14.8
2017-06-12,2547535,True,22.1,28.0,17.0
2017-06-13,2571506,True,21.5,25.9,18.3
2017-06-14,2575993,True,21.8,26.8,17.8
2017-06-15,2581723,True,23.1,29.6,18.0
2017-06-16,2587934,True,25.5,32.7,20.0
2017-06-17,2272204,True,24.2,29.9,20.6
2017-06-18,2126365,True,24.3,31.8,18.6
2017-06-19,2479161,True,24.8,30.2,19.5
2017-06-20,2534185,True,26.0,32.7,20.0
2017-06-21,2563700,True,25.4,31.6,21.7
2017-06-22,2580108,True,25.3,30.4,21.2
2017-06-23,2569137,True,26.7,34.1,21.3
2017-06-24,2223812,True,24.5,27.8,21.5
2017-06-25,2096669,True,23.8,28.4,21.0
2017-06-26,2501565,True,23.1,29.9,20.1
2017-06-27,2555646,True,25.2,30.5,20.8
2017-06-28,2510827,True,26.0,30.5,22.5
2017-06-29,2564894,True,26.2,31.5,21.9
2017-06-30,2528620,True,25.9,30.9,22.2
2017-07-01,2214715,True,25.3,30.7,22.4
2017-07-02,2129102,True,24.3,26.8,21.9
2017-07-03,2541564,True,24.7,27.4,21.9
2017-07-04,2558972,True,26.7,31.6,23.8
2017-07-05,2531463,True,27.4,32.6,23.3
2017-07-06,2560710,True,27.6,34.6,23.9
2017-07-07,2568060,True,26.4,28.4,24.4
2017-07-08,2248724,True,26.0,27.6,24.6
2017-07-09,2103353,True,26.3,30.3,23.8
2017-07-10,2602195,True,24.0,25.4,22.6
2017-07-11,2611439,True,26.0,30.9,22.2
2017-07-12,2663336,True,27.1,31.1,24.9
2017-07-13,2602084,True,27.6,32.1,23.1
2017-07-14,2609212,True,28.7,33.0,26.1
2017-07-15,2240277,True,25.0,27.3,23.4
2017-07-16,2106144,True,26.2,28.8,23.4
2017-07-17,2573980,True,26.8,29.0,24.0
2017-07-18,2602372,True,26.5,30.7,23.9
2017-07-19,2602258,True,28.3,34.1,24.5
2017-07-20,2628933,True,29.9,34.9,26.0
2017-07-21,2637147,True,29.8,32.4,27.3
2017-07-22,2243959,True,29.3,32.5,27.5
2017-07-23,2044713,True,27.0,28.1,26.1
2017-07-24,2486040,True,26.2,27.3,25.6
2017-07-25,2524506,True,29.4,35.4,24.6
2017-07-26,2495526,True,28.7,32.8,24.2
2017-07-27,2463368,True,27.1,29.7,24.9
2017-07-28,2511955,True,25.5,26.9,24.8
2017-07-29,2163749,True,27.2,30.1,25.0
2017-07-30,1986890,True,27.9,32.6,24.7
2017-07-31,2392235,True,25.7,27.1,24.8
2017-08-01,2443424,True,28.6,33.0,24.1
2017-08-02,2472756,True,30.0,33.0,26.6
2017-08-03,2453050,True,30.2,33.9,27.2
2017-08-04,2439515,True,30.3,35.3,25.9
2017-08-05,2138578,True,31.4,34.8,27.6
2017-08-06,1970375,True,29.8,34.0,28.2
2017-08-07,2416166,True,29.2,34.4,26.4
2017-08-08,2441818,True,28.2,31.0,25.5
2017-08-09,2405745,True,27.6,32.0,24.6
2017-08-10,2464265,True,24.8,26.3,23.9
2017-08-11,2454374,True,27.0,32.4,23.9
2017-08-12,2049055,True,27.8,32.6,23.2
2017-08-13,1863467,True,26.3,28.4,24.2
2017-08-14,2278621,True,24.6,27.1,23.1
2017-08-15,2027121,True,21.9,24.0,20.8
2017-08-16,2417443,True,23.3,26.8,20.5
2017-08-17,2425684,True,24.8,27.7,21.2
2017-08-18,2444925,True,26.3,30.6,23.9
2017-08-19,2134817,True,26.1,28.7,23.1
2017-08-20,2057459,True,23.2,25.8,22.0
2017-08-21,2503583,True,25.8,29.2,23.7
2017-08-22,2523144,True,27.3,31.5,23.4
2017-08-23,2623546,True,27.2,30.2,24.6
2017-08-24,2646680,True,26.5,28.1,23.9
2017-08-25,2497550,True,25.3,30.6,22.2
2017-08-26,2168428,True,24.2,29.2,19.0
2017-08-27,2035481,True,22.7,26.7,19.0
2017-08-28,2510234,True,21.5,26.5,18.3
2017-08-29,2486863,True,19.5,24.0,17.0
2017-08-30,2474548,True,19.8,23.9,16.1
2017-08-31,2553660,True,22.2,27.6,16.6
2017-09-01,2551897,True,23.3,29.7,17.1
2017-09-02,2286441,True,23.8,29.6,18.6
2017-09-03,2141960,True,23.7,29.2,19.0
2017-09-04,2515096,True,24.6,30.1,19.7
2017-09-05,2503861,True,21.9,23.7,20.4
2017-09-06,2532653,True,20.6,24.0,18.5
2017-09-07,2547224,True,22.4,27.5,17.8
2017-09-08,2554264,True,24.3,29.9,20.4
2017-09-09,2294487,True,23.8,28.2,19.2
2017-09-10,2128815,True,23.0,26.1,19.9
2017-09-11,2477890,True,21.2,24.6,18.6
2017-09-12,2543252,True,22.1,27.9,17.7
2017-09-13,2550098,True,21.4,27.5,15.9
2017-09-14,2560158,True,22.4,29.5,14.8
2017-09-15,2539187,True,22.6,27.9,17.8
2017-09-16,2305361,True,22.0,27.6,16.7
2017-09-17,2160779,True,23.7,29.2,19.0
2017-09-18,2519162,True,21.9,29.2,19.0
2017-09-19,2555055,True,22.6,25.8,20.1
2017-09-20,2524214,True,19.5,24.9,14.1
2017-09-21,2552053,True,20.3,27.0,14.2
2017-09-22,2556285,True,20.6,26.8,15.4
2017-09-23,2330314,True,21.8,27.3,17.6
2017-09-24,2217257,True,22.4,27.9,19.0
2017-09-25,2511294,True,23.4,30.1,17.4
2017-09-26,2572954,True,25.1,31.4,19.4
2017-09-27,2806058,True,22.7,27.3,19.9
2017-09-28,2262600,True,19.2,25.3,14.2
2017-09-29,2605156,True,17.4,23.5,11.2
2017-09-30,2384874,True,20.0,25.9,14.7
2017-10-01,2335313,True,18.2,21.2,15.5
2017-10-02,2282660,True,22.0,29.4,15.6
2017-10-03,2316962,True,17.6,23.6,13.4
2017-10-04,2202561,True,16.7,24.3,10.7
2017-10-05,2159338,True,18.7,23.4,13.9
2017-10-06,2301440,True,18.9,23.3,16.2
2017-10-07,2315321,True,21.9,28.8,16.9
2017-10-08,2218133,True,23.0,28.7,19.3
2017-10-09,2345055,True,22.5,27.6,19.8
2017-10-10,2585241,True,21.4,24.8,18.6
2017-10-11,2899562,True,15.5,21.7,12.2
2017-10-12,3411391,True,11.4,13.8,8.8
2017-10-13,3616607,True,12.8,18.9,6.1
2017-10-14,3499462,True,14.4,20.5,9.0
2017-10-15,3603913,True,15.8,23.0,9.0
2017-10-16,3362885,True,16.6,22.0,13.6
2017-10-17,3441499,True,16.2,23.9,9.2
2017-10-18,3455891,True,16.5,19.1,14.2
2017-10-19,3345651,True,17.0,23.2,11.9
2017-10-20,3334499,True,17.0,24.2,11.1
2017-10-21,3102427,True,17.6,25.2,11.0
2017-10-22,3151289,True,16.3,23.5,11.0
2017-10-23,3641203,True,13.7,20.6,8.6
2017-10-24,3656035,True,14.4,20.9,9.9
2017-10-25,3681185,True,14.4,20.6,9.5
2017-10-26,3759193,True,14.5,18.1,10.7
2017-10-27,3557392,True,16.9,24.2,11.9
2017-10-28,3415164,True,17.2,24.8,10.6
2017-10-29,3981162,True,11.5,17.2,6.3
2017-10-30,5115142,True,7.7,13.2,2.5
2017-10-31,4971539,True,10.4,16.0,3.6
2017-11-01,4402463,True,14.4,18.1,11.5
2017-11-02,4178202,True,15.5,18.0,14.0
2017-11-03,4562152,True,12.3,16.6,6.1
2017-11-04,5136031,True,7.8,13.7,4.5
2017-11-05,5227425,True,8.4,15.4,2.6
2017-11-06,4991907,True,11.4,16.5,8.0
2017-11-07,4685239,True,14.4,18.4,9.2
2017-11-08,4679850,True,13.1,17.2,6.9
2017-11-09,5233833,True,9.4,16.8,3.7
2017-11-10,5463518,True,9.8,15.9,5.3
2017-11-11,5938801,True,5.9,10.7,2.7
2017-11-12,6133228,True,5.3,11.4,0.3
2017-11-13,6516096,True,8.4,11.8,3.1
2017-11-14,6448046,True,7.5,11.4,2.9
2017-11-15,7658431,True,3.2,6.5,-1.1
2017-11-16,8327099,True,1.0,6.4,-3.4
2017-11-17,8542800,True,3.0,5.8,-1.6
2017-11-18,9320035,True,-2.1,2.6,-4.8
2017-11-19,9555659,True,-1.6,3.5,-6.5
2017-11-20,9859225,True,-0.4,4.2,-3.9
2017-11-21,9525489,True,1.3,8.1,-4.2
2017-11-22,8843839,True,4.3,10.8,0.6
2017-11-23,9349734,True,0.9,4.7,-2.5
2017-11-24,9628156,True,-0.4,2.9,-2.5
2017-11-25,9107510,True,3.0,7.3,-3.3
2017-11-26,8392054,True,3.3,7.6,-0.3
2017-11-27,9079892,True,2.5,9.5,-2.9
2017-11-28,8466428,True,6.4,11.2,1.3
2017-11-29,8661037,True,3.2,8.1,-1.8
2017-11-30,10177437,True,-2.4,2.7,-5.2
2017-12-01,10845545,True,-2.2,3.1,-7.6
2017-12-02,9552752,True,1.9,8.1,-4.6
2017-12-03,8402424,True,4.9,8.1,3.1
2017-12-04,9463541,True,-1.2,4.5,-6.1
2017-12-05,11175479,True,-4.2,-0.4,-8.2
2017-12-06,10391400,True,0.2,6.0,-4.5
2017-12-07,10041547,True,0.7,4.6,-3.5
2017-12-08,10988439,True,-3.8,-0.5,-7.1
2017-12-09,10115710,True,-0.5,5.4,-5.6
2017-12-10,9866390,True,1.1,6.7,-2.5
2017-12-11,12231676,True,-7.0,-2.5,-11.0
2017-12-12,13454936,True,-9.4,-5.2,-12.3
2017-12-13,13404704,True,-8.7,-4.4,-12.0
2017-12-14,13311242,True,-6.6,-1.9,-11.2
2017-12-15,12560189,True,-3.0,0.9,-7.5
2017-12-16,12223259,True,-5.7,-2.6,-8.1
2017-12-17,12480217,True,-6.7,-2.3,-10.8
2017-12-18,12000030,True,-1.6,3.3,-5.9
2017-12-19,12196832,True,-3.9,-1.0,-6.5
2017-12-20,12417821,True,-3.9,-0.1,-8.5
2017-12-21,11576388,True,-0.9,4.6,-5.6
2017-12-22,10452349,True,3.4,6.6,-1.9
2017-12-23,8953451,True,6.4,8.7,0.0
2017-12-24,8802610,True,2.9,5.7,-0.6
2017-12-25,10249841,True,-2.1,0.6,-4.9
2017-12-26,11597229,True,-3.8,-1.1,-7.9
2017-12-27,12563343,True,-6.9,-2.6,-10.3
2017-12-28,11722627,True,-2.1,0.8,-6.8
2017-12-29,10310372,True,2.1,6.0,-0.4
2017-12-30,9759921,True,1.4,4.5,-1.2
2017-12-31,9552202,True,-0.3,3.3,
2018-01-01,9990201,True,-1.3,3.8,-5.1
2018-01-02,11055338,True,-1.8,1.8,-4.3
2018-01-03,11784278,True,-4.7,-1.4,-7.1
2018-01-04,12050061,True,-4.7,-0.7,-8.7
2018-01-05,11452798,True,-3.0,1.6,-5.6
2018-01-06,11016254,True,-2.8,2.9,-6.0
2018-01-07,10771644,True,-0.8,2.8,-5.7
2018-01-08,10780585,True,1.3,4.0,-1.2
2018-01-09,11621208,True,-4.2,-1.2,-6.1
2018-01-10,12771980,True,-7.5,-4.8,-10.3
2018-01-11,14339524,True,-11.1,-7.4,-13.6
2018-01-12,14591363,True,-10.2,-5.4,-15.3
2018-01-13,12617737,True,-4.4,-1.2,-6.6
2018-01-14,11182439,True,0.6,5.4,-4.4
2018-01-15,10124714,True,4.7,7.7,1.8
2018-01-16,9922772,True,3.5,6.8,0.1
2018-01-17,9329014,True,4.5,8.7,2.4
2018-01-18,9582351,True,2.1,4.5,0.3
2018-01-19,9727160,True,1.0,5.5,-2.5
2018-01-20,9242134,True,2.2,6.9,-1.0
2018-01-21,9371940,True,0.4,5.5,-3.7
2018-01-22,10327385,True,0.2,4.0,-5.3
2018-01-23,13551645,True,-11.7,-5.3,-14.5
2018-01-24,15418479,True,-14.2,-10.7,-16.3
2018-01-25,16098826,True,-14.0,-9.5,-16.4
2018-01-26,16687385,True,-14.8,-10.7,-17.8
2018-01-27,15343155,True,-9.9,-3.5,-15.9
2018-01-28,13618070,True,-6.3,-1.2,-9.3
2018-01-29,14351450,True,-8.5,-4.7,-11.6
2018-01-30,13789602,True,-5.3,-0.8,-11.4
2018-01-31,12876979,True,-2.6,0.0,-5.2
2018-02-01,12541718,True,-4.0,1.2,-8.8
2018-02-02,12095800,True,-2.4,3.8,-7.6
2018-02-03,12685083,True,-7.3,-2.1,-10.4
2018-02-04,13359845,True,-9.5,-5.2,-12.8
2018-02-05,14164479,True,-9.4,-5.1,-11.8
2018-02-06,14643108,True,-10.1,-5.8,-12.8
2018-02-07,14166536,True,-8.0,-1.6,-13.4
2018-02-08,12996286,True,-4.4,2.0,-9.7
2018-02-09,11835761,True,0.4,6.1,-5.3
2018-02-10,11059330,True,-0.5,3.2,-6.9
2018-02-11,12097993,True,-6.1,-2.2,-9.5
2018-02-12,12785881,True,-5.8,-1.8,-9.6
2018-02-13,11677786,True,-0.8,4.3,-7.4
2018-02-14,10423500,True,3.5,8.7,-0.7
2018-02-15,9823756,True,-0.7,4.0,-3.7
2018-02-16,9148033,True,-1.1,4.9,-5.5
2018-02-17,10025528,True,-3.0,1.4,-7.1
2018-02-18,10359136,True,-0.4,5.2,-4.9
2018-02-19,10468899,True,1.8,6.8,-1.9
2018-02-20,10260666,True,0.9,5.5,-2.4
2018-02-21,10586506,True,-0.9,4.4,-4.5
2018-02-22,10181473,True,1.3,5.4,-3.9
2018-02-23,9444355,True,4.2,8.6,-0.3
2018-02-24,8911369,True,2.4,7.2,-1.1
2018-02-25,8756970,True,1.9,7.9,-1.6
2018-02-26,8991665,True,3.1,10.4,-3.2
2018-02-27,8916734,True,4.2,6.9,0.6
2018-02-28,8915040,True,4.6,7.8,1.8
2018-03-01,9293253,True,-0.2,3.0,-4.3
2018-03-02,9892875,True,-0.7,5.4,-6.7
2018-03-03,7912254,True,7.9,16.2,-0.1
2018-03-04,7099681,True,9.8,11.9,7.6
2018-03-05,7770581,True,5.5,11.4,1.3
2018-03-06,7878960,True,4.5,10.9,-1.1
2018-03-07,7848609,True,6.4,10.7,2.2
2018-03-08,7968719,True,4.6,9.7,2.7
2018-03-09,7839409,True,4.6,9.6,1.4
2018-03-10,7619214,True,4.6,9.7,0.7
2018-03-11,7092355,True,6.4,12.2,2.7
2018-03-12,7121354,True,8.0,15.5,2.2
2018-03-13,6302692,True,12.4,18.8,5.2
2018-03-14,5249318,True,17.0,22.1,13.6
2018-03-15,5487364,True,12.4,16.6,8.4
2018-03-16,6098312,True,7.1,12.2,3.6
2018-03-17,6188013,True,6.6,14.0,0.5
2018-03-18,6234256,True,8.2,12.5,5.4
2018-03-19,6936685,True,8.0,10.4,6.2
2018-03-20,7572311,True,4.7,9.1,1.6
2018-03-21,8367283,True,2.1,5.3,1.1
2018-03-22,7602410,True,4.9,11.6,0.6
2018-03-23,7212937,True,6.1,12.5,1.8
2018-03-24,6636962,True,7.6,13.1,4.0
2018-03-25,6029840,True,9.6,16.9,4.6
2018-03-26,5886295,True,11.0,18.1,5.3
2018-03-27,5352885,True,13.3,20.0,7.7
2018-03-28,4988796,True,14.0,19.0,9.4
2018-03-29,4592537,True,15.4,21.1,11.8
2018-03-30,4437690,True,14.8,21.9,9.8
2018-03-31,4315557,True,14.0,20.1,9.3
2018-04-01,4115981,True,15.6,18.5,11.7
2018-04-02,3913531,True,18.4,23.7,14.9
2018-04-03,3830968,True,17.8,21.2,14.9
2018-04-04,4214889,True,13.4,18.2,9.5
2018-04-05,5373555,True,7.6,9.5,6.7
2018-04-06,6072710,True,5.8,8.6,3.0
2018-04-07,6676106,True,4.2,8.6,1.4
2018-04-08,7018215,True,3.9,7.9,0.6
2018-04-09,6369942,True,7.9,15.4,0.1
2018-04-10,5331631,True,15.1,21.9,6.9
2018-04-11,4858419,True,12.6,17.3,8.7
2018-04-12,4702169,True,13.3,19.6,6.8
2018-04-13,4556566,True,14.6,19.3,8.3
2018-04-14,5142849,True,9.0,14.8,7.5
2018-04-15,4972601,True,9.5,14.2,5.6
2018-04-16,4896547,True,11.6,18.8,4.9
2018-04-17,4637642,True,12.9,20.1,6.8
2018-04-18,4566927,True,12.4,19.3,6.2
2018-04-19,4351164,True,14.0,20.5,7.4
2018-04-20,3874758,True,18.4,26.3,11.0
2018-04-21,3423490,True,18.7,25.6,12.3
2018-04-22,3581494,True,15.5,21.0,10.7
2018-04-23,4844144,True,9.3,10.7,8.4
2018-04-24,4618366,True,12.1,16.1,8.9
2018-04-25,4208195,True,14.6,23.3,5.7
2018-04-26,3899853,True,14.9,22.1,10.0
2018-04-27,3692113,True,15.7,23.3,9.7
2018-04-28,3463329,True,15.4,21.7,10.5
2018-04-29,3309881,True,16.2,22.9,9.4
2018-04-30,3234796,True,19.2,25.0,14.1
2018-05-01,3014084,True,20.4,23.3,17.8
2018-05-02,3467540,True,15.1,19.7,8.7
2018-05-03,3868616,True,11.2,14.7,6.9
2018-05-04,3731669,True,14.1,20.0,8.8
2018-05-05,3166802,True,18.3,24.6,11.6
2018-05-06,3038008,True,16.6,20.7,15.0
2018-05-07,2957233,True,19.2,25.5,14.0
2018-05-08,3161949,True,17.5,22.9,11.6
2018-05-09,3280754,True,15.7,21.8,9.2
2018-05-10,3267903,True,15.4,21.4,11.3
2018-05-11,3240179,True,16.1,21.3,11.9
2018-05-12,3514573,True,14.2,16.1,11.8
2018-05-13,3181832,True,15.8,20.0,12.7
2018-05-14,3215690,True,18.2,24.5,11.9
2018-05-15,3010481,True,23.2,29.3,15.4
2018-05-16,3171988,True,22.3,24.4,21.8
2018-05-17,3201372,True,20.9,23.5,18.8
2018-05-18,3151784,True,16.3,19.3,12.2
2018-05-19,2970363,True,17.6,24.7,10.3
2018-05-20,2893336,True,17.0,22.6,11.5
2018-05-21,3082404,True,17.8,23.7,11.3
2018-05-22,3022302,True,18.1,23.2,15.4
2018-05-23,3167418,True,17.3,23.3,13.6
2018-05-24,3106108,True,18.3,23.7,11.2
2018-05-25,3050420,True,19.7,26.2,13.8
2018-05-26,2772535,True,21.8,29.6,14.0
2018-05-27,2591604,True,20.3,24.7,17.3
2018-05-28,2885784,True,22.3,29.1,16.2
2018-05-29,2894099,True,21.4,25.9,19.1
2018-05-30,2862510,True,20.2,24.7,15.8
2018-05-31,2864130,True,20.9,27.6,14.2
2018-06-01,2828183,True,23.8,30.2,17.5
2018-06-02,2561992,True,23.4,30.1,17.6
2018-06-03,2407784,True,24.0,30.8,16.9
2018-06-04,3073235,True,22.6,27.5,18.9
2018-06-05,2437853,True,23.7,29.2,17.7
2018-06-06,2486197,True,23.0,27.9,18.4
2018-06-07,2750944,True,22.2,29.4,17.8
2018-06-08,2741253,True,21.9,27.0,18.5
2018-06-09,2494625,True,23.7,30.1,18.9
2018-06-10,2342196,True,21.3,24.9,18.3
2018-06-11,2697277,True,20.2,23.9,18.0
2018-06-12,2732972,True,21.3,27.1,16.6
2018-06-13,2481866,True,22.0,27.0,18.3
2018-06-14,2736222,True,21.6,25.1,18.8
2018-06-15,2715836,True,21.7,27.0,17.2
2018-06-16,2493882,True,22.5,28.7,16.3
2018-06-17,2329144,True,22.8,27.5,18.9
2018-06-18,2684298,True,24.8,30.8,19.9
2018-06-19,2710630,True,22.4,27.2,19.1
2018-06-20,2706076,True,22.7,28.4,19.1
2018-06-21,2711282,True,23.7,28.7,19.4
2018-06-22,2673824,True,25.0,32.0,18.2
2018-06-23,2418904,True,24.5,28.9,20.9
2018-06-24,2252639,True,25.2,32.1,20.1
2018-06-25,2656740,True,27.1,32.9,21.3
2018-06-26,2715070,True,22.3,26.9,20.2
2018-06-27,2677751,True,22.3,25.5,19.1
2018-06-28,2692657,True,23.3,27.3,20.6
2018-06-29,2682123,True,24.7,29.1,21.9
2018-06-30,2381242,True,24.4,27.9,21.6
2018-07-01,2290938,True,21.9,22.8,21.0
2018-07-02,2716078,True,22.6,25.3,20.6
2018-07-03,2758619,True,27.4,32.6,22.5
2018-07-04,2740699,True,27.3,31.8,24.0
2018-07-05,2701399,True,25.3,29.0,23.4
2018-07-06,2634457,True,23.9,27.1,21.5
2018-07-07,2353067,True,23.7,29.2,19.5
2018-07-08,2211096,True,23.3,28.1,17.7
2018-07-09,2642695,True,20.8,24.2,20.1
2018-07-10,2724210,True,26.8,29.5,24.4
2018-07-11,2812959,True,26.8,29.5,24.4
2018-07-12,2786560,True,26.6,28.2,25.1
2018-07-13,2736077,True,27.3,30.9,24.7
2018-07-14,2386639,True,27.9,31.9,24.6
2018-07-15,2226561,True,28.3,33.2,24.5
2018-07-16,2702834,True,28.7,34.0,24.0
2018-07-17,2801305,True,28.1,32.1,23.9
2018-07-18,2693544,True,28.2,33.2,23.7
2018-07-19,2688317,True,28.7,34.1,23.2
2018-07-20,2666097,True,29.5,34.7,24.6
2018-07-21,2292716,True,30.6,36.9,24.9
2018-07-22,2107977,True,31.8,38.0,25.3
2018-07-23,2588480,True,31.7,35.7,29.2
2018-07-24,2602720,True,31.4,36.8,27.2
2018-07-25,2592899,True,30.1,34.1,27.7
2018-07-26,2564369,True,30.1,33.7,27.3
2018-07-27,2586357,True,30.9,35.4,27.2
2018-07-28,2205621,True,29.5,35.2,28.0
2018-07-29,1974959,True,31.3,36.7,26.4
2018-07-30,2416489,True,31.7,36.9,26.2
2018-07-31,2455342,True,32.6,38.3,27.8
2018-08-01,2464733,True,33.6,39.6,27.8
2018-08-02,2434477,True,33.7,37.9,30.3
2018-08-03,2407033,True,33.1,37.9,30.0
2018-08-04,2052587,True,31.1,34.9,28.0
2018-08-05,1915867,True,30.0,33.9,27.2
2018-08-06,2377334,True,30.5,35.3,28.3
2018-08-07,2383724,True,30.5,35.9,26.8
2018-08-08,2395679,True,31.0,35.3,27.6
2018-08-09,2425404,True,28.8,32.5,27.1
2018-08-10,2423816,True,30.7,36.8,25.7
2018-08-11,2079906,True,31.0,36.0,26.4
2018-08-12,1899051,True,30.6,35.3,27.2
2018-08-13,2380814,True,30.5,34.4,26.7
2018-08-14,2424949,True,31.7,37.2,27.7
2018-08-15,2037336,True,31.7,38.0,28.3
2018-08-16,2470860,True,29.9,35.6,24.1
2018-08-17,2339320,True,27.2,33.8,21.7
2018-08-18,1992934,True,26.7,32.1,21.5
2018-08-19,1878579,True,28.2,34.4,23.0
2018-08-20,2334642,True,29.1,33.3,25.1
2018-08-21,2406601,True,26.6,31.0,23.4
2018-08-22,2448574,True,30.7,37.6,23.4
2018-08-23,2440006,True,29.4,32.2,25.7
2018-08-24,2371154,True,24.4,26.3,23.2
2018-08-25,2065802,True,25.2,29.3,22.7
2018-08-26,1931518,True,23.2,29.0,20.3
2018-08-27,2355101,True,22.7,24.9,20.2
2018-08-28,2447889,True,23.7,26.1,22.5
2018-08-29,2535105,True,25.2,27.4,22.7
2018-08-30,2545609,True,25.3,28.2,23.9
2018-08-31,2514168,True,25.6,30.3,22.8
2018-09-01,2214043,True,25.5,30.9,20.8
2018-09-02,2048555,True,25.1,29.6,20.1
2018-09-03,2518699,True,23.3,25.8,21.4
2018-09-04,2535855,True,23.2,27.8,20.0
2018-09-05,2571862,True,24.0,28.5,19.6
2018-09-06,2583745,True,24.1,28.2,20.9
2018-09-07,2533216,True,22.0,25.5,19.1
2018-09-08,2319069,True,21.7,27.7,15.9
2018-09-09,2167880,True,22.2,28.9,15.6
2018-09-10,2555402,True,22.9,28.4,18.6
2018-09-11,2636605,True,21.6,26.1,16.8
2018-09-12,2569741,True,22.8,28.2,16.8
2018-09-13,2523670,True,23.5,28.3,20.3
2018-09-14,2505040,True,23.5,26.8,20.3
2018-09-15,2246465,True,23.3,26.0,21.0
2018-09-16,2157529,True,22.2,23.9,21.0
2018-09-17,2489176,True,22.3,27.7,18.5
2018-09-18,2497660,True,22.0,26.5,17.7
2018-09-19,2495122,True,22.1,26.6,18.9
2018-09-20,2552943,True,19.0,20.1,17.8
2018-09-21,2596323,True,19.4,21.9,17.6
2018-09-22,2318432,True,20.8,25.5,17.2
2018-09-23,2160718,True,19.4,25.3,15.6
2018-09-24,1979539,True,17.6,22.1,14.2
2018-09-25,2126203,True,17.8,24.3,10.8
2018-09-26,2346958,True,19.4,24.8,16.2
2018-09-27,2677835,True,18.9,25.0,13.2
2018-09-28,2796382,True,17.5,22.2,14.3
2018-09-29,2593842,True,20.2,27.0,14.6
2018-09-30,2587219,True,17.6,21.6,14.0
2018-10-01,3018502,True,15.4,19.7,13.0
2018-10-02,3010871,True,15.9,22.0,10.3
2018-10-03,2823564,True,17.3,24.2,11.2
2018-10-04,2875754,True,19.3,25.6,13.0
2018-10-05,3059054,True,16.9,19.0,15.7
2018-10-06,2914032,True,18.0,21.7,16.3
2018-10-07,2793324,True,16.4,21.1,12.3
2018-10-08,3149296,True,14.8,20.9,9.2
2018-10-09,3209828,True,15.3,19.8,10.7
2018-10-10,3823768,True,12.0,16.7,7.9
2018-10-11,4376406,True,9.7,13.9,6.1
2018-10-12,4355167,True,10.9,17.4,5.2
2018-10-13,4099370,True,12.5,19.8,6.1
2018-10-14,3872267,True,13.2,20.3,6.8
2018-10-15,3762907,True,15.2,21.0,10.9
2018-10-16,3810317,True,14.5,20.3,9.9
2018-10-17,4040576,True,12.4,18.6,8.4
2018-10-18,4253562,True,12.7,19.0,7.5
2018-10-19,4159301,True,13.1,20.4,7.2
2018-10-20,4004487,True,13.4,21.4,6.9
2018-10-21,3895248,True,13.4,21.1,7.2
2018-10-22,4013200,True,14.0,20.6,8.8
2018-10-23,4205921,True,12.2,16.9,9.8
2018-10-24,4203228,True,12.5,18.7,7.6
2018-10-25,4124987,True,13.8,21.2,7.0
2018-10-26,4408176,True,12.2,14.7,9.9
2018-10-27,4922181,True,8.7,11.6,6.2
2018-10-28,5234303,True,8.3,13.5,5.2
2018-10-29,5860505,True,7.2,11.7,3.4
2018-10-30,6221930,True,6.1,11.6,0.7
2018-10-31,6035871,True,7.4,12.6,3.0
2018-11-01,5954949,True,8.4,15.2,2.5
2018-11-02,5556743,True,10.6,19.0,4.0
2018-11-03,5072233,True,11.2,19.1,5.0
2018-11-04,4876952,True,11.6,19.4,5.3
2018-11-05,4960048,True,11.9,18.3,6.6
2018-11-06,5051766,True,12.2,17.5,8.0
2018-11-07,4998143,True,12.8,15.7,10.3
2018-11-08,4952817,True,11.8,14.7,10.5
2018-11-09,5046566,True,12.1,15.4,9.5
2018-11-10,4683027,True,11.9,17.1,8.8
2018-11-11,5299892,True,8.1,10.9,5.4
2018-11-12,5790781,True,8.1,15.1,3.1
2018-11-13,5831799,True,8.8,15.4,4.1
2018-11-14,5749900,True,9.8,16.6,4.8
2018-11-15,5694933,True,9.7,16.2,4.7
2018-11-16,5846160,True,8.8,14.5,4.2
2018-11-17,6533439,True,4.9,11.4,0.6
2018-11-18,6535070,True,6.1,10.7,1.9
2018-11-19,6694699,True,6.5,11.3,3.3
2018-11-20,6952593,True,6.5,12.7,0.0
2018-11-21,7180618,True,5.8,8.2,3.1
2018-11-22,8104694,True,2.3,7.1,-1.3
2018-11-23,8589007,True,1.9,7.6,-3.1
2018-11-24,8466439,True,2.6,3.8,0.3
2018-11-25,7488923,True,4.8,9.8,1.3
2018-11-26,7391516,True,6.3,13.6,1.6
2018-11-27,7254571,True,7.1,12.5,3.1
2018-11-28,7613966,True,5.0,11.1,2.1
2018-11-29,8144277,True,3.5,6.7,0.6
2018-11-30,8302189,True,2.7,8.0,-1.5
2018-12-01,7617085,True,5.5,12.4,0.8
2018-12-02,7184277,True,8.2,11.8,2.8
2018-12-03,6723226,True,11.5,13.5,9.3
2018-12-04,7237746,True,6.7,11.8,-0.3
2018-12-05,9517719,True,0.0,3.4,-4.3
2018-12-06,9216073,True,2.4,6.8,-1.0
2018-12-07,11862753,True,-7.3,-1.1,-9.6
2018-12-08,12484565,True,-8.3,-4.4,-11.4
2018-12-09,12452326,True,-7.2,-2.1,-11.8
2018-12-10,11951044,True,-2.5,4.6,-8.1
2018-12-11,11206851,True,0.2,2.9,-2.4
2018-12-12,11246265,True,-1.9,2.4,-5.0
2018-12-13,11504373,True,-2.2,2.1,-5.9
2018-12-14,11904794,True,-4.4,0.6,-7.8
2018-12-15,11171822,True,-2.4,3.2,-7.8
2018-12-16,10391046,True,0.0,2.1,-2.6
2018-12-17,10021673,True,1.6,5.9,-1.5
2018-12-18,9832713,True,2.6,7.4,-2.8
2018-12-19,9256148,True,4.0,9.5,1.3
2018-12-20,9163557,True,3.4,10.4,-1.1
2018-12-21,8884212,True,5.6,9.8,0.4
2018-12-22,8008824,True,6.9,12.4,2.9
2018-12-23,8501524,True,2.4,7.5,-3.4
2018-12-24,10161096,True,-2.3,3.1,-5.9
2018-12-25,9610502,True,0.6,5.2,-4.0
2018-12-26,10604680,True,-1.5,3.0,-7.1
2018-12-27,13379340,True,-10.1,-6.5,-12.5
2018-12-28,14213996,True,-10.5,-6.6,-14.4
2018-12-29,13272662,True,-7.6,-3.0,-10.5
2018-12-30,12802562,True,-6.8,-0.9,-11.3
2018-12-31,12968539,True,-5.4,-0.5,-10.5
2019-01-01,12394382,True,-5.0,-0.6,-8.2
2019-01-02,12827353,True,-4.9,0.2,-8.8
2019-01-03,12390046,True,-3.5,3.2,-8.4
2019-01-04,11737339,True,-1.1,4.1,-6.2
2019-01-05,11209549,True,-2.8,1.1,-5.5
2019-01-06,11020144,True,-2.8,2.7,-6.3
2019-01-07,11455237,True,-1.9,3.1,-6.2
2019-01-08,11985589,True,-3.5,0.5,-7.2
2019-01-09,12492807,True,-4.7,1.3,-9.4
2019-01-10,11513598,True,-0.6,3.0,-4.5
2019-01-11,10325707,True,2.4,7.2,-0.4
2019-01-12,9503844,True,2.8,8.0,-0.6
2019-01-13,9482251,True,1.2,7.6,-3.0
2019-01-14,10007106,True,1.4,5.3,-2.4
2019-01-15,10774729,True,-1.7,2.6,-7.2
2019-01-16,12173059,True,-5.2,-1.1,-10.1
2019-01-17,10833522,True,-0.3,4.0,-3.2
2019-01-18,10520466,True,0.6,6.7,-4.6
2019-01-19,9423695,True,3.6,8.5,0.0
2019-01-20,9824715,True,-1.4,4.0,-5.5
2019-01-21,11000140,True,-1.2,4.2,-6.7
2019-01-22,10146900,True,1.7,7.1,-3.3
2019-01-23,9874256,True,2.0,7.0,-0.8
2019-01-24,10225692,True,0.1,6.5,-4.6
2019-01-25,10615807,True,-1.2,2.6,-3.8
2019-01-26,10757715,True,-2.5,2.4,-6.5
2019-01-27,10291070,True,-0.1,5.1,-6.6
2019-01-28,10252530,True,1.2,4.5,-2.4
2019-01-29,10432406,True,-0.2,7.0,-5.6
2019-01-30,9898687,True,1.8,6.6,-2.8
2019-01-31,10817672,True,-2.0,2.3,-6.2
2019-02-01,11099161,True,-2.1,2.8,-7.4
2019-02-02,9779032,True,1.4,6.1,-3.2
2019-02-03,8907117,True,3.3,4.9,2.0
2019-02-04,9350906,True,-0.6,3.0,-3.3
2019-02-05,8822595,True,2.8,10.1,-3.6
2019-02-06,8970270,True,5.1,9.3,0.1
2019-02-07,10633296,True,-2.1,6.3,-8.2
2019-02-08,12137685,True,-6.1,-1.3,-10.2
2019-02-09,11694452,True,-5.4,-1.9,-8.6
2019-02-10,11866304,True,-5.0,-1.9,-9.1
2019-02-11,11854901,True,-3.0,2.0,-7.5
2019-02-12,11167162,True,-0.6,3.7,-4.1
2019-02-13,11342339,True,-2.1,2.5,-5.7
2019-02-14,10995369,True,-0.5,6.3,-5.9
2019-02-15,11085588,True,-0.8,0.9,-2.9
2019-02-16,10752807,True,-2.7,1.5,-5.1
2019-02-17,10477227,True,-1.8,4.6,-6.8
2019-02-18,10608503,True,0.9,5.9,-4.7
2019-02-19,10292194,True,1.4,3.0,0.2
2019-02-20,9918146,True,1.7,4.5,-0.1
2019-02-21,9458490,True,2.4,9.0,-2.6
2019-02-22,9105664,True,4.0,10.8,-1.6
2019-02-23,7997103,True,6.8,14.5,0.5
2019-02-24,7375153,True,6.3,13.7,1.2
2019-02-25,7463495,True,4.7,10.2,1.3
2019-02-26,7914116,True,5.2,12.0,-1.5
2019-02-27,7231787,True,7.8,14.0,4.7
2019-02-28,7118521,True,6.6,12.8,2.0
2019-03-01,6735319,True,6.6,13.0,1.2
2019-03-02,6530473,True,7.8,14.7,1.3
2019-03-03,6273195,True,9.4,16.1,2.5
2019-03-04,6211707,True,9.9,16.3,5.0
2019-03-05,6378669,True,8.4,12.9,5.6
2019-03-06,6346780,True,8.4,12.4,5.7
2019-03-07,6529146,True,7.0,12.7,3.1
2019-03-08,6750734,True,6.1,13.4,0.6
2019-03-09,6576534,True,7.2,14.9,-0.4
2019-03-10,6128906,True,10.1,15.3,6.7
2019-03-11,6682156,True,6.6,10.0,3.5
2019-03-12,7581058,True,3.9,7.9,-0.3
2019-03-13,8240086,True,3.5,8.5,-0.4
2019-03-14,7871310,True,5.0,10.0,-1.7
2019-03-15,7510134,True,5.5,11.3,1.6
2019-03-16,7382863,True,4.3,9.2,0.2
2019-03-17,6878578,True,6.3,12.4,2.6
2019-03-18,7055000,True,7.1,14.4,1.4
2019-03-19,6408564,True,10.0,16.7,3.4
2019-03-20,6370588,True,10.3,14.6,7.1
2019-03-21,6669392,True,7.1,11.1,1.9
2019-03-22,7560817,True,3.3,8.3,-0.7
2019-03-23,7547944,True,3.3,8.2,-0.4
2019-03-24,7208298,True,4.3,9.7,-0.8
2019-03-25,7115099,True,7.3,11.5,2.9
2019-03-26,6080400,True,11.4,17.6,7.4
2019-03-27,5871150,True,11.6,16.2,8.9
2019-03-28,5804775,True,9.4,14.6,5.6
2019-03-29,5826671,True,9.2,15.1,5.5
2019-03-30,6611961,True,5.2,8.4,3.5
2019-03-31,7064613,True,4.4,8.4,2.6
2019-04-01,7187925,True,5.5,11.3,0.3
2019-04-02,6864489,True,6.7,13.0,1.3
2019-04-03,6578912,True,7.6,13.6,1.9
2019-04-04,6269645,True,9.2,15.7,3.0
2019-04-05,5692976,True,11.4,17.2,7.0
2019-04-06,5734261,True,9.3,12.2,5.9
2019-04-07,5108074,True,12.6,20.3,5.6
2019-04-08,5223810,True,11.6,17.2,7.6
2019-04-09,5866004,True,9.2,13.9,4.7
2019-04-10,6315878,True,7.1,10.2,4.7
2019-04-11,5789938,True,9.5,15.7,4.3
2019-04-12,5316500,True,11.4,18.4,5.5
2019-04-13,4968752,True,11.8,17.9,6.2
2019-04-14,5322424,True,9.6,13.6,6.9
2019-04-15,5188472,True,11.6,18.1,3.9
2019-04-16,4636261,True,14.9,22.6,6.8
2019-04-17,4295384,True,15.3,21.8,9.1
2019-04-18,4433117,True,12.6,16.2,10.4
2019-04-19,4306839,True,13.8,19.7,9.6
2019-04-20,4054470,True,14.3,19.1,9.7
2019-04-21,3974482,True,14.8,20.2,12.2
2019-04-22,3643242,True,19.3,28.2,10.7
2019-04-23,3357227,True,20.4,25.5,15.3
2019-04-24,3270177,True,19.5,25.9,15.8
2019-04-25,3742556,True,13.2,17.2,9.4
2019-04-26,4546705,True,8.4,9.9,6.2
2019-04-27,4299200,True,11.6,18.2,4.1
2019-04-28,4059712,True,12.9,16.6,9.9
2019-04-29,4196930,True,13.0,17.3,8.3
2019-04-30,3881665,True,15.5,22.5,9.0
2019-05-01,3575439,True,16.4,22.2,11.2
2019-05-02,3511898,True,17.1,25.3,10.6
2019-05-03,3375050,True,17.9,26.1,10.1
2019-05-04,2999288,True,19.5,27.4,12.0
2019-05-05,2694855,True,19.2,26.5,13.6
2019-05-06,3118112,True,14.5,19.8,9.8
2019-05-07,3379163,True,15.0,21.9,8.4
2019-05-08,3346458,True,15.6,21.3,10.1
2019-05-09,3289861,True,16.6,22.9,11.7
2019-05-10,3193912,True,17.8,26.8,10.3
2019-05-11,2855236,True,20.3,28.3,13.2
2019-05-12,2639645,True,21.6,28.9,14.7
2019-05-13,2895015,True,18.7,22.8,15.5
2019-05-14,2890590,True,19.6,26.9,12.9
2019-05-15,2835118,True,20.7,28.0,14.8
2019-05-16,2815686,True,23.5,30.0,16.7
2019-05-17,2782676,True,23.6,28.3,17.6
2019-05-18,2491977,True,22.8,25.9,19.1
2019-05-19,2492347,True,19.4,21.6,17.9
2019-05-20,2782442,True,16.4,20.2,13.0
2019-05-21,2837292,True,17.2,23.8,11.7
2019-05-22,2821653,True,19.5,26.5,12.3
2019-05-23,2812049,True,22.1,29.2,15.0
2019-05-24,2805282,True,24.2,33.4,16.2
2019-05-25,2478120,True,23.4,28.6,18.4
2019-05-26,2332729,True,24.5,31.1,18.6
2019-05-27,2719126,True,17.8,22.3,14.3
2019-05-28,2737133,True,18.1,24.6,11.9
2019-05-29,2711412,True,20.3,26.5,13.3
2019-05-30,2723539,True,19.6,24.5,14.6
2019-05-31,2689415,True,19.1,23.3,16.1
2019-06-01,2498918,True,18.9,23.7,14.8
2019-06-02,2360444,True,21.1,27.8,14.1
2019-06-03,2668140,True,23.1,29.5,16.0
2019-06-04,2696785,True,22.6,29.0,17.6
2019-06-05,2672454,True,23.0,29.6,17.8
2019-06-06,2360529,True,21.2,25.1,18.6
2019-06-07,2574630,True,20.0,24.7,17.0
2019-06-08,2341073,True,21.9,27.6,16.0
2019-06-09,2252727,True,21.6,26.5,17.1
2019-06-10,2611411,True,18.4,21.9,15.7
2019-06-11,2612313,True,20.5,26.1,15.5
2019-06-12,2643463,True,21.5,26.4,16.1
2019-06-13,2584697,True,23.0,28.8,16.6
2019-06-14,2633571,True,23.0,28.4,19.1
2019-06-15,2286250,True,21.9,27.4,17.9
2019-06-16,2149517,True,22.0,27.2,16.1
2019-06-17,2530790,True,21.7,26.2,18.1
2019-06-18,2670230,True,20.8,24.8,17.0
2019-06-19,2703249,True,21.4,25.4,18.9
2019-06-20,2589223,True,22.7,27.8,19.8
2019-06-21,2562256,True,22.1,26.1,19.4
2019-06-22,2271697,True,24.2,30.6,17.7
2019-06-23,2134984,True,25.0,31.0,19.1
2019-06-24,2543816,True,25.2,30.9,20.9
2019-06-25,2682606,True,25.6,32.8,19.5
2019-06-26,2650261,True,25.5,29.5,20.7
2019-06-27,2161674,True,25.5,31.2,21.9
2019-06-28,2553882,True,24.7,29.0,22.3
2019-06-29,2218015,True,23.1,27.7,19.6
2019-06-30,2119424,True,23.9,28.5,20.9
2019-07-01,2494263,True,23.9,28.9,20.6
2019-07-02,2538539,True,24.4,30.1,20.8
2019-07-03,2520332,True,24.1,27.4,21.2
2019-07-04,2521061,True,25.4,32.8,20.0
2019-07-05,2571765,True,27.6,35.0,20.2
2019-07-06,2223627,True,29.7,36.1,24.6
2019-07-07,2057227,True,26.7,32.5,22.7
2019-07-08,2470817,True,25.1,31.0,21.2
2019-07-09,2489294,True,25.0,30.0,19.7
2019-07-10,2493393,True,22.7,27.3,19.3
2019-07-11,2508990,True,21.9,25.9,19.5
2019-07-12,2546639,True,23.6,28.7,20.0
2019-07-13,2205774,True,24.9,29.7,22.1
2019-07-14,2046712,True,25.9,31.6,21.2
2019-07-15,2500778,True,23.8,27.4,22.1
2019-07-16,2512447,True,24.7,28.8,21.4
2019-07-17,2524011,True,25.6,29.2,22.3
2019-07-18,2524620,True,26.9,32.1,23.3
2019-07-19,2533675,True,28.6,35.0,22.8
2019-07-20,2193944,True,28.0,31.9,25.1
2019-07-21,2062426,True,25.1,27.0,24.2
2019-07-22,2507204,True,26.7,31.0,24.2
2019-07-23,2519792,True,28.1,32.9,24.4
2019-07-24,2547391,True,26.5,27.2,25.2
2019-07-25,2545558,True,26.3,27.4,25.6
2019-07-26,2549706,True,25.1,25.9,23.7
2019-07-27,2196484,True,28.4,33.4,24.9
2019-07-28,2071477,True,26.1,28.2,25.0
2019-07-29,2482429,True,27.5,30.0,25.6
2019-07-30,2526029,True,28.1,30.8,26.3
2019-07-31,2529679,True,25.8,27.5,24.0
2019-08-01,2484326,True,26.3,30.1,23.5
2019-08-02,2460180,True,28.4,33.1,24.7
2019-08-03,2142918,True,29.4,36.0,25.6
2019-08-04,2042808,True,28.3,34.4,25.0
2019-08-05,2501730,True,30.5,35.9,25.6
2019-08-06,2500779,True,31.6,36.8,27.9
2019-08-07,2489388,True,26.9,30.3,23.9
2019-08-08,2496224,True,28.9,32.7,25.9
2019-08-09,2495407,True,29.8,34.6,26.0
2019-08-10,2132105,True,31.5,36.5,26.6
2019-08-11,1963833,True,30.4,35.7,26.3
2019-08-12,2484645,True,26.6,28.5,24.8
2019-08-13,2457104,True,29.2,35.3,25.1
2019-08-14,2453462,True,30.4,35.7,25.9
2019-08-15,2004673,True,25.9,28.6,23.9
2019-08-16,2393815,True,25.9,29.5,23.0
2019-08-17,2049615,True,25.9,28.8,23.4
2019-08-18,1937449,True,25.6,30.7,22.6
2019-08-19,2408158,True,26.3,31.3,21.2
2019-08-20,2468967,True,28.2,32.8,23.2
2019-08-21,2487149,True,27.0,30.4,24.4
2019-08-22,2486484,True,26.9,31.4,23.0
2019-08-23,2458450,True,26.2,30.5,22.7
2019-08-24,2093895,True,24.1,27.3,21.5
2019-08-25,1964413,True,25.0,29.9,20.2
2019-08-26,2448245,True,26.4,32.1,21.5
2019-08-27,2449546,True,25.7,29.3,22.2
2019-08-28,2454479,True,26.1,30.2,23.6
2019-08-29,2444693,True,23.4,26.4,20.1
2019-08-30,2427666,True,22.6,27.0,19.5
2019-08-31,2132151,True,23.5,28.9,18.5
2019-09-01,2005412,True,23.7,27.8,19.2
2019-09-02,2440945,True,24.4,29.7,19.4
2019-09-03,2490197,True,24.1,28.0,22.0
2019-09-04,2520885,True,22.8,25.5,21.2
2019-09-05,2560981,True,23.0,27.6,21.5
2019-09-06,2542205,True,25.3,29.1,21.6
2019-09-07,2177053,True,25.7,29.5,22.6
2019-09-08,2072868,True,24.7,27.3,22.9
2019-09-09,2492136,True,25.1,28.0,22.4
2019-09-10,2596617,True,23.8,26.5,22.1
2019-09-11,2512782,True,24.3,28.7,20.4
2019-09-12,2022407,True,21.0,22.9,18.7
2019-09-13,1712595,True,23.3,29.3,18.3
2019-09-14,1851752,True,22.4,24.1,20.8
2019-09-15,1995378,True,24.2,30.0,19.5
2019-09-16,2473443,True,24.5,30.5,20.7
2019-09-17,2496720,True,23.5,29.0,18.0
2019-09-18,2519955,True,21.0,25.4,16.0
2019-09-19,2523100,True,19.5,26.0,13.6
2019-09-20,2482346,True,19.6,24.2,15.8
2019-09-21,2288125,True,19.6,22.1,18.3
2019-09-22,2292239,True,18.6,19.6,17.3
2019-09-23,2532091,True,20.0,24.6,16.9
2019-09-24,2576527,True,19.8,26.5,13.9
2019-09-25,2579298,True,20.9,27.4,14.8
2019-09-26,2559009,True,22.9,29.0,17.7
2019-09-27,2521136,True,22.9,27.0,19.6
2019-09-28,2299756,True,23.7,29.2,19.4
2019-09-29,2184319,True,22.6,28.6,17.9
2019-09-30,2510565,True,22.4,29.9,16.4
2019-10-01,2546843,True,23.1,28.2,17.6
2019-10-02,2565356,True,21.6,24.2,20.0
2019-10-03,2245710,True,22.4,27.3,19.8
2019-10-04,2461169,True,22.4,27.8,18.0
2019-10-05,2320455,True,18.7,21.9,14.7
2019-10-06,2319644,True,18.1,22.7,13.2
2019-10-07,2840928,True,14.8,17.9,13.3
2019-10-08,3004371,True,14.7,19.8,10.6
2019-10-09,3069043,True,13.6,20.4,7.7
2019-10-10,3167076,True,15.2,19.8,10.7
2019-10-11,2952847,True,18.8,26.1,13.0
2019-10-12,2805561,True,17.9,23.3,13.3
2019-10-13,2750160,True,17.2,23.8,12.1
2019-10-14,3268760,True,14.4,19.6,9.5
2019-10-15,3399886,True,14.5,20.4,8.8
2019-10-16,3400983,True,14.6,20.8,9.0
2019-10-17,3335966,True,15.4,21.6,11.2
2019-10-18,3238437,True,17.0,22.7,12.0
2019-10-19,2991977,True,17.0,23.1,12.1
2019-10-20,2895531,True,16.5,22.9,12.0
2019-10-21,3076024,True,17.1,24.6,10.9
2019-10-22,3011234,True,18.1,24.4,13.3
2019-10-23,3086537,True,17.0,20.7,14.3
2019-10-24,3046455,True,18.3,23.8,15.3
2019-10-25,3123547,True,16.7,22.0,13.1
2019-10-26,3745671,True,10.0,14.9,6.6
2019-10-27,3939127,True,11.0,17.4,4.7
2019-10-28,4070146,True,12.9,17.7,7.4
2019-10-29,4093072,True,12.5,17.6,8.2
2019-10-30,4334021,True,11.2,17.7,5.0
2019-10-31,4003856,True,14.8,19.7,8.4
2019-11-01,3816731,True,14.9,20.5,11.4
2019-11-02,3813658,True,13.6,18.7,8.3
2019-11-03,3665598,True,14.7,22.1,9.4
2019-11-04,3922484,True,13.8,20.3,9.2
2019-11-05,4169685,True,12.4,18.4,8.4
2019-11-06,4512181,True,11.0,16.5,6.3
2019-11-07,5100688,True,9.2,13.6,5.0
2019-11-08,5766748,True,6.8,13.0,1.1
2019-11-09,5370771,True,9.5,17.2,3.5
2019-11-10,5381324,True,10.0,15.3,6.2
2019-11-11,5189545,True,11.2,15.1,7.9
2019-11-12,5392259,True,9.3,14.5,4.8
2019-11-13,6195050,True,7.2,11.3,3.0
2019-11-14,7646785,True,1.3,5.0,-2.5
2019-11-15,7194784,True,5.6,7.6,1.4
2019-11-16,6585099,True,6.8,12.7,3.8
2019-11-17,6639016,True,8.3,10.5,5.6
2019-11-18,7429424,True,4.6,12.7,0.4
2019-11-19,8562156,True,0.2,4.0,-3.5
2019-11-20,8800637,True,0.5,6.3,-4.6
2019-11-21,8395300,True,4.2,9.0,-2.3
2019-11-22,7118073,True,9.7,17.3,3.0
2019-11-23,6076692,True,12.1,17.7,7.7
2019-11-24,6099571,True,9.8,15.6,4.6
2019-11-25,8098167,True,1.9,6.0,-1.2
2019-11-26,7404321,True,6.6,13.7,1.2
2019-11-27,7991681,True,3.1,6.8,0.3
2019-11-28,8094111,True,3.5,10.4,-0.6
2019-11-29,8565658,True,1.5,6.9,-3.4
2019-11-30,8063237,True,4.1,9.3,-1.4
2019-12-01,7805240,True,4.6,6.2,2.3
2019-12-02,9198359,True,-0.1,2.8,-3.2
2019-12-03,9639878,True,0.5,4.2,-5.0
2019-12-04,9295568,True,2.0,7.2,-2.0
2019-12-05,10883510,True,-4.4,-0.2,-8.5
2019-12-06,11673606,True,-5.9,-1.0,-10.6
2019-12-07,10692980,True,-2.4,1.2,-5.5
2019-12-08,10073857,True,-0.9,4.9,-5.5
2019-12-09,10068049,True,3.2,8.0,-1.3
2019-12-10,8203163,True,8.1,10.8,6.0
2019-12-11,8296836,True,6.3,9.8,0.1
2019-12-12,9558128,True,-0.7,3.4,-3.5
2019-12-13,9476078,True,2.1,5.9,-3.7
2019-12-14,8720781,True,2.7,6.4,0.1
2019-12-15,8326602,True,5.3,11.0,0.4
2019-12-16,8057418,True,7.8,12.9,2.1
2019-12-17,7716230,True,7.7,10.2,3.2
2019-12-18,8905164,True,0.8,5.2,-1.7
2019-12-19,9650043,True,-0.8,3.1,-4.5
2019-12-20,9905616,True,-1.1,2.0,-3.5
2019-12-21,9921406,True,-1.2,1.5,-5.1
2019-12-22,8887307,True,4.1,8.4,0.3
2019-12-23,9097881,True,3.4,5.2,0.3
2019-12-24,9422948,True,0.8,6.5,-2.9
2019-12-25,9010527,True,2.0,6.6,-2.7
2019-12-26,9479925,True,2.0,4.1,-2.4
2019-12-27,10194851,True,-1.7,2.6,-4.6
2019-12-28,9416327,True,1.1,6.1,-3.6
2019-12-29,8863311,True,3.8,6.2,1.1
2019-12-30,9471298,True,2.7,6.8,-5.7
2019-12-31,12015881,True,-7.9,-4.5,-10.9
2020-01-01,10551502,True,-2.2,0.3,-6.5
2020-01-02,10248790,True,1.0,3.8,-0.7
2020-01-03,9990758,True,-0.1,4.6,-3.4
2020-01-04,9356674,True,1.2,6.1,-2.8
2020-01-05,9229524,True,1.3,6.6,-3.2
2020-01-06,9621397,True,3.1,4.6,0.6
2020-01-07,8968114,True,6.3,7.7,4.2
2020-01-08,9263897,True,2.4,8.9,-0.4
2020-01-09,9894108,True,-1.2,2.0,-3.1
2020-01-10,9944341,True,-0.6,4.2,-4.3
2020-01-11,9504216,True,-0.1,3.9,-2.6
2020-01-12,9634527,True,-1.0,2.8,-3.5
2020-01-13,10637501,True,-2.9,0.2,-4.7
2020-01-14,10706631,True,-2.3,2.6,-5.7
2020-01-15,10872786,True,-2.7,2.2,-6.4
2020-01-16,10775648,True,-1.7,3.2,-5.5
2020-01-17,10457232,True,-0.6,4.9,-4.8
2020-01-18,9830431,True,0.3,5.9,-4.1
2020-01-19,9445888,True,1.9,5.3,-0.4
2020-01-20,9978431,True,0.7,5.5,-3.3
2020-01-21,10227010,True,-0.4,5.5,-5.6
2020-01-22,9652784,True,3.0,7.8,-0.1
2020-01-23,8903017,True,4.6,9.9,0.0
2020-01-24,8298733,True,2.8,7.4,-1.3
2020-01-25,7523961,True,4.3,,0.6
2020-01-26,7629428,True,5.5,11.9,-0.2
2020-01-27,8150696,True,5.9,7.5,4.8
2020-01-28,8355360,True,6.8,9.9,4.3
2020-01-29,8194264,True,6.0,9.6,3.2
2020-01-30,8115301,True,5.2,10.4,1.4
2020-01-31,8307631,True,3.9,8.9,1.4
2020-02-01,8426691,True,2.6,7.6,-1.2
2020-02-02,8736229,True,1.5,5.3,-2.1
2020-02-03,9712663,True,-0.4,3.0,-2.9
2020-02-04,10495354,True,-1.6,3.9,-6.0
2020-02-05,12392354,True,-8.3,-4.9,-11.0
2020-02-06,12385052,True,-6.4,0.4,-11.8
2020-02-07,11346116,True,-1.7,2.2,-7.2
2020-02-08,10108486,True,-0.1,3.7,-2.3
2020-02-09,9873135,True,-0.5,4.1,-5.6
2020-02-10,9197437,True,4.0,9.6,-0.7
2020-02-11,8442180,True,6.8,14.6,-0.5
2020-02-12,8079894,True,7.4,8.2,6.5
2020-02-13,7740487,True,6.5,8.7,4.9
2020-02-14,7164901,True,8.1,14.7,3.2
2020-02-15,6712817,True,9.8,15.6,6.2
2020-02-16,8742702,True,-1.4,7.7,-4.3
2020-02-17,11115598,True,-5.9,-3.9,-7.1
2020-02-18,10929890,True,-4.1,1.3,-8.3
2020-02-19,9972566,True,1.0,6.4,-4.4
2020-02-20,8794953,True,4.6,10.8,-0.6
2020-02-21,8297111,True,6.7,10.9,2.1
2020-02-22,8209326,True,4.0,7.9,0.0
2020-02-23,8256753,True,2.5,8.0,-2.5
2020-02-24,7878751,True,7.0,12.2,0.8
2020-02-25,7844734,True,6.7,9.4,4.7
2020-02-26,7547567,True,6.4,10.4,2.8
2020-02-27,7380361,True,6.1,12.5,1.3
2020-02-28,7851193,True,4.5,5.9,3.6
2020-02-29,6843296,True,7.7,13.0,4.5
2020-03-01,6958334,True,5.8,10.1,3.2
2020-03-02,7776787,True,3.4,7.6,0.0
2020-03-03,7772802,True,4.8,10.5,0.3
2020-03-04,8504619,True,2.2,4.6,-1.3
2020-03-05,8647833,True,1.4,6.3,-2.8
2020-03-06,8145899,True,3.7,10.1,-2.5
2020-03-07,7267528,True,7.0,14.2,1.3
2020-03-08,6443818,True,9.3,16.9,2.3
2020-03-09,6281104,True,11.1,17.6,4.8
2020-03-10,6881469,True,6.4,10.8,3.2
2020-03-11,7570613,True,3.8,8.3,0.0
2020-03-12,7251515,True,6.8,13.3,0.2
2020-03-13,7313810,True,4.9,8.7,-0.1
2020-03-14,7445666,True,3.6,8.6,-2.7
2020-03-15,7356436,True,4.0,8.5,0.2
2020-03-16,7949141,True,3.6,9.1,-2.1
2020-03-17,7289691,True,6.6,12.3,3.1
2020-03-18,6506722,True,10.0,17.0,2.7
2020-03-19,6498336,True,9.1,12.1,5.8
2020-03-20,6290180,True,8.8,14.0,3.1
2020-03-21,5290838,True,12.8,19.5,7.9
2020-03-22,5089271,True,11.0,16.5,6.1
2020-03-23,5318133,True,10.6,17.0,5.4
2020-03-24,5111296,True,11.4,17.9,5.3
2020-03-25,4900431,True,12.5,19.2,6.1
2020-03-26,4534892,True,14.8,20.6,8.1
2020-03-27,4608246,True,11.9,15.8,6.7
2020-03-28,5334015,True,7.7,12.8,4.5
2020-03-29,5278241,True,8.7,16.1,1.3
2020-03-30,5226742,True,10.2,16.9,4.3
2020-03-31,4989209,True,11.9,18.6,4.7
2020-04-01,4938973,True,11.3,17.4,6.0
2020-04-02,5146252,True,9.3,15.5,3.4
2020-04-03,5028090,True,10.0,16.3,5.3
2020-04-04,5173125,True,8.9,13.3,5.0
2020-04-05,5435402,True,7.2,13.7,1.9
2020-04-06,5433555,True,9.3,16.1,2.9
2020-04-07,5140286,True,10.6,16.8,6.0
2020-04-08,5402864,True,9.4,14.2,5.2
2020-04-09,5356516,True,8.9,14.7,4.3
2020-04-10,5102991,True,10.7,16.8,5.8
2020-04-11,4940611,True,9.9,16.0,6.2
2020-04-12,4947341,True,9.9,15.6,4.4
2020-04-13,4903046,True,12.4,20.4,4.3
2020-04-14,4511998,True,13.0,19.6,7.6
2020-04-15,4227493,True,13.2,20.2,7.2
2020-04-16,4025928,True,16.0,23.8,8.9
2020-04-17,4292170,True,12.5,15.4,10.4
2020-04-18,3912205,True,13.5,19.6,8.5
2020-04-19,4148307,True,12.3,15.5,9.5
2020-04-20,4826308,True,10.0,13.1,7.6
2020-04-21,5501318,True,7.4,10.4,4.8
2020-04-22,6066202,True,6.0,8.3,4.1
2020-04-23,5796230,True,7.9,12.8,2.9
2020-04-24,5369753,True,9.9,14.3,4.1
2020-04-25,4612446,True,13.1,17.1,9.9
2020-04-26,4398447,True,12.3,19.0,6.8
2020-04-27,4386994,True,12.9,18.3,8.7
2020-04-28,4209820,True,13.9,19.9,7.8
2020-04-29,3840038,True,14.9,21.0,9.3
2020-04-30,3372755,True,17.1,23.4,9.3
2020-05-01,2889583,True,20.2,26.2,16.4
2020-05-02,2736658,True,20.3,23.9,18.0
2020-05-03,2556439,True,21.8,,17.0
2020-05-04,2672038,True,20.2,25.3,14.8
2020-05-05,2724520,True,16.0,19.3,13.1
2020-05-06,2834714,True,19.4,27.6,11.1
2020-05-07,2780927,True,20.7,26.5,14.9
2020-05-08,2772464,True,19.9,27.3,14.3
2020-05-09,2992116,True,14.2,16.8,12.7
2020-05-10,2974087,True,14.4,16.6,12.8
2020-05-11,3036406,True,16.5,22.0,12.4
2020-05-12,3245657,True,14.3,18.9,10.5
2020-05-13,3176592,True,16.1,21.8,10.2
2020-05-14,2949285,True,19.3,25.4,12.4
2020-05-15,3162020,True,16.1,20.2,14.1
2020-05-16,2935105,True,16.7,20.3,15.0
2020-05-17,2693991,True,19.1,24.9,14.6
2020-05-18,2919927,True,19.1,26.8,13.2
2020-05-19,3290467,True,13.0,17.1,10.1
2020-05-20,3217591,True,14.4,20.1,9.2
2020-05-21,3037105,True,17.4,22.9,10.9
2020-05-22,2896290,True,18.5,22.7,14.8
2020-05-23,2589430,True,20.1,25.0,16.6
2020-05-24,2659622,True,17.1,20.2,14.3
2020-05-25,2853583,True,16.6,21.3,13.7
2020-05-26,2963455,True,16.2,22.9,12.7
2020-05-27,2905343,True,17.4,23.9,11.8
2020-05-28,2790226,True,18.7,23.4,14.2
2020-05-29,2717676,True,20.7,27.6,14.6
2020-05-30,2428955,True,22.6,30.0,16.5
2020-05-31,2303709,True,21.2,28.0,17.6
2020-06-01,2599313,True,19.7,24.5,16.6
2020-06-02,2658464,True,17.9,21.8,14.8
2020-06-03,2635253,True,22.0,28.4,17.6
2020-06-04,2624730,True,21.9,26.5,19.7
2020-06-05,2572340,True,23.0,28.7,18.4
2020-06-06,2239326,True,24.6,30.9,19.2
2020-06-07,2169005,True,22.7,29.2,19.2
2020-06-08,2540793,True,25.0,32.0,19.8
2020-06-09,2546598,True,26.7,32.8,20.3
2020-06-10,2540924,True,25.8,32.1,22.5
2020-06-11,2524814,True,26.1,31.6,21.7
2020-06-12,2466948,True,24.7,27.6,21.6
2020-06-13,2136074,True,26.9,33.5,20.6
2020-06-14,2028851,True,24.0,28.8,20.1
2020-06-15,2430766,True,23.0,28.6,18.2
2020-06-16,2439555,True,22.4,30.7,20.0
2020-06-17,2427108,True,24.3,30.3,20.2
2020-06-18,2405788,True,23.4,27.3,20.3
2020-06-19,2404790,True,24.7,30.0,21.1
2020-06-20,2103182,True,24.9,29.7,20.7
2020-06-21,1995857,True,26.1,32.7,19.5
2020-06-22,2418451,True,28.6,35.4,21.7
2020-06-23,2420052,True,27.3,31.0,23.2
2020-06-24,2385094,True,22.3,26.3,19.9
2020-06-25,2395477,True,21.6,23.4,20.1
2020-06-26,2365910,True,21.8,25.7,19.2
2020-06-27,2086598,True,24.1,29.6,20.4
2020-06-28,1981131,True,25.2,30.1,21.5
2020-06-29,2395519,True,23.8,26.5,20.6
2020-06-30,2408071,True,20.1,23.1,18.4
2020-07-01,2391582,True,21.1,24.3,18.1
2020-07-02,2422468,True,24.2,29.8,20.4
2020-07-03,2448515,True,25.5,30.6,21.6
2020-07-04,2144964,True,24.2,29.5,20.4
2020-07-05,2030098,True,23.8,27.6,19.9
2020-07-06,2451325,True,25.6,30.9,21.8
2020-07-07,2432475,True,24.1,28.1,22.1
2020-07-08,2467204,True,22.5,30.4,21.3
2020-07-09,2476277,True,27.5,32.9,21.8
2020-07-10,2442474,True,24.5,27.7,22.7
2020-07-11,2114266,True,25.8,30.2,22.2
2020-07-12,2016576,True,23.5,26.0,21.7
2020-07-13,2439156,True,18.7,21.7,17.7
2020-07-14,2420707,True,20.3,24.3,17.2
2020-07-15,2466203,True,23.4,28.7,18.9
2020-07-16,2570591,True,25.0,29.7,20.4
2020-07-17,2532468,True,26.0,31.6,21.5
2020-07-18,2175810,True,26.1,31.0,22.8
2020-07-19,2070344,True,24.0,26.6,20.6
2020-07-20,2497449,True,23.8,26.6,22.4
2020-07-21,2496084,True,25.0,30.5,21.4
2020-07-22,2537495,True,23.7,25.7,22.6
2020-07-23,2568145,True,21.1,22.6,18.5
2020-07-24,2464568,True,22.5,26.8,18.7
2020-07-25,2160592,True,24.3,29.0,22.3
2020-07-26,2063285,True,25.4,29.6,21.6
2020-07-27,2476574,True,24.3,25.5,22.9
2020-07-28,2480878,True,24.4,26.4,22.7
2020-07-29,2593321,True,23.7,24.9,22.6
2020-07-30,2539920,True,25.3,28.4,23.4
2020-07-31,2501518,True,26.2,29.6,22.8
2020-08-01,2211018,True,25.3,26.9,24.3
2020-08-02,2146682,True,24.9,26.4,23.5
2020-08-03,2563635,True,25.0,26.3,23.9
2020-08-04,2575331,True,27.0,29.4,25.0
2020-08-05,2607015,True,26.5,29.1,25.5
2020-08-06,2551407,True,24.1,26.0,22.9
2020-08-07,2478623,True,24.3,26.1,22.6
2020-08-08,2226895,True,24.2,26.1,22.7
2020-08-09,2235513,True,24.9,25.8,23.7
2020-08-10,2662575,True,26.5,29.5,24.7
2020-08-11,2660753,True,24.6,27.3,22.4
2020-08-12,2663083,True,27.2,31.3,23.5
2020-08-13,2625313,True,28.0,30.3,26.3
2020-08-14,2625134,True,27.1,28.0,26.5
2020-08-15,2268410,True,26.1,27.0,25.0
2020-08-16,2093815,True,27.4,30.8,25.3
2020-08-17,2202374,True,28.2,32.2,26.1
2020-08-18,2549015,True,27.5,31.9,24.0
2020-08-19,2545459,True,27.1,31.4,23.6
2020-08-20,2536440,True,27.7,31.7,25.0
2020-08-21,2530124,True,26.6,29.2,25.2
2020-08-22,2157126,True,24.3,27.6,21.7
2020-08-23,1987261,True,25.3,29.9,21.5
2020-08-24,2452436,True,27.8,32.0,23.7
2020-08-25,2494584,True,29.9,34.5,26.0
2020-08-26,2510795,True,30.2,34.5,27.0
2020-08-27,2464867,True,27.1,28.6,25.6
2020-08-28,2487362,True,27.3,29.7,26.0
2020-08-29,2110023,True,26.8,29.0,25.5
2020-08-30,1973729,True,26.8,30.6,24.4
2020-08-31,2401045,True,26.4,30.0,23.8
2020-09-01,2367809,True,26.6,29.5,23.8
2020-09-02,2400188,True,24.3,26.4,22.6
2020-09-03,2345422,True,22.7,25.6,20.0
2020-09-04,2291605,True,23.3,27.5,19.9
2020-09-05,2042686,True,23.3,27.3,19.2
2020-09-06,1944516,True,21.7,24.4,19.5
2020-09-07,2448582,True,19.2,20.6,17.5
2020-09-08,2429438,True,23.4,26.5,20.6
2020-09-09,2446457,True,21.1,25.3,19.0
2020-09-10,2464009,True,22.8,27.0,18.8
2020-09-11,2464204,True,22.4,27.1,19.2
2020-09-12,2213832,True,20.2,23.2,18.1
2020-09-13,2082836,True,21.5,26.6,16.7
2020-09-14,2484111,True,21.3,24.9,17.6
2020-09-15,2440138,True,23.0,27.7,18.9
2020-09-16,2433610,True,22.5,24.9,21.3
2020-09-17,2399880,True,21.3,23.6,20.1
2020-09-18,2421293,True,21.5,25.8,18.1
2020-09-19,2205735,True,21.2,26.2,17.6
2020-09-20,2138883,True,19.7,24.9,15.6
2020-09-21,2500682,True,19.1,25.3,13.6
2020-09-22,2487765,True,20.2,25.6,15.5
2020-09-23,2534471,True,19.2,23.8,15.2
2020-09-24,2528577,True,20.6,25.4,16.8
2020-09-25,2526285,True,20.1,25.4,16.6
2020-09-26,2335055,True,19.3,24.8,14.8
2020-09-27,2221569,True,20.4,25.8,14.9
2020-09-28,2462122,True,20.7,26.5,15.7
2020-09-29,2493072,True,19.6,23.9,15.3
2020-09-30,2202925,True,19.6,25.7,16.2
2020-10-01,1996342,True,18.8,23.6,15.6
2020-10-02,2029353,True,19.2,21.9,16.3
2020-10-03,2095368,True,19.9,23.2,18.3
2020-10-04,2406879,True,16.6,21.8,10.6
2020-10-05,3057584,True,13.3,18.4,8.5
2020-10-06,3181047,True,14.2,19.7,9.3
2020-10-07,3154956,True,16.0,22.0,9.9
2020-10-08,3064371,True,17.2,23.1,12.1
2020-10-09,2846924,True,17.2,23.3,12.4
2020-10-10,2763759,True,16.9,21.5,12.3
2020-10-11,2730227,True,16.9,20.8,12.7
2020-10-12,3028293,True,16.2,21.3,12.1
2020-10-13,3458141,True,13.6,18.4,8.6
2020-10-14,3773514,True,12.8,18.0,8.5
2020-10-15,4192009,True,11.7,18.5,6.5
2020-10-16,4214871,True,11.8,15.4,8.6
2020-10-17,3853856,True,13.1,18.6,8.7
2020-10-18,3731176,True,13.6,20.2,7.2
2020-10-19,3670678,True,15.1,21.3,9.8
2020-10-20,3616084,True,15.2,21.7,9.9
2020-10-21,3797573,True,14.1,17.3,11.8
2020-10-22,3984975,True,13.5,18.2,8.4
2020-10-23,4872182,True,8.6,13.3,5.4
2020-10-24,4981776,True,8.7,14.0,3.2
2020-10-25,4501837,True,11.8,18.2,5.4
2020-10-26,4405585,True,12.9,19.0,8.0
2020-10-27,4231205,True,14.0,19.4,9.0
2020-10-28,4311564,True,13.8,18.2,8.6
2020-10-29,4853393,True,10.8,16.1,5.5
2020-10-30,4741601,True,11.9,19.6,5.8
2020-10-31,4473741,True,13.6,18.2,8.5
2020-11-01,4345041,True,13.7,15.0,11.6
2020-11-02,4825387,True,10.8,15.6,7.9
2020-11-03,6257428,True,5.1,8.6,2.7
2020-11-04,6691223,True,4.9,10.8,0.2
2020-11-05,5954655,True,9.6,15.9,3.4
2020-11-06,5239659,True,13.5,17.2,9.9
2020-11-07,4486850,True,14.6,18.1,12.2
2020-11-08,5327402,True,8.5,12.4,3.1
2020-11-09,6513412,True,5.5,8.9,0.7
2020-11-10,6269981,True,7.7,12.9,3.5
2020-11-11,6004651,True,9.3,16.5,3.5
2020-11-12,5755621,True,10.4,17.7,4.6
2020-11-13,5324276,True,12.2,17.6,8.5
2020-11-14,4984394,True,12.5,19.3,6.8
2020-11-15,4928095,True,11.1,14.9,8.2
2020-11-16,5146712,True,12.4,18.3,7.5
2020-11-17,4781687,True,15.9,20.0,11.7
2020-11-18,4419905,True,16.6,18.7,14.8
2020-11-19,4820595,True,13.6,19.1,6.9
2020-11-20,6891198,True,2.8,7.0,0.3
2020-11-21,6634175,True,6.5,12.8,-0.3
2020-11-22,6784828,True,5.6,9.1,1.5
2020-11-23,8066126,True,1.7,5.9,-1.5
2020-11-24,8228150,True,2.9,6.4,0.2
2020-11-25,7929956,True,4.6,9.5,0.0
2020-11-26,7677691,True,5.6,10.9,1.9
2020-11-27,8031141,True,4.1,7.7,0.6
2020-11-28,8646140,True,-0.1,2.8,-2.3
2020-11-29,9034033,True,-0.6,2.6,-3.6
2020-11-30,9614628,True,-0.2,4.3,-3.6
2020-12-01,9489812,True,1.1,6.7,-3.6
2020-12-02,9266969,True,2.4,6.1,0.5
2020-12-03,9445426,True,0.7,4.2,-2.3
2020-12-04,9695408,True,-0.6,4.4,-4.6
2020-12-05,8830054,True,2.1,6.6,-2.2
2020-12-06,8139485,True,4.5,9.1,1.2
2020-12-07,8775932,True,3.4,6.3,-0.7
2020-12-08,9539963,True,-0.5,4.1,-3.5
2020-12-09,9411380,True,1.5,6.2,-4.1
2020-12-10,8493482,True,5.8,9.3,3.2
2020-12-11,8279317,True,5.3,9.4,2.6
2020-12-12,8339846,True,2.3,6.1,-0.3
2020-12-13,9528132,True,-1.1,2.0,-6.0
2020-12-14,12046859,True,-7.7,-5.0,-9.7
2020-12-15,12623994,True,-8.3,-4.6,-11.1
2020-12-16,12953468,True,-8.3,-3.9,-11.2
2020-12-17,12410717,True,-4.9,0.8,-11.1
2020-12-18,11483469,True,-2.1,1.8,-6.4
2020-12-19,11648963,True,-5.0,-1.2,-9.6
2020-12-20,11242563,True,-3.7,1.1,-8.2
2020-12-21,11133721,True,-1.0,4.7,-6.0
2020-12-22,10198140,True,2.0,7.2,-2.5
2020-12-23,9480188,True,4.5,8.5,-0.4
2020-12-24,9302282,True,2.6,6.1,-2.0
2020-12-25,9412626,True,-0.8,3.5,-4.7
2020-12-26,8870821,True,2.2,8.0,-2.1
2020-12-27,8145896,True,5.8,10.0,1.4
2020-12-28,8122185,True,6.7,11.4,4.2
2020-12-29,9696324,True,0.1,4.3,-6.2
2020-12-30,12811707,True,-10.9,-6.2,-12.9
2020-12-31,13068169,True,-8.9,-5.0,-12.9
2021-01-01,11402073,True,-4.2,1.6,-9.8
2021-01-02,11449002,True,-5.0,-1.4,-8.4
2021-01-03,11749342,True,-5.6,-2.0,-9.1
2021-01-04,12168976,True,-3.5,0.3,-8.4
2021-01-05,12293994,True,-5.5,-2.1,-9.9
2021-01-06,13146791,True,-7.4,-1.9,-12.0
2021-01-07,15147873,True,-14.5,-8.4,-16.5
2021-01-08,15975894,True,-14.9,-10.7,-18.6
2021-01-09,15127618,True,-12.2,-7.5,-16.6
2021-01-10,13941160,True,-7.7,-2.7,-12.8
2021-01-11,13912459,True,-6.7,-4.0,-9.6
2021-01-12,12896386,True,-3.9,-0.5,-9.3
2021-01-13,11106538,True,2.0,8.3,-3.0
2021-01-14,10611326,True,1.7,7.0,-3.6
2021-01-15,9831671,True,4.5,9.9,-0.7
2021-01-16,11092894,True,-4.9,-0.7,-8.7
2021-01-17,11790645,True,-5.5,-1.3,-10.8
2021-01-18,12220463,True,-3.8,0.2,-9.1
2021-01-19,12725382,True,-6.3,-0.2,-11.6
2021-01-20,11373438,True,-0.1,7.1,-6.6
2021-01-21,10026204,True,4.5,7.0,2.5
2021-01-22,9151403,True,5.5,6.6,4.8
2021-01-23,8192665,True,7.6,12.2,4.8
2021-01-24,7637682,True,7.3,13.9,2.4
2021-01-25,7793826,True,7.9,13.9,3.0
2021-01-26,8172396,True,5.3,7.4,1.7
2021-01-27,9037304,True,1.7,6.5,-1.8
2021-01-28,10775620,True,-2.6,1.4,-9.7
2021-01-29,12580974,True,-8.8,-4.9,-11.6
2021-01-30,10780700,True,-1.6,5.2,-8.1
2021-01-31,9584412,True,3.2,8.7,-3.8
2021-02-01,9091866,True,5.0,9.5,-2.3
2021-02-02,11523197,True,-5.6,-2.4,-8.2
2021-02-03,11626635,True,-3.2,1.4,-9.4
2021-02-04,11382014,True,-3.6,0.7,-7.4
2021-02-05,10479171,True,1.4,6.7,-4.4
2021-02-06,8726802,True,6.8,9.5,4.3
2021-02-07,8632542,True,3.6,7.7,-2.6
2021-02-08,10783917,True,-3.1,0.2,-5.4
2021-02-09,10447586,True,-0.9,4.7,-6.1
2021-02-10,9614685,True,3.4,7.2,-1.5
2021-02-11,8131180,True,5.5,10.9,1.3
2021-02-12,7273348,True,6.5,14.0,0.6
2021-02-13,7010069,True,7.6,15.9,1.0
2021-02-14,6936685,True,9.5,13.8,6.4
2021-02-15,9017989,True,1.2,8.2,-5.2
2021-02-16,11335347,True,-5.1,-1.3,-7.0
2021-02-17,12886883,True,-8.3,-5.2,-10.4
2021-02-18,12461829,True,-5.8,-0.4,-10.6
2021-02-19,10740463,True,1.6,8.9,-7.1
2021-02-20,8086188,True,8.8,14.9,5.5
2021-02-21,6963354,True,10.8,17.4,4.7
2021-02-22,7437475,True,7.8,12.6,0.4
2021-02-23,9206348,True,0.0,4.3,-3.1
2021-02-24,9018212,True,2.9,10.1,-3.0
2021-02-25,8937600,True,4.2,8.2,0.7
2021-02-26,7923041,True,8.2,15.8,0.5
2021-02-27,6876371,True,9.5,16.2,4.3
2021-02-28,6763630,True,7.8,10.8,3.2
2021-03-01,7693826,True,4.7,9.0,0.5
2021-03-02,8631035,True,2.3,6.9,0.2
2021-03-03,8304017,True,4.4,9.9,-1.2
2021-03-04,7747572,True,7.2,13.0,2.5
2021-03-05,6950869,True,9.0,16.2,3.0
2021-03-06,6920680,True,6.6,11.6,3.2
2021-03-07,7005082,True,6.2,12.2,2.1
2021-03-08,7165495,True,7.0,13.9,1.5
2021-03-09,7171980,True,6.6,12.2,2.1
2021-03-10,6752014,True,8.8,17.1,1.7
2021-03-11,6306939,True,10.2,17.1,4.7
2021-03-12,6111485,True,10.5,14.9,7.2
2021-03-13,5903779,True,9.2,14.2,4.6
2021-03-14,5765789,True,9.1,14.7,4.9
2021-03-15,5941673,True,10.6,15.7,5.1
2021-03-16,6032910,True,8.4,13.1,4.9
2021-03-17,6070683,True,8.8,17.5,1.8
2021-03-18,5644545,True,11.7,18.4,5.0
2021-03-19,4907869,True,15.3,20.2,11.4
2021-03-20,5352139,True,9.9,14.7,7.4
2021-03-21,6203610,True,5.8,8.6,3.1
2021-03-22,6764579,True,6.2,11.1,1.1
2021-03-23,6213894,True,9.1,16.4,2.5
2021-03-24,5728474,True,10.8,16.9,5.7
2021-03-25,5239394,True,11.9,19.0,6.8
2021-03-26,5109507,True,12.6,20.6,4.8
2021-03-27,5185635,True,12.1,15.0,10.2
2021-03-28,5590017,True,9.0,13.0,7.7
2021-03-29,5461378,True,10.2,14.6,7.3
2021-03-30,5250626,True,10.8,18.2,4.1
2021-03-31,4767090,True,14.5,22.9,5.9
2021-04-01,4235931,True,17.7,24.0,12.0
2021-04-02,3994234,True,17.8,23.0,12.5
2021-04-03,4008376,True,14.9,18.0,10.9
2021-04-04,4249483,True,11.9,15.8,9.0
2021-04-05,4474920,True,11.9,19.3,5.4
2021-04-06,4226402,True,13.9,19.2,9.4
2021-04-07,4128394,True,14.1,20.4,8.1
2021-04-08,4285427,True,13.0,18.0,7.2
2021-04-09,4207875,True,13.6,19.6,7.6
2021-04-10,4071817,True,12.6,18.8,7.7
2021-04-11,3828461,True,15.0,21.8,7.5
2021-04-12,4380954,True,13.8,17.8,11.9
2021-04-13,4715558,True,10.4,13.5,5.7
2021-04-14,5180692,True,8.4,13.3,3.1
2021-04-15,4703064,True,11.6,18.3,6.3
2021-04-16,4898890,True,11.3,14.8,8.1
2021-04-17,4949898,True,9.6,14.6,6.0
2021-04-18,4813542,True,9.9,15.3,5.6
2021-04-19,4628005,True,12.2,19.4,5.8
2021-04-20,4193537,True,14.8,22.0,8.1
2021-04-21,3699250,True,19.1,28.2,10.3
2021-04-22,3361347,True,20.9,27.5,16.1
2021-04-23,3261577,True,19.0,21.7,17.0
2021-04-24,3099544,True,18.3,22.2,15.3
2021-04-25,3015752,True,18.2,24.0,12.6
2021-04-26,3266730,True,16.2,20.6,12.3
2021-04-27,3424491,True,15.4,20.0,12.5
2021-04-28,3525850,True,14.5,18.2,11.2
2021-04-29,3586740,True,14.6,20.1,10.9
2021-04-30,4116728,True,11.3,14.6,8.6
2021-05-01,4256370,True,10.2,15.3,8.5
2021-05-02,4021522,True,12.4,18.7,7.3
2021-05-03,3899883,True,14.1,20.3,8.4
2021-05-04,4122336,True,13.8,15.8,11.4
2021-05-05,3746659,True,13.9,18.4,10.3
2021-05-06,3664850,True,15.7,23.1,7.9
2021-05-07,3680791,True,14.4,17.2,10.7
2021-05-08,3423530,True,14.3,21.0,8.9
2021-05-09,3258421,True,15.7,21.8,10.0
2021-05-10,3765709,True,13.2,14.6,11.7
2021-05-11,3424446,True,18.5,25.7,9.4
2021-05-12,3076952,True,22.0,27.7,16.9
2021-05-13,2911383,True,22.9,29.6,16.6
2021-05-14,2831161,True,24.1,30.8,18.0
2021-05-15,2601111,True,22.1,26.2,20.8
2021-05-16,2645234,True,18.4,20.8,14.8
2021-05-17,3001716,True,15.3,16.7,14.2
2021-05-18,2906711,True,17.9,24.5,13.6
2021-05-19,2691057,True,19.9,26.6,12.4
2021-05-20,2869738,True,18.7,22.9,15.6
2021-05-21,3075583,True,16.0,18.2,14.2
2021-05-22,2752559,True,18.6,23.8,13.8
2021-05-23,2590880,True,19.5,25.1,14.3
2021-05-24,2798336,True,19.4,24.5,16.4
2021-05-25,3005239,True,15.3,19.3,11.9
2021-05-26,3002283,True,18.0,23.0,11.5
2021-05-27,3112486,True,15.8,18.7,13.9
2021-05-28,3275092,True,15.3,19.7,12.4
2021-05-29,3083712,True,15.4,19.1,12.8
2021-05-30,2887808,True,18.4,26.3,10.8
2021-05-31,2934275,True,19.9,23.8,16.5
2021-06-01,2858681,True,20.2,23.9,15.9
2021-06-02,2814377,True,23.2,29.7,16.6
2021-06-03,2849322,True,19.1,22.7,14.6
2021-06-04,2840557,True,18.5,23.6,13.3
2021-06-05,2529276,True,20.8,25.7,17.0
2021-06-06,2390150,True,23.0,28.2,18.4
2021-06-07,2691917,True,21.1,24.0,19.4
2021-06-08,2682121,True,23.6,29.5,18.8
2021-06-09,2723200,True,25.8,31.6,19.5
2021-06-10,2696571,True,24.9,29.8,20.5
2021-06-11,2630795,True,21.5,24.4,19.9
2021-06-12,2342687,True,24.2,30.2,18.2
2021-06-13,2204394,True,24.8,29.7,20.9
2021-06-14,2603745,True,24.8,30.2,18.9
2021-06-15,2591663,True,22.5,25.3,21.5
2021-06-16,2596525,True,24.3,28.9,20.3
2021-06-17,2570728,True,21.9,25.0,19.6
2021-06-18,2579843,True,20.0,21.4,19.0
2021-06-19,2259733,True,22.3,27.4,17.5
2021-06-20,2169544,True,22.9,29.0,17.6
2021-06-21,2540675,True,23.6,28.5,19.2
2021-06-22,2566973,True,22.8,28.6,19.7
2021-06-23,2559364,True,22.4,27.9,18.8
2021-06-24,2569685,True,23.0,28.0,18.5
2021-06-25,2544165,True,24.1,29.5,19.5
2021-06-26,2224104,True,22.8,26.7,19.9
2021-06-27,2109047,True,24.5,30.8,19.8
2021-06-28,2518435,True,23.7,29.2,21.0
2021-06-29,2575907,True,23.9,28.4,21.3
2021-06-30,2549460,True,24.3,28.8,21.0
2021-07-01,2504730,True,26.3,31.0,21.4
2021-07-02,2483798,True,27.1,31.8,23.6
2021-07-03,2141679,True,22.6,25.7,19.6
2021-07-04,2117272,True,21.4,23.1,19.8
2021-07-05,2468487,True,23.3,26.9,20.1
2021-07-06,2497056,True,25.3,30.1,21.0
2021-07-07,2539886,True,26.4,29.1,23.9
2021-07-08,2563543,True,26.0,29.8,23.8
2021-07-09,2497364,True,25.5,29.2,23.6
2021-07-10,2162872,True,25.9,29.2,23.1
2021-07-11,2100762,True,25.7,27.5,24.1
2021-07-12,2497699,True,28.1,32.5,23.8
2021-07-13,2527431,True,28.8,31.5,26.3
2021-07-14,2485547,True,29.7,33.5,26.1
2021-07-15,2515561,True,29.1,34.5,25.9
2021-07-16,2472553,True,28.8,35.2,24.2
2021-07-17,2084014,True,29.1,32.8,24.7
2021-07-18,1944652,True,29.6,34.1,25.7
2021-07-19,2515957,True,26.4,30.5,24.0
2021-07-20,2554238,True,27.9,31.8,23.6
2021-07-21,2543346,True,30.5,35.3,25.3
2021-07-22,2443540,True,31.2,35.9,26.5
2021-07-23,2405910,True,31.2,35.8,27.2
2021-07-24,2040588,True,31.7,36.5,26.9
2021-07-25,1896623,True,31.5,35.9,27.2
2021-07-26,2338579,True,31.2,35.4,27.4
2021-07-27,2387949,True,31.1,35.7,27.8
2021-07-28,2374910,True,30.4,34.7,27.1
2021-07-29,2329978,True,29.6,33.3,27.0
2021-07-30,2271168,True,30.5,35.4,25.8
2021-07-31,1953360,True,29.8,34.3,26.8
2021-08-01,1829823,True,27.1,28.8,25.1
2021-08-02,2243482,True,26.5,28.6,25.0
2021-08-03,2233878,True,28.0,31.4,24.1
2021-08-04,2286416,True,28.9,33.2,26.3
2021-08-05,2283416,True,29.4,33.7,25.6
2021-08-06,2287321,True,28.1,32.2,26.0
2021-08-07,1919868,True,28.0,32.3,23.4
2021-08-08,1869640,True,26.8,32.1,24.4
2021-08-09,2304679,True,28.3,33.6,23.3
2021-08-10,2366710,True,27.7,32.2,24.3
2021-08-11,2353425,True,27.4,31.6,24.1
2021-08-12,2350618,True,26.8,31.7,24.0
2021-08-13,2311479,True,26.6,30.1,23.4
2021-08-14,1934473,True,26.1,30.5,23.4
2021-08-15,1817780,True,26.9,32.4,21.7
2021-08-16,1938573,True,27.3,32.8,22.5
2021-08-17,2287184,True,25.9,31.3,21.9
2021-08-18,2291983,True,24.3,31.0,20.6
2021-08-19,2285156,True,26.0,31.5,21.0
2021-08-20,2301352,True,26.6,30.7,22.6
2021-08-21,2006761,True,23.8,25.5,21.0
2021-08-22,1877410,True,24.4,27.0,22.4
2021-08-23,2330527,True,22.4,24.0,21.0
2021-08-24,2416495,True,23.4,26.4,21.1
2021-08-25,2419201,True,25.0,27.3,23.5
2021-08-26,2433850,True,25.5,27.9,22.9
2021-08-27,2366661,True,22.4,25.5,20.4
2021-08-28,2058488,True,23.6,28.2,19.7
2021-08-29,1962385,True,23.7,26.3,21.9
2021-08-30,2364567,True,24.2,27.7,21.2
2021-08-31,2484933,True,20.5,23.1,18.1
2021-09-01,2401692,True,21.4,23.9,18.5
2021-09-02,2357737,True,23.5,26.7,20.7
2021-09-03,2401404,True,24.3,29.2,20.6
2021-09-04,2127100,True,23.2,28.6,18.5
2021-09-05,2040736,True,23.1,27.3,19.4
2021-09-06,2419579,True,22.3,26.4,18.0
2021-09-07,2540221,True,19.6,20.9,17.6
2021-09-08,2474806,True,22.2,26.9,19.0
2021-09-09,2485931,True,23.5,29.1,19.1
2021-09-10,2448398,True,23.6,28.9,19.5
2021-09-11,2163301,True,24.0,29.4,19.9
2021-09-12,2057152,True,24.2,29.8,19.2
2021-09-13,2443961,True,24.8,30.3,20.8
2021-09-14,2484112,True,24.6,29.5,20.0
2021-09-15,2479083,True,23.6,28.9,19.5
2021-09-16,2462501,True,22.9,27.3,18.0
2021-09-17,2416344,True,23.5,28.2,20.5
2021-09-18,2045061,True,23.9,29.8,18.9
2021-09-19,1896451,True,23.7,27.8,20.8
2021-09-20,1883991,True,23.7,28.4,19.0
2021-09-21,1776594,True,22.0,26.2,17.4
2021-09-22,1913603,True,20.2,24.3,16.8
2021-09-23,2344277,True,20.9,25.9,16.9
2021-09-24,2391010,True,21.8,26.9,16.7
2021-09-25,2151941,True,21.2,23.1,18.7
2021-09-26,2064593,True,22.6,27.3,18.4
2021-09-27,2407572,True,21.6,25.0,18.7
2021-09-28,2455172,True,21.5,24.4,19.6
2021-09-29,2521939,True,20.2,21.4,17.8
2021-09-30,2492636,True,20.3,25.9,16.0
2021-10-01,2526641,True,21.1,27.5,16.9
2021-10-02,2220699,True,20.7,26.6,16.4
2021-10-03,2056901,True,22.3,28.8,17.1
2021-10-04,2196726,True,22.9,25.6,19.2
2021-10-05,2470593,True,23.6,26.5,21.7
2021-10-06,2517762,True,18.8,21.7,17.9
2021-10-07,2513924,True,19.4,21.9,17.9
2021-10-08,2551746,True,18.8,20.0,17.5
2021-10-09,2251115,True,20.9,24.1,18.5
2021-10-10,2256977,True,19.9,24.3,14.9
2021-10-11,2586939,True,15.2,17.8,12.6
2021-10-12,2760201,True,17.9,21.3,15.8
2021-10-13,2704213,True,19.6,25.2,14.9
2021-10-14,2645421,True,19.7,23.9,17.4
2021-10-15,2670128,True,19.0,21.4,17.0
2021-10-16,3755201,True,10.7,18.1,4.2
2021-10-17,4827072,True,5.6,10.8,1.3
2021-10-18,5007463,True,9.6,16.1,2.8
2021-10-19,4732799,True,10.9,15.0,7.1
2021-10-20,4977390,True,9.5,15.8,4.6
2021-10-21,5048016,True,9.8,16.2,4.9
2021-10-22,5032301,True,10.8,17.2,5.2
2021-10-23,4700855,True,11.4,18.4,5.7
2021-10-24,4509110,True,11.4,18.1,6.0
2021-10-25,4652287,True,11.7,17.6,6.3
2021-10-26,4420034,True,13.0,19.0,7.7
2021-10-27,4302856,True,13.4,18.1,9.8
2021-10-28,4454176,True,12.7,20.0,7.1
2021-10-29,4228426,True,14.6,20.6,10.5
2021-10-30,4014502,True,13.8,18.0,11.0
2021-10-31,3893107,True,14.1,20.3,9.2
2021-11-01,4290752,True,12.9,16.9,10.3
2021-11-02,4556077,True,11.5,16.9,7.9
2021-11-03,4613862,True,12.1,17.1,7.6
2021-11-04,4623374,True,12.1,16.3,8.4
2021-11-05,4506812,True,13.0,20.2,7.8
2021-11-06,4163411,True,14.1,21.3,8.8
2021-11-07,3984400,True,15.3,21.3,9.7
2021-11-08,5417212,True,8.6,15.5,4.5
2021-11-09,6519226,True,4.9,6.5,3.0
2021-11-10,7190563,True,4.2,7.7,0.7
2021-11-11,7135374,True,5.3,9.7,2.1
2021-11-12,7356665,True,4.5,8.6,1.3
2021-11-13,6593772,True,7.3,13.4,0.5
2021-11-14,5593133,True,11.3,16.4,7.8
2021-11-15,5847134,True,10.1,15.7,5.8
2021-11-16,6067212,True,8.5,13.6,4.4
2021-11-17,6418167,True,7.5,12.5,2.7
2021-11-18,5788170,True,11.9,16.2,7.7
2021-11-19,5197468,True,12.9,16.7,10.2
2021-11-20,5236762,True,10.4,15.6,6.8
2021-11-21,5350873,True,10.4,13.1,7.6
2021-11-22,7675209,True,2.7,7.5,0.6
2021-11-23,8995037,True,-0.6,2.3,-3.7
2021-11-24,8395721,True,4.1,9.1,-2.6
2021-11-25,7804934,True,5.7,9.9,2.6
2021-11-26,8411300,True,2.9,7.2,0.5
2021-11-27,8086215,True,3.4,10.1,-1.4
2021-11-28,7774760,True,5.1,12.4,-1.3
2021-11-29,7593498,True,7.6,13.7,2.5
2021-11-30,8160527,True,5.7,8.9,0.7
2021-12-01,9709022,True,-1.3,1.5,-3.0
2021-12-02,9523062,True,1.3,5.0,-4.6
2021-12-03,9144867,True,1.9,4.6,-1.8
2021-12-04,8901726,True,1.4,7.0,-2.7
2021-12-05,8528801,True,2.9,9.6,-2.3
2021-12-06,8431009,True,5.4,12.1,-0.7
2021-12-07,7877647,True,6.8,13.3,2.6
2021-12-08,7687799,True,6.7,13.3,1.9
2021-12-09,7789587,True,6.5,9.7,2.7
2021-12-10,7571049,True,7.0,8.2,5.8
2021-12-11,7302553,True,6.0,9.8,4.4
2021-12-12,8525085,True,1.2,5.1,
2021-12-13,10142088,True,-2.2,1.9,-5.9
2021-12-14,9055600,True,3.7,8.2,-0.7
2021-12-15,7926381,True,7.2,10.0,5.4
2021-12-16,7937530,True,6.4,9.8,3.3
2021-12-17,11060421,True,-5.6,3.2,-10.1
2021-12-18,11487338,True,-5.7,-1.8,-11.2
2021-12-19,10080273,True,-0.8,4.2,-5.8
2021-12-20,9142855,True,5.2,11.1,-0.9
2021-12-21,8655363,True,5.2,8.9,0.8
2021-12-22,9307272,True,2.2,8.2,-2.6
2021-12-23,9252479,True,2.7,8.3,-1.5
2021-12-24,10310131,True,-0.3,3.2,-7.3
2021-12-25,12908683,True,-11.7,-7.3,-14.4
2021-12-26,13901794,True,-12.1,-7.3,-15.5
2021-12-27,13799406,True,-7.6,-3.9,-12.9
2021-12-28,12683987,True,-4.1,-0.9,-8.5
2021-12-29,11398394,True,0.4,5.9,-3.8
2021-12-30,12162336,True,-3.9,0.2,-6.8
2021-12-31,12800635,True,-6.7,-3.9,-8.8
2022-01-01,11506673,True,-4.3,2.3,-10.2
2022-01-02,10751859,True,-1.3,3.0,-5.2
2022-01-03,11533995,True,-1.9,2.5,-8.0
2022-01-04,11244879,True,-2.5,1.0,-5.6
2022-01-05,11719638,True,-2.8,1.9,-7.8
2022-01-06,11265540,True,-2.2,3.3,-5.9
2022-01-07,11114475,True,-1.6,4.5,-5.9
2022-01-08,10431910,True,0.3,3.7,-5.0
2022-01-09,9598113,True,1.3,5.6,-1.2
2022-01-10,10377567,True,0.5,4.4,-3.4
2022-01-11,12299073,True,-7.4,0.3,-10.3
2022-01-12,12812346,True,-7.7,-3.4,-11.3
2022-01-13,12792023,True,-6.4,-3.1,-8.8
2022-01-14,12421607,True,-4.8,1.3,-10.1
2022-01-15,11197999,True,-1.0,1.8,-5.3
2022-01-16,10800704,True,-2.0,2.4,-7.2
2022-01-17,12425948,True,-5.8,0.1,-9.2
2022-01-18,12447008,True,-5.6,-0.7,-9.9
2022-01-19,12669784,True,-5.3,-2.7,-7.7
2022-01-20,12454106,True,-5.0,0.9,-9.8
2022-01-21,11803868,True,-2.7,4.6,-8.7
2022-01-22,10761443,True,0.3,7.1,-5.0
2022-01-23,9895707,True,2.0,6.7,-0.6
2022-01-24,9778561,True,4.6,8.4,1.3
2022-01-25,9547505,True,2.8,4.5,1.9
2022-01-26,9651615,True,1.3,6.8,-1.9
2022-01-27,10266604,True,-1.1,4.0,-4.6
2022-01-28,10798533,True,-2.7,2.1,-5.9
2022-01-29,10564269,True,-3.6,0.9,-7.2
2022-01-30,10350534,True,-2.8,2.4,-8.0
2022-01-31,10001108,True,-0.7,4.8,-6.8
2022-02-01,9762082,True,-1.3,0.9,-2.7
2022-02-02,10609626,True,-3.4,0.0,-6.0
2022-02-03,11529550,True,-3.4,0.4,-6.9
2022-02-04,11999688,True,-5.2,-0.7,-8.2
2022-02-05,12019095,True,-6.6,-2.0,-9.7
2022-02-06,11427118,True,-3.9,1.7,-8.4
2022-02-07,11643506,True,-2.5,1.9,-7.3
2022-02-08,10672027,True,-0.1,5.6,-4.1
2022-02-09,10244303,True,1.0,7.2,-4.3
2022-02-10,9780448,True,1.4,6.7,-3.2
2022-02-11,9332059,True,2.9,8.8,-2.6
2022-02-12,8289182,True,4.8,10.4,-0.1
2022-02-13,8169814,True,4.8,9.5,1.6
2022-02-14,9363607,True,2.5,8.1,-1.3
2022-02-15,11200742,True,-4.7,-1.3,
2022-02-16,12365302,True,-7.3,-4.1,-9.6
2022-02-17,12545923,True,-6.2,-0.5,-10.7
2022-02-18,11367627,True,-1.2,5.7,-8.0
2022-02-19,10664799,True,-1.7,3.7,-6.2
2022-02-20,11426810,True,-4.8,-0.5,-8.4
2022-02-21,11738683,True,-3.0,3.6,-8.1
2022-02-22,11884656,True,-4.5,0.5,-8.0
2022-02-23,12138201,True,-5.6,-0.6,-10.0
2022-02-24,11365086,True,-2.4,3.7,-8.5
2022-02-25,10012048,True,3.0,8.4,-3.6
2022-02-26,8876062,True,5.4,9.3,1.0
2022-02-27,8502756,True,3.7,9.1,-1.6
2022-02-28,8221205,True,6.8,11.5,2.7
2022-03-01,7756888,True,5.8,9.7,0.3
2022-03-02,8628877,True,3.5,8.8,-2.3
2022-03-03,7951622,True,5.8,12.4,0.9
2022-03-04,7776153,True,6.9,14.6,0.6
2022-03-05,7972832,True,2.3,6.7,-0.7
2022-03-06,8297463,True,1.4,6.8,-3.0
2022-03-07,8733984,True,2.8,8.7,-2.7
2022-03-08,7895220,True,6.0,12.3,1.1
2022-03-09,6990207,True,7.1,14.8,1.7
2022-03-10,6870268,True,9.3,15.8,4.2
2022-03-11,6289530,True,11.2,18.4,5.1
2022-03-12,5538241,True,12.8,19.5,6.3
2022-03-13,5494648,True,11.7,12.6,10.7
2022-03-14,6497021,True,8.2,13.2,4.9
2022-03-15,6622375,True,7.2,13.3,2.3
2022-03-16,6212061,True,10.3,16.8,3.6
2022-03-17,6084761,True,10.7,15.1,7.8
2022-03-18,6824280,True,7.5,9.6,5.5
2022-03-19,7447162,True,3.4,6.1,0.9
2022-03-20,7175997,True,5.4,9.3,2.2
2022-03-21,7764958,True,5.0,10.9,-0.3
2022-03-22,7218145,True,7.1,13.6,1.1
2022-03-23,7482959,True,6.2,8.2,4.9
2022-03-24,7165351,True,8.2,12.4,3.9
2022-03-25,6322857,True,12.0,17.2,6.3
2022-03-26,5714926,True,11.8,14.7,9.5
2022-03-27,5991599,True,8.1,12.6,5.0
2022-03-28,6422538,True,8.2,15.1,1.5
2022-03-29,6069273,True,9.7,15.6,3.3
2022-03-30,5912008,True,10.8,15.7,5.9
2022-03-31,5684403,True,10.9,14.7,7.6
2022-04-01,5853823,True,9.2,14.9,4.5
2022-04-02,5788064,True,8.2,14.2,3.7
2022-04-03,5586467,True,9.6,17.0,3.5
2022-04-04,5632188,True,10.3,16.4,5.1
2022-04-05,5663367,True,10.3,15.8,4.9
2022-04-06,5367164,True,11.7,17.0,8.0
2022-04-07,5361958,True,10.9,15.7,7.4
2022-04-08,4979835,True,12.9,20.0,5.1
2022-04-09,4094045,True,17.8,24.2,12.4
2022-04-10,3584575,True,18.2,25.1,12.7
2022-04-11,3442165,True,19.6,26.6,13.4
2022-04-12,3326357,True,19.3,26.4,15.9
2022-04-13,4100115,True,13.1,15.9,12.0
2022-04-14,4361964,True,13.2,15.3,11.4
2022-04-15,4284488,True,13.3,19.3,7.5
2022-04-16,4056527,True,13.2,20.2,7.1
2022-04-17,3944294,True,14.0,21.9,7.2
2022-04-18,4002624,True,15.2,21.6,11.4
2022-04-19,3895839,True,15.2,22.1,8.9
2022-04-20,3800609,True,15.7,22.1,9.7
2022-04-21,3723658,True,16.3,22.7,9.6
2022-04-22,3883790,True,15.0,16.8,13.2
2022-04-23,3398809,True,17.7,25.3,10.4
2022-04-24,3111058,True,18.5,24.5,15.0
2022-04-25,3151581,True,20.0,23.6,17.0
2022-04-26,3023772,True,21.9,28.7,17.0
2022-04-27,3155338,True,17.7,23.9,12.6
2022-04-28,3137934,True,18.2,25.9,11.6
2022-04-29,3523045,True,13.4,16.5,10.7
2022-04-30,3539202,True,13.0,17.8,10.5
2022-05-01,3657361,True,13.4,19.2,7.9
2022-05-02,3715653,True,14.2,19.4,9.1
2022-05-03,3699459,True,14.8,20.8,9.1
2022-05-04,3392642,True,17.8,25.2,10.0
2022-05-05,2905837,True,18.9,25.8,12.5
2022-05-06,2826814,True,19.6,25.6,13.7
2022-05-07,2702504,True,18.4,23.1,15.3
2022-05-08,2986333,True,15.3,18.2,11.7
2022-05-09,3129951,True,17.9,25.3,11.0
2022-05-10,2995331,True,19.9,26.3,13.6
2022-05-11,2932278,True,19.7,25.2,16.6
2022-05-12,2862875,True,20.9,28.1,14.1
2022-05-13,2828306,True,19.4,25.2,15.0
2022-05-14,2794029,True,15.7,20.0,11.9
2022-05-15,2812749,True,16.2,22.4,10.5
2022-05-16,2979447,True,17.3,23.7,10.9
2022-05-17,2901508,True,20.0,27.4,13.0
2022-05-18,2861273,True,20.0,25.4,15.7
2022-05-19,2832227,True,19.9,24.2,16.1
2022-05-20,2763097,True,20.6,25.8,15.6
2022-05-21,2532705,True,20.1,26.0,16.1
2022-05-22,2417115,True,20.3,25.8,15.7
2022-05-23,2670893,True,23.0,30.7,17.8
2022-05-24,2663609,True,22.9,30.2,16.7
2022-05-25,2639974,True,21.0,26.7,16.7
2022-05-26,2629035,True,18.7,23.5,14.1
2022-05-27,2605237,True,20.0,25.6,16.0
2022-05-28,2354082,True,22.3,29.3,15.0
2022-05-29,2228603,True,23.1,29.7,19.3
2022-05-30,2528804,True,20.8,24.7,17.2
2022-05-31,2562090,True,20.7,27.2,14.2
2022-06-01,2299659,True,22.1,28.6,16.2
2022-06-02,2528655,True,21.5,26.9,17.1
2022-06-03,2533281,True,24.5,32.6,18.7
2022-06-04,2206589,True,25.6,29.7,20.3
2022-06-05,2006723,True,22.7,27.0,20.2
2022-06-06,2150214,True,19.7,24.5,16.7
2022-06-07,2483577,True,20.6,25.1,15.1
2022-06-08,2528536,True,21.2,25.8,16.2
2022-06-09,2520459,True,20.9,24.5,18.5
2022-06-10,2535233,True,20.9,26.6,17.2
2022-06-11,2236614,True,24.6,32.7,17.7
2022-06-12,2104268,True,24.6,31.5,18.9
2022-06-13,2489131,True,23.6,29.2,19.6
2022-06-14,2482118,True,21.5,27.1,17.7
2022-06-15,2525941,True,17.5,20.1,14.9
2022-06-16,2490568,True,20.3,24.8,17.6
2022-06-17,2510245,True,22.5,28.1,16.5
2022-06-18,2233896,True,23.3,25.1,22.0
2022-06-19,2118311,True,23.4,25.1,22.3
2022-06-20,2498937,True,25.2,29.0,22.0
2022-06-21,2590740,True,26.5,32.6,21.2
2022-06-22,2546451,True,25.9,31.0,21.9
2022-06-23,2575173,True,24.3,26.4,23.3
2022-06-24,2512528,True,22.6,24.9,20.6
2022-06-25,2195866,True,26.0,30.5,21.5
2022-06-26,2097356,True,26.5,28.1,24.8
2022-06-27,2593614,True,26.8,28.1,25.4
2022-06-28,2617708,True,26.9,27.9,25.7
2022-06-29,2690735,True,25.1,26.1,24.4
2022-06-30,2680821,True,22.3,24.5,21.2
2022-07-01,2602554,True,26.6,30.9,21.9
2022-07-02,2244851,True,28.8,33.8,24.0
2022-07-03,2095469,True,29.3,34.2,24.4
2022-07-04,2575026,True,29.3,32.6,26.4
2022-07-05,2621639,True,29.2,33.1,26.7
2022-07-06,2622265,True,29.5,33.3,26.2
2022-07-07,2628766,True,28.2,31.0,26.4
2022-07-08,2560994,True,25.8,27.9,24.0
2022-07-09,2134643,True,26.9,30.9,24.0
2022-07-10,1995496,True,29.2,35.1,24.6
2022-07-11,2514449,True,27.0,30.6,24.7
2022-07-12,2477245,True,26.8,29.4,23.2
2022-07-13,2553750,True,25.0,27.1,24.0
2022-07-14,2526541,True,25.7,29.9,23.3
2022-07-15,2480737,True,26.0,30.3,23.0
2022-07-16,2111068,True,24.8,28.2,23.2
2022-07-17,1984525,True,25.5,29.7,22.5
2022-07-18,2461244,True,26.8,30.1,23.1
2022-07-19,2478684,True,27.4,31.1,24.3
2022-07-20,2479533,True,27.1,30.4,24.3
2022-07-21,2405902,True,23.2,25.2,20.8
2022-07-22,2395633,True,25.1,27.5,22.9
2022-07-23,2098579,True,24.8,28.0,22.3
2022-07-24,1976999,True,25.0,28.4,22.0
2022-07-25,2404075,True,27.5,32.0,23.6
2022-07-26,2461939,True,28.9,33.1,24.4
2022-07-27,2405416,True,29.3,33.4,26.4
2022-07-28,2388108,True,29.7,34.4,25.1
2022-07-29,2408293,True,30.7,34.3,27.3
2022-07-30,2024599,True,30.9,36.1,27.3
2022-07-31,1899742,True,27.2,29.0,25.4
2022-08-01,2322703,True,28.6,32.4,25.4
2022-08-02,2342444,True,26.8,28.5,25.5
2022-08-03,2368316,True,27.1,30.0,25.2
2022-08-04,2368073,True,28.9,32.9,26.0
2022-08-05,2368641,True,29.4,32.7,27.0
2022-08-06,2018155,True,28.7,30.3,27.4
2022-08-07,1899403,True,28.9,31.7,27.2
2022-08-08,2390636,True,26.8,28.4,25.1
2022-08-09,2424029,True,25.1,26.5,22.0
2022-08-10,2387571,True,24.7,28.8,21.4
2022-08-11,2370031,True,25.0,27.5,23.4
2022-08-12,2361784,True,27.0,32.4,23.0
2022-08-13,2060238,True,25.8,27.5,24.7
2022-08-14,1907880,True,27.6,31.5,24.5
2022-08-15,1990520,True,28.1,29.8,26.6
2022-08-16,2417263,True,26.7,30.0,24.1
2022-08-17,2424136,True,26.0,30.5,22.8
2022-08-18,2420343,True,25.6,29.8,22.4
2022-08-19,2441446,True,26.0,27.5,23.3
2022-08-20,2100856,True,28.2,32.0,25.7
2022-08-21,1945472,True,28.1,32.0,24.7
2022-08-22,2405280,True,26.8,30.2,22.9
2022-08-23,2404964,True,25.4,30.2,22.4
2022-08-24,2372727,True,24.8,27.9,22.4
2022-08-25,2360424,True,22.2,24.0,21.1
2022-08-26,2360982,True,23.8,28.4,19.9
2022-08-27,2047979,True,21.5,25.5,17.6
2022-08-28,1935483,True,22.6,28.4,16.1
2022-08-29,2329020,True,21.0,22.5,19.5
2022-08-30,2442583,True,19.1,20.3,17.9
2022-08-31,2396943,True,21.7,24.9,19.6
2022-09-01,2439238,True,24.0,30.4,18.3
2022-09-02,2424376,True,24.7,29.8,20.3
2022-09-03,2137622,True,24.2,29.2,20.5
2022-09-04,2061494,True,22.3,24.0,19.8
2022-09-05,2500249,True,19.2,22.7,17.7
2022-09-06,2465582,True,21.0,26.3,17.0
2022-09-07,2480125,True,22.8,28.1,17.9
2022-09-08,2457213,True,23.2,29.5,16.7
2022-09-09,1957228,True,24.3,30.8,18.9
2022-09-10,1706911,True,23.6,28.4,19.0
2022-09-11,1785771,True,23.3,26.4,20.6
2022-09-12,1936660,True,23.8,27.5,20.3
2022-09-13,2355155,True,24.3,26.4,21.8
2022-09-14,2385672,True,24.6,27.9,22.7
2022-09-15,2418127,True,25.2,28.3,22.0
2022-09-16,2459371,True,25.7,29.9,23.4
2022-09-17,2151471,True,25.6,29.4,23.3
2022-09-18,2027313,True,27.1,32.5,23.0
2022-09-19,2378847,True,24.6,29.6,19.5
2022-09-20,2366382,True,19.9,24.6,16.1
2022-09-21,2397536,True,19.4,25.6,13.0
2022-09-22,2395416,True,19.8,24.7,14.2
2022-09-23,2463108,True,17.5,22.2,14.7
2022-09-24,2278080,True,18.5,24.2,12.3
2022-09-25,2138200,True,19.6,25.2,15.4
2022-09-26,2425634,True,20.0,25.4,14.8
2022-09-27,2458717,True,20.9,28.0,14.0
2022-09-28,2451601,True,20.4,26.1,16.1
2022-09-29,2446857,True,20.4,26.5,16.4
2022-09-30,2439587,True,20.7,27.7,14.8
2022-10-01,2158737,True,20.9,27.6,14.4
2022-10-02,2068302,True,19.4,21.6,17.2
2022-10-03,2293282,True,21.4,23.4,17.5
2022-10-04,2507614,True,17.9,23.0,14.2
2022-10-05,2603206,True,16.6,21.6,14.1
2022-10-06,2751760,True,15.8,19.1,12.7
2022-10-07,2990176,True,14.3,18.6,11.0
2022-10-08,2849570,True,15.8,21.6,11.1
2022-10-09,3269011,True,13.1,14.5,10.7
2022-10-10,4235116,True,9.9,11.9,8.2
2022-10-11,4291064,True,11.1,16.4,7.4
2022-10-12,3999293,True,13.5,20.6,6.5
2022-10-13,3531867,True,16.3,22.7,10.7
2022-10-14,3294191,True,17.1,23.0,12.4
2022-10-15,2951950,True,18.2,24.4,12.6
2022-10-16,2954389,True,16.9,20.5,15.1
2022-10-17,4066190,True,11.2,15.1,7.4
2022-10-18,4555223,True,9.4,14.2,5.0
2022-10-19,4597737,True,10.5,16.8,4.4
2022-10-20,4278967,True,12.9,19.7,6.0
2022-10-21,4008298,True,14.0,20.9,8.8
2022-10-22,3614804,True,15.1,20.8,10.5
2022-10-23,3705411,True,14.0,18.6,10.4
2022-10-24,4525378,True,10.6,14.8,7.5
2022-10-25,4571310,True,11.3,17.6,5.9
2022-10-26,4450231,True,12.9,17.8,8.0
2022-10-27,4230622,True,13.2,18.9,8.6
2022-10-28,4159092,True,13.6,20.6,8.2
2022-10-29,3815163,True,14.8,21.3,10.2
2022-10-30,3675416,True,14.9,21.3,10.4
2022-10-31,3801626,True,14.9,21.1,11.2
2022-11-01,3976898,True,13.1,17.8,9.4
2022-11-02,4535424,True,11.1,17.9,5.5
2022-11-03,5229642,True,9.3,13.4,5.6
2022-11-04,6320978,True,4.9,9.8,1.6
2022-11-05,5983738,True,6.5,13.6,0.8
2022-11-06,5469697,True,9.6,16.4,3.7
2022-11-07,5343676,True,11.4,16.6,6.1
2022-11-08,4785628,True,12.9,17.9,9.7
2022-11-09,4968869,True,11.4,16.0,6.7
2022-11-10,4619126,True,13.5,19.1,8.8
2022-11-11,4261583,True,15.6,22.1,10.9
2022-11-12,3984021,True,16.3,22.0,11.6
2022-11-13,4523877,True,10.3,17.3,8.7
2022-11-14,5108343,True,9.7,13.8,5.9
2022-11-15,5730800,True,8.1,12.3,4.0
2022-11-16,5679412,True,8.5,13.0,5.5
2022-11-17,5446761,True,10.2,16.6,5.4
2022-11-18,5238297,True,11.0,18.1,5.3
2022-11-19,4785079,True,12.9,19.2,8.7
2022-11-20,4462253,True,13.7,20.2,9.5
2022-11-21,4862868,True,11.8,16.2,9.3
2022-11-22,5222859,True,10.7,13.7,7.0
2022-11-23,5201096,True,10.8,15.2,6.8
2022-11-24,5522396,True,9.4,14.1,5.9
2022-11-25,5227286,True,12.3,17.8,7.1
2022-11-26,5831708,True,6.7,12.9,1.0
2022-11-27,6619588,True,5.4,11.5,-1.1
2022-11-28,5978915,True,12.3,15.0,7.5
2022-11-29,6802622,True,6.9,15.0,-1.6
2022-11-30,10068941,True,-5.4,-1.6,-8.1
2022-12-01,10864069,True,-5.4,-1.2,-9.4
2022-12-02,10556341,True,-2.5,3.0,-7.6
2022-12-03,9122299,True,2.1,7.0,-0.3
2022-12-04,10437550,True,-3.5,-0.2,-5.2
2022-12-05,10893351,True,-3.1,1.9,-7.0
2022-12-06,10121609,True,0.9,5.3,-3.9
2022-12-07,9059149,True,4.9,9.0,1.2
2022-12-08,8751069,True,3.7,9.1,0.1
2022-12-09,8413870,True,4.5,10.2,0.9
2022-12-10,8500615,True,2.6,6.7,-0.6
2022-12-11,8576134,True,1.6,6.8,-1.5
2022-12-12,9325617,True,2.0,6.3,-2.0
2022-12-13,10010026,True,0.0,3.1,-6.4
2022-12-14,12210114,True,-8.4,-4.9,-11.0
2022-12-15,11948255,True,-4.5,-1.3,-8.5
2022-12-16,12200301,True,-6.3,-2.2,-9.6
2022-12-17,12090047,True,-7.0,-3.2,-9.8
2022-12-18,12898551,True,-9.5,-5.6,-12.4
2022-12-19,13128730,True,-7.0,-2.5,-12.0
2022-12-20,12134203,True,-3.2,2.9,-9.5
2022-12-21,11286690,True,-0.1,2.6,-2.6
2022-12-22,12833372,True,-7.8,-2.6,-11.3
2022-12-23,14683334,True,-11.8,-8.6,-13.7
2022-12-24,13471474,True,-8.4,-2.0,-13.5
2022-12-25,12307780,True,-5.4,0.2,-9.6
2022-12-26,12403826,True,-3.9,1.7,-7.9
2022-12-27,11726071,True,-2.6,3.3,-7.3
2022-12-28,11621723,True,-3.3,0.1,-6.0
2022-12-29,11653354,True,-2.9,2.1,-7.8
2022-12-30,10834165,True,-1.8,2.3,-4.4
2022-12-31,10467773,True,-1.2,2.1,-5.1
2023-01-01,9985783,True,-0.2,3.8,-4.3
2023-01-02,11494868,True,-4.5,-0.4,-7.4
2023-01-03,11717764,True,-5.0,0.6,-9.0
2023-01-04,11038324,True,-1.8,3.3,-5.7
2023-01-05,10974707,True,-1.6,3.6,-5.6
2023-01-06,10346370,True,0.6,5.7,-4.7
2023-01-07,9397361,True,1.5,3.8,-1.4
2023-01-08,9286499,True,1.3,6.3,-3.7
2023-01-09,9108156,True,3.1,7.0,-1.3
2023-01-10,9330086,True,1.6,9.1,-3.9
2023-01-11,9041186,True,2.6,9.2,-2.0
2023-01-12,8470910,True,5.9,12.5,-0.6
2023-01-13,7878048,True,8.3,10.1,5.1
2023-01-14,7516615,True,6.6,8.4,3.8
2023-01-15,8932326,True,-0.2,3.8,-3.5
2023-01-16,10636378,True,-4.6,-1.2,-6.8
2023-01-17,11083711,True,-3.7,-0.4,-7.0
2023-01-18,10566960,True,-1.9,2.2,-4.6
2023-01-19,10409385,True,-0.4,4.3,-6.0
2023-01-20,10691140,True,-3.3,2.0,-7.7
2023-01-21,10554743,True,-4.5,1.5,-10.5
2023-01-22,9905003,True,-0.6,2.6,-2.8
2023-01-23,9926719,True,-0.8,4.6,-6.9
2023-01-24,13681289,True,-14.7,-6.9,-17.0
2023-01-25,14283814,True,-11.3,-5.4,-17.3
2023-01-26,12927151,True,-6.0,-3.5,-9.0
2023-01-27,12748705,True,-7.3,-3.8,-9.6
2023-01-28,12063552,True,-6.0,-0.6,-11.2
2023-01-29,11014652,True,-1.8,4.9,-8.0
2023-01-30,10588865,True,-0.9,4.2,-4.4
2023-01-31,9870324,True,2.4,7.8,-3.5
2023-02-01,9454176,True,0.9,6.0,-3.0
2023-02-02,10296127,True,-2.4,1.4,-5.1
2023-02-03,10058892,True,-1.6,3.4,-3.9
2023-02-04,9459073,True,-0.2,6.0,-5.2
2023-02-05,8894082,True,1.7,7.1,-3.3
2023-02-06,8771453,True,3.0,8.8,-1.7
2023-02-07,8515185,True,3.5,9.5,-0.6
2023-02-08,8569794,True,2.1,7.8,-1.3
2023-02-09,8486070,True,4.0,9.5,-2.8
2023-02-10,8089513,True,3.8,6.2,1.1
2023-02-11,7983926,True,2.8,8.5,-1.2
2023-02-12,7950329,True,3.7,7.6,-0.9
2023-02-13,7815083,True,5.9,8.4,2.7
2023-02-14,8381497,True,1.7,6.6,-2.5
2023-02-15,8278419,True,3.2,8.9,-1.2
2023-02-16,8456464,True,2.3,4.5,-0.7
2023-02-17,8111674,True,3.4,9.8,-1.5
2023-02-18,7609053,True,5.7,8.1,3.0
2023-02-19,7599732,True,3.5,6.1,0.2
2023-02-20,8954695,True,-0.5,2.4,-3.5
2023-02-21,9263062,True,-1.3,4.8,-5.3
2023-02-22,8878594,True,1.2,8.4,-4.5
2023-02-23,8358573,True,2.9,9.2,-1.8
2023-02-24,8207064,True,3.5,8.2,-0.4
2023-02-25,8256883,True,0.7,5.7,-2.9
2023-02-26,8060176,True,2.2,9.4,-3.4
2023-02-27,7891723,True,4.4,12.4,-1.8
2023-02-28,7862923,True,4.3,8.7,-0.7
2023-03-01,7259604,True,6.0,9.0,2.9
2023-03-02,8129841,True,2.2,6.6,-1.8
2023-03-03,7744895,True,4.6,10.4,-1.9
2023-03-04,6605335,True,7.7,14.1,3.7
2023-03-05,6297451,True,8.0,15.4,2.5
2023-03-06,6365643,True,9.2,16.5,2.2
2023-03-07,5688213,True,11.7,19.4,6.3
2023-03-08,5471631,True,12.5,17.7,7.4
2023-03-09,5469507,True,10.3,13.1,7.4
2023-03-10,5133165,True,13.5,22.2,6.2
2023-03-11,4371579,True,15.2,22.8,10.2
2023-03-12,5757726,True,5.9,12.6,0.6
2023-03-13,7236433,True,2.9,7.6,-1.9
2023-03-14,6246230,True,9.2,15.4,3.3
2023-03-15,6126377,True,8.6,14.4,3.5
2023-03-16,6839529,True,4.6,9.0,0.4
2023-03-17,6615570,True,7.2,12.7,0.7
2023-03-18,6071194,True,7.7,14.0,2.5
2023-03-19,5747448,True,8.3,15.2,2.3
2023-03-20,5769666,True,9.5,17.1,2.6
2023-03-21,5142482,True,13.0,22.2,5.0
2023-03-22,4473452,True,17.0,25.1,9.2
2023-03-23,3962380,True,17.4,23.3,12.3
2023-03-24,4296841,True,12.5,18.3,7.6
2023-03-25,4107102,True,12.5,18.7,8.0
2023-03-26,4622970,True,9.4,14.0,4.7
2023-03-27,5326473,True,7.3,14.5,1.9
2023-03-28,5154176,True,9.2,15.7,2.8
2023-03-29,4815012,True,11.8,19.7,5.1
2023-03-30,4476858,True,13.3,21.2,6.4
2023-03-31,4117497,True,15.0,23.9,7.5
2023-04-01,3678281,True,17.5,25.6,9.4
2023-04-02,3291922,True,18.8,25.2,11.9
2023-04-03,3308302,True,19.0,25.9,11.3
2023-04-04,3300516,True,17.6,21.7,12.7
2023-04-05,3964576,True,11.9,14.9,8.7
2023-04-06,4587736,True,8.8,9.7,7.4
2023-04-07,4740516,True,8.9,15.7,4.6
2023-04-08,4775658,True,8.8,14.9,3.1
2023-04-09,4453295,True,10.8,17.8,3.5
2023-04-10,4341371,True,13.2,19.1,6.2
2023-04-11,4375399,True,13.1,17.4,9.2
2023-04-12,4533299,True,10.1,15.3,4.8
2023-04-13,4332804,True,11.9,17.2,5.1
2023-04-14,3815909,True,16.2,21.3,11.9
2023-04-15,3762536,True,13.5,16.6,9.3
2023-04-16,3985158,True,10.8,16.1,7.5
2023-04-17,3995184,True,13.1,18.1,6.8
2023-04-18,3861555,True,14.0,18.4,10.7
2023-04-19,3384600,True,19.1,28.4,11.5
2023-04-20,3342983,True,15.8,18.9,14.5
2023-04-21,3341376,True,16.7,22.8,11.4
2023-04-22,3188204,True,16.9,22.5,12.2
2023-04-23,3116742,True,16.1,22.1,10.7
2023-04-24,3235138,True,15.8,21.3,11.5
2023-04-25,3804322,True,10.9,13.2,9.0
2023-04-26,4132418,True,10.2,13.5,7.4
2023-04-27,3884625,True,12.9,20.0,5.1
2023-04-28,3545004,True,15.7,21.3,9.0
2023-04-29,3659277,True,13.2,15.8,9.9
2023-04-30,3565466,True,12.7,17.9,7.9
2023-05-01,3389327,True,14.6,20.8,9.8
2023-05-02,3309891,True,16.7,23.7,9.1
2023-05-03,3034283,True,19.5,26.2,12.4
2023-05-04,2785247,True,21.4,25.8,15.6
2023-05-05,2677075,True,18.4,21.6,15.5
2023-05-06,3119751,True,12.6,15.5,11.7
2023-05-07,3075883,True,14.4,18.6,11.1
2023-05-08,3201785,True,15.3,22.0,7.9
2023-05-09,3069898,True,17.0,24.4,10.0
2023-05-10,2954480,True,18.4,26.0,10.7
2023-05-11,2816740,True,19.5,26.7,12.8
2023-05-12,2757753,True,18.4,24.7,13.1
2023-05-13,2582729,True,17.8,23.9,12.6
2023-05-14,2480677,True,18.1,23.8,12.9
2023-05-15,2636946,True,20.6,27.9,12.8
2023-05-16,2550401,True,24.0,31.2,17.2
2023-05-17,2547769,True,23.5,28.7,18.6
2023-05-18,2490108,True,21.2,27.6,18.8
2023-05-19,2452253,True,22.3,27.8,16.7
2023-05-20,2212509,True,21.2,26.7,16.6
2023-05-21,2149055,True,17.8,21.9,15.3
2023-05-22,2397269,True,20.3,26.8,15.9
2023-05-23,2414776,True,20.5,26.9,14.1
2023-05-24,2432813,True,20.6,25.9,14.8
2023-05-25,2435005,True,21.2,27.4,15.7
2023-05-26,2399061,True,21.4,27.3,15.8
2023-05-27,2167227,True,19.3,20.7,18.6
2023-05-28,2148764,True,19.2,20.2,18.4
2023-05-29,2178661,True,23.2,28.5,19.0
2023-05-30,2403694,True,24.0,28.9,20.5
2023-05-31,2380903,True,22.8,28.2,18.8
2023-06-01,2378251,True,22.8,26.3,19.7
2023-06-02,2366441,True,20.4,25.0,17.9
2023-06-03,2104613,True,22.0,27.8,16.6
2023-06-04,1989828,True,22.1,28.0,16.9
2023-06-05,2234873,True,21.5,26.3,17.6
2023-06-06,2055549,True,20.3,25.2,17.3
2023-06-07,2340432,True,21.4,25.7,18.9
2023-06-08,2361771,True,20.4,23.9,18.3
2023-06-09,2344063,True,23.3,28.4,18.3
2023-06-10,2093675,True,23.2,28.5,19.6
2023-06-11,1993497,True,22.1,27.3,17.9
2023-06-12,2311138,True,22.2,27.5,18.4
2023-06-13,2325893,True,22.0,26.0,19.2
2023-06-14,2338619,True,20.6,25.0,17.5
2023-06-15,2336801,True,22.7,28.3,17.7
2023-06-16,2326214,True,23.7,28.9,19.1
2023-06-17,2038531,True,24.2,30.2,18.9
2023-06-18,1922379,True,25.9,32.6,20.0
2023-06-19,2316313,True,28.5,34.0,23.3
2023-06-20,2275729,True,24.7,26.4,21.4
2023-06-21,2314646,True,20.5,22.1,19.2
2023-06-22,2311855,True,22.5,26.4,18.9
2023-06-23,2322138,True,24.4,29.9,20.0
2023-06-24,2014354,True,26.4,31.1,21.9
2023-06-25,1873981,True,28.2,33.1,22.8
2023-06-26,2277203,True,24.2,27.5,22.3
2023-06-27,2285457,True,25.3,29.1,21.4
2023-06-28,2302308,True,26.5,30.1,24.2
2023-06-29,2336958,True,24.2,25.9,23.2
2023-06-30,2323171,True,25.3,29.1,23.2
2023-07-01,2005395,True,27.7,32.9,23.3
2023-07-02,1892643,True,26.7,30.6,23.5
2023-07-03,2326967,True,29.1,34.9,24.1
2023-07-04,2381529,True,26.1,29.2,24.5
2023-07-05,2313872,True,24.5,27.1,22.1
2023-07-06,2323792,True,27.3,31.8,22.4
2023-07-07,2302475,True,26.7,31.4,23.3
2023-07-08,1986721,True,25.6,29.7,22.4
2023-07-09,1875219,True,24.7,27.0,21.6
2023-07-10,2320166,True,26.3,30.9,22.9
2023-07-11,2373816,True,23.5,25.9,21.6
2023-07-12,2340754,True,25.8,29.1,22.0
2023-07-13,2386521,True,25.2,26.5,24.7
2023-07-14,2430268,True,24.6,25.1,23.9
2023-07-15,2110624,True,24.5,25.7,23.7
2023-07-16,1957157,True,24.6,25.4,23.7
2023-07-17,2314946,True,25.5,27.8,23.7
2023-07-18,2331221,True,25.2,27.7,24.1
2023-07-19,2335949,True,27.2,32.4,22.5
2023-07-20,2343508,True,27.9,32.8,24.0
2023-07-21,2330021,True,29.5,34.3,24.6
2023-07-22,2009547,True,27.7,32.5,24.6
2023-07-23,1894869,True,25.2,25.8,24.5
2023-07-24,2253193,True,26.9,30.0,24.6
2023-07-25,2265469,True,27.8,30.5,25.8
2023-07-26,2264954,True,27.6,31.1,24.9
2023-07-27,2269456,True,28.4,32.2,24.4
2023-07-28,2232866,True,29.5,34.1,25.4
2023-07-29,1891109,True,29.1,33.3,26.1
2023-07-30,1745805,True,28.8,34.9,24.9
2023-07-31,2135850,True,28.7,33.4,25.6
2023-08-01,2136158,True,29.9,34.2,25.5
2023-08-02,2159085,True,29.7,33.7,26.8
2023-08-03,2145104,True,29.5,33.8,25.8
2023-08-04,2137686,True,30.0,34.4,26.5
2023-08-05,1803161,True,30.3,34.9,26.4
2023-08-06,1692050,True,29.8,33.0,27.0
2023-08-07,2110079,True,30.4,34.6,27.3
2023-08-08,2141376,True,30.9,35.8,26.4
2023-08-09,2111130,True,28.3,31.6,25.1
2023-08-10,2063008,True,22.2,25.1,20.9
2023-08-11,2054950,True,23.5,24.9,21.6
2023-08-12,1820121,True,23.3,24.1,22.5
2023-08-13,1718327,True,27.0,31.1,22.6
2023-08-14,2113858,True,28.1,31.9,24.8
2023-08-15,1820782,True,28.6,32.7,24.7
2023-08-16,2230072,True,27.3,31.6,24.7
2023-08-17,2248230,True,28.2,32.4,24.5
2023-08-18,2273395,True,29.1,33.3,25.5
2023-08-19,1879698,True,29.1,33.6,26.4
2023-08-20,1745115,True,28.3,31.8,25.5
2023-08-21,2205196,True,29.5,33.6,26.0
2023-08-22,2240401,True,27.6,32.2,25.8
2023-08-23,2242280,True,24.8,27.2,23.2
2023-08-24,2207797,True,25.1,27.8,22.3
2023-08-25,2199631,True,26.5,30.0,24.0
2023-08-26,1850996,True,26.4,30.3,23.3
2023-08-27,1723787,True,26.1,29.6,22.7
2023-08-28,2136345,True,22.7,25.6,20.8
2023-08-29,2206604,True,23.9,25.5,22.5
2023-08-30,2182068,True,22.8,24.5,21.5
2023-08-31,2170275,True,23.9,28.9,21.0
2023-09-01,2203408,True,24.5,29.6,19.7
2023-09-02,1922763,True,25.4,30.8,19.7
2023-09-03,1824863,True,25.8,28.8,23.1
2023-09-04,2247455,True,27.0,30.2,24.3
2023-09-05,2290930,True,28.5,32.8,25.0
2023-09-06,2291637,True,27.9,32.1,24.0
2023-09-07,2225102,True,26.3,31.6,20.9
2023-09-08,2216620,True,25.3,30.5,19.6
2023-09-09,1883172,True,25.8,31.2,20.8
2023-09-10,1762630,True,25.7,29.6,22.0
2023-09-11,2187992,True,25.5,29.8,23.1
2023-09-12,2213514,True,25.7,29.8,21.7
2023-09-13,2218129,True,22.1,24.6,19.6
2023-09-14,2199088,True,23.4,27.2,19.2
2023-09-15,2175365,True,22.3,24.3,20.3
2023-09-16,1919427,True,23.9,26.6,22.0
2023-09-17,1817424,True,24.7,28.0,22.0
2023-09-18,2194876,True,24.7,28.9,22.1
2023-09-19,2220407,True,24.1,27.2,21.6
2023-09-20,2234948,True,20.6,23.9,18.8
2023-09-21,2201365,True,20.1,23.6,17.5
2023-09-22,2203270,True,20.5,26.7,15.2
2023-09-23,1968569,True,21.8,27.6,16.3
2023-09-24,1869618,True,21.8,26.2,17.9
2023-09-25,2191107,True,21.6,26.0,17.9
2023-09-26,2281694,True,19.9,20.8,18.6
2023-09-27,2249465,True,21.5,23.7,20.0
2023-09-28,1794834,True,22.7,27.3,19.6
2023-09-29,1564758,True,21.1,26.9,17.4
2023-09-30,1646612,True,19.7,22.2,17.1
2023-10-01,1777468,True,18.4,23.7,14.4
2023-10-02,1935593,True,18.2,24.6,12.9
2023-10-03,2068293,True,17.5,22.5,14.4
2023-10-04,2418483,True,17.3,23.2,14.2
2023-10-05,2709918,True,14.2,19.2,9.9
2023-10-06,2690295,True,15.5,21.5,9.6
2023-10-07,2470804,True,16.8,21.2,11.7
2023-10-08,2335004,True,17.1,19.5,15.2
2023-10-09,2438088,True,17.4,22.4,14.1
2023-10-10,2641131,True,17.1,23.5,11.9
2023-10-11,2688419,True,17.6,24.0,12.9
2023-10-12,2663352,True,17.5,24.1,12.0
2023-10-13,2641822,True,17.5,21.5,14.3
2023-10-14,2722834,True,14.7,18.2,12.9
2023-10-15,2682288,True,16.1,21.2,10.9
2023-10-16,2988634,True,14.7,19.6,10.7
2023-10-17,3150454,True,13.8,20.9,7.5
2023-10-18,3137247,True,15.7,21.6,9.2
2023-10-19,3058213,True,17.0,18.9,14.9
2023-10-20,3657787,True,11.6,15.1,7.2
2023-10-21,3902417,True,10.4,16.6,5.9
2023-10-22,3709474,True,12.5,18.7,5.4
2023-10-23,3474724,True,15.2,21.4,11.1
2023-10-24,3404748,True,15.6,19.3,11.2
2023-10-25,3337563,True,16.6,21.9,12.7
2023-10-26,3229255,True,17.2,21.1,14.6
2023-10-27,3271897,True,15.7,20.2,12.6
2023-10-28,3323459,True,14.2,20.7,9.4
2023-10-29,3286027,True,14.9,21.8,9.8
2023-10-30,3397027,True,15.1,21.9,9.7
2023-10-31,3352709,True,16.5,20.8,12.7
2023-11-01,3246119,True,19.0,20.6,17.2
2023-11-02,3014389,True,20.8,25.9,18.7
2023-11-03,2976722,True,19.5,22.4,17.7
2023-11-04,2925099,True,17.4,20.9,14.1
2023-11-05,2997420,True,17.3,20.4,15.1
2023-11-06,3674289,True,13.3,19.3,6.6
2023-11-07,4838595,True,5.8,9.9,3.6
2023-11-08,4926251,True,8.4,16.1,1.8
2023-11-09,4698667,True,11.4,18.4,5.9
2023-11-10,6239892,True,3.4,9.1,0.5
2023-11-11,6964119,True,1.7,6.7,-1.9
2023-11-12,7366939,True,1.2,5.7,-2.0
2023-11-13,7881951,True,2.0,6.7,-2.2
2023-11-14,7343821,True,5.0,10.8,-0.8
2023-11-15,6875894,True,7.0,12.5,2.0
2023-11-16,6954810,True,6.6,7.4,5.7
2023-11-17,8039841,True,1.6,5.9,-1.9
2023-11-18,8333985,True,0.6,5.7,-3.8
2023-11-19,7210970,True,5.9,13.4,-0.3
2023-11-20,7189706,True,6.2,12.8,1.8
2023-11-21,6871469,True,7.4,14.8,1.4
2023-11-22,6437900,True,9.5,15.1,2.9
2023-11-23,6182653,True,9.9,14.6,1.9
2023-11-24,8628706,True,-1.5,2.2,-4.4
2023-11-25,8829774,True,-1.3,4.0,-5.9
2023-11-26,7950543,True,4.0,7.2,-0.1
2023-11-27,7724896,True,6.2,9.3,4.4
2023-11-28,8566807,True,1.3,5.2,-1.2
2023-11-29,9635244,True,-1.4,3.0,-4.0
2023-11-30,10523164,True,-4.3,-0.5,-7.3
2023-12-01,10418189,True,-3.2,0.7,-6.8
2023-12-02,9187327,True,2.0,8.0,-4.4
2023-12-03,8779420,True,0.8,6.0,-2.8
2023-12-04,8843478,True,2.7,9.4,-3.0
2023-12-05,7937399,True,6.8,12.6,3.8
2023-12-06,7833465,True,6.1,8.7,3.9
2023-12-07,7640927,True,6.6,11.4,0.8
2023-12-08,6531727,True,11.2,16.8,5.1
2023-12-09,5518181,True,13.7,16.2,11.7
2023-12-10,5661086,True,11.4,15.5,6.7
2023-12-11,6239778,True,8.9,12.3,5.0
2023-12-12,7057733,True,5.4,9.3,3.5
2023-12-13,7111277,True,6.8,10.3,2.6
2023-12-14,7109006,True,7.6,9.1,6.2
2023-12-15,7703114,True,4.9,6.2,3.7
2023-12-16,9944159,True,-4.1,3.8,-9.9
2023-12-17,12043278,True,-9.8,-6.4,-12.4
2023-12-18,12317505,True,-7.7,-3.6,-12.2
2023-12-19,11814444,True,-3.7,0.2,-8.2
2023-12-20,12635684,True,-7.4,-2.1,-11.9
2023-12-21,13814362,True,-11.7,-8.0,-14.4
2023-12-22,14395819,True,-11.6,-8.0,-14.7
2023-12-23,12740967,True,-6.8,-0.9,-12.7
2023-12-24,11093035,True,-2.2,3.0,-5.6
2023-12-25,10475455,True,-0.7,2.1,-2.7
2023-12-26,10046961,True,1.9,7.2,-2.6
2023-12-27,9715016,True,1.5,6.8,-2.8
2023-12-28,9524665,True,1.2,4.4,-1.7
2023-12-29,9333845,True,1.3,4.6,-1.5
2023-12-30,9234524,True,0.6,2.1,-0.9
2023-12-31,8615744,True,2.1,4.3,0.6
2024-01-01,8414511,True,3.3,7.3,-0.3
2024-01-02,8867143,True,2.9,4.3,2.2
2024-01-03,9038382,True,1.8,4.0,-1.1
2024-01-04,9321535,True,1.4,4.7,-3.3
2024-01-05,8288832,True,5.0,9.1,1.4
2024-01-06,8812115,True,0.7,5.2,-2.7
2024-01-07,10145977,True,-4.4,-0.9,-8.3
2024-01-08,11073630,True,-4.7,0.0,-10.3
2024-01-09,10217099,True,-0.6,0.4,-1.9
2024-01-10,10005761,True,-1.0,3.3,-4.1
2024-01-11,9665558,True,1.7,4.5,-2.4
2024-01-12,9283591,True,0.9,4.2,-1.4
2024-01-13,9176781,True,0.4,6.4,-3.8
2024-01-14,9517282,True,-0.6,2.4,-3.3
2024-01-15,10605066,True,-3.7,0.9,-6.9
2024-01-16,10429391,True,-2.1,4.3,-7.2
2024-01-17,10136121,True,0.6,1.9,-2.3
2024-01-18,8876148,True,4.5,9.4,1.4
2024-01-19,8412925,True,5.4,9.0,4.0
2024-01-20,8580566,True,3.4,4.9,1.9
2024-01-21,8849034,True,1.7,4.3,-2.4
2024-01-22,11975759,True,-8.7,-2.4,-11.9
2024-01-23,13426680,True,-11.7,-8.2,-14.0
2024-01-24,13061175,True,-8.0,-3.7,-11.2
2024-01-25,12095841,True,-5.3,0.5,-9.7
2024-01-26,10961943,True,-1.7,4.0,-6.9
2024-01-27,10029337,True,-0.5,4.6,-4.6
2024-01-28,9936976,True,-1.5,3.8,-5.0
2024-01-29,10015648,True,-0.4,4.6,-4.8
2024-01-30,9443201,True,1.4,8.1,-4.0
2024-01-31,8583086,True,4.7,10.6,0.7
2024-02-01,8762346,True,2.4,8.2,-1.3
2024-02-02,8643413,True,3.1,7.9,0.7
2024-02-03,8252327,True,4.7,8.3,-0.2
2024-02-04,7399775,True,7.3,12.2,3.7
2024-02-05,8643734,True,2.7,6.6,0.1
2024-02-06,9016860,True,1.2,2.9,0.0
2024-02-07,9212539,True,0.6,2.7,-0.9
2024-02-08,9014246,True,0.6,6.2,-3.0
2024-02-09,8468420,True,1.1,6.1,-2.5
2024-02-10,8304280,True,1.7,7.4,-1.5
2024-02-11,8438062,True,1.0,5.5,-3.1
2024-02-12,8087311,True,3.5,10.5,-2.9
2024-02-13,7475897,True,8.2,13.7,2.0
2024-02-14,6172468,True,12.9,18.3,8.8
2024-02-15,7311110,True,4.5,11.6,0.6
2024-02-16,7846009,True,2.3,8.1,-1.5
2024-02-17,7338579,True,4.4,11.7,-1.2
2024-02-18,7280301,True,6.2,9.4,1.2
2024-02-19,6818294,True,9.1,11.9,4.2
2024-02-20,7686009,True,4.3,6.8,2.8
2024-02-21,8577182,True,1.9,4.0,0.0
2024-02-22,9257134,True,0.2,1.6,-1.1
2024-02-23,8843361,True,1.8,6.1,-1.0
2024-02-24,8512304,True,2.0,5.9,-1.3
2024-02-25,8094754,True,2.8,5.9,0.8
2024-02-26,8075693,True,3.8,9.7,-1.2
2024-02-27,7834307,True,5.3,9.8,1.2
2024-02-28,7401043,True,6.4,10.1,3.2
2024-02-29,7621563,True,4.8,9.6,0.3
2024-03-01,9285675,True,-4.1,0.3,-7.1
2024-03-02,9326103,True,-0.5,4.1,-8.1
2024-03-03,7970278,True,4.0,7.8,0.4
2024-03-04,7878771,True,5.4,11.7,-1.8
2024-03-05,7340462,True,8.0,11.0,5.5
2024-03-06,7260928,True,6.2,10.3,2.5
2024-03-07,7675399,True,3.9,8.2,1.2
2024-03-08,8139448,True,2.1,6.5,-0.7
2024-03-09,7913538,True,2.0,7.1,-2.1
2024-03-10,7413521,True,4.2,10.6,-1.8
2024-03-11,7366885,True,6.2,10.8,2.0
2024-03-12,7198585,True,6.6,10.0,4.4
2024-03-13,7049505,True,6.5,12.0,1.3
2024-03-14,6415526,True,8.5,15.4,3.4
2024-03-15,6029820,True,8.9,14.5,4.0
2024-03-16,5559450,True,10.9,18.3,4.4
2024-03-17,5703483,True,8.8,12.2,5.4
2024-03-18,6188285,True,7.1,13.2,1.4
2024-03-19,6484045,True,6.7,9.8,3.9
2024-03-20,6927063,True,4.4,8.7,1.2
2024-03-21,6778262,True,5.0,11.5,-1.2
2024-03-22,6288808,True,10.4,15.2,3.8
2024-03-23,5046081,True,13.0,18.2,9.3
2024-03-24,4416948,True,16.2,23.4,10.5
2024-03-25,5074228,True,10.6,14.5,6.7
2024-03-26,5690391,True,7.4,12.4,3.2
2024-03-27,5242926,True,10.4,16.2,4.4
2024-03-28,5172808,True,10.3,12.2,7.8
2024-03-29,5687248,True,7.6,12.3,5.0
2024-03-30,5484865,True,8.8,15.6,3.0
2024-03-31,5178328,True,10.6,17.7,3.4
2024-04-01,5016299,True,12.2,19.0,5.5
2024-04-02,4487993,True,15.4,23.9,7.0
2024-04-03,4061497,True,16.6,19.7,13.9
2024-04-04,3978123,True,15.5,20.3,12.4
2024-04-05,3979682,True,14.0,18.8,10.2
2024-04-06,3883094,True,12.7,18.9,8.0
2024-04-07,3812546,True,14.8,23.4,7.7
2024-04-08,3773694,True,16.2,22.8,11.0
2024-04-09,3762573,True,15.3,20.8,10.6
2024-04-10,3639443,True,13.8,18.5,10.2
2024-04-11,3639863,True,15.5,21.1,11.7
2024-04-12,3382486,True,17.2,24.2,12.0
2024-04-13,3078666,True,19.1,27.3,11.2
2024-04-14,2839113,True,20.8,29.4,13.6
2024-04-15,3190827,True,16.0,20.0,11.7
2024-04-16,3397823,True,13.3,17.9,11.5
2024-04-17,3365579,True,15.0,21.8,9.7
2024-04-18,3219623,True,17.3,24.9,10.7
2024-04-19,3094802,True,17.6,24.3,11.5
2024-04-20,3139117,True,14.9,17.2,13.0
2024-04-21,2998051,True,17.2,21.7,13.3
2024-04-22,3018368,True,18.8,24.1,15.0
2024-04-23,3083351,True,17.3,24.2,13.2
2024-04-24,3301635,True,13.2,16.5,11.0
2024-04-25,3244820,True,14.4,20.8,10.3
2024-04-26,3010139,True,17.8,26.0,11.4
2024-04-27,2737372,True,18.2,26.2,11.5
2024-04-28,2543775,True,20.7,28.9,13.0
2024-04-29,2672473,True,20.9,26.1,16.9
2024-04-30,2668552,True,18.6,22.5,16.0
2024-05-01,2572788,True,18.5,24.0,13.9
2024-05-02,2726216,True,18.1,23.7,12.4
2024-05-03,2680989,True,19.7,27.9,12.2
2024-05-04,2391524,True,21.4,28.5,14.6
2024-05-05,2378771,True,17.8,20.6,15.7
2024-05-06,2749752,True,13.9,15.7,13.4
2024-05-07,3194688,True,13.3,15.0,12.2
2024-05-08,3123962,True,14.7,21.4,9.0
2024-05-09,3027730,True,16.1,21.8,10.9
2024-05-10,2910469,True,17.9,23.8,12.5
2024-05-11,2880710,True,17.0,22.0,14.0
2024-05-12,2685576,True,16.6,21.6,11.9
2024-05-13,2771691,True,18.3,24.5,11.9
2024-05-14,2683717,True,18.8,24.7,12.7
2024-05-15,2996163,True,12.6,18.8,7.2
2024-05-16,3137736,True,13.7,19.8,6.9
2024-05-17,2847801,True,18.3,24.9,10.8
2024-05-18,2473205,True,20.7,26.5,16.0
2024-05-19,2309424,True,21.5,27.9,15.9
2024-05-20,2544969,True,19.4,22.8,16.8
2024-05-21,2585202,True,21.7,28.3,16.3
2024-05-22,2549284,True,20.5,25.5,16.4
2024-05-23,2645948,True,20.2,26.4,15.8
2024-05-24,2586742,True,20.1,24.7,15.7
2024-05-25,2335085,True,21.4,24.7,18.7
2024-05-26,2300601,True,19.9,23.7,17.0
2024-05-27,2589021,True,18.5,22.6,14.1
2024-05-28,2571111,True,20.4,26.1,14.3
2024-05-29,2569866,True,21.2,26.8,15.4
2024-05-30,2552339,True,20.7,24.6,16.2
2024-05-31,2532699,True,20.4,25.4,16.9
2024-06-01,2254996,True,20.7,25.2,17.5
2024-06-02,2197147,True,20.4,25.8,15.7
2024-06-03,2522613,True,22.2,28.7,15.7
2024-06-04,2553481,True,22.8,29.3,16.3
2024-06-05,2467901,True,23.6,30.1,18.1
2024-06-06,2125057,True,24.1,31.4,19.3
2024-06-07,2351516,True,23.1,28.0,18.3
2024-06-08,2178906,True,20.3,25.0,17.9
2024-06-09,2134398,True,22.9,28.8,17.4
2024-06-10,2468359,True,24.7,31.1,19.0
2024-06-11,2478527,True,25.4,31.6,21.7
2024-06-12,2489832,True,24.8,31.8,19.2
2024-06-13,2495930,True,26.4,32.8,20.0
2024-06-14,2504245,True,26.3,33.0,21.4
2024-06-15,2172149,True,24.2,28.2,21.8
2024-06-16,2043802,True,24.3,29.5,19.9
2024-06-17,2407294,True,24.8,30.2,18.9
2024-06-18,2437109,True,26.0,32.9,20.4
2024-06-19,2430029,True,28.8,35.8,21.4
2024-06-20,2421343,True,29.4,35.4,23.4
2024-06-21,2417981,True,28.1,33.9,22.9
2024-06-22,2124877,True,24.2,26.1,22.6
2024-06-23,2003903,True,25.1,30.1,22.5
2024-06-24,2361071,True,24.3,27.9,21.2
2024-06-25,2364253,True,22.9,27.2,19.1
2024-06-26,2387716,True,24.9,31.6,18.9
2024-06-27,2359130,True,26.3,31.6,20.6
2024-06-28,2337804,True,26.6,32.5,21.3
2024-06-29,2041006,True,26.7,32.3,21.6
2024-06-30,1950567,True,23.5,24.9,22.0
2024-07-01,2313594,True,26.3,31.3,22.0
2024-07-02,2381504,True,23.2,25.2,21.9
2024-07-03,2367013,True,24.7,25.9,23.6
2024-07-04,2371258,True,26.8,30.6,23.2
2024-07-05,2356637,True,23.4,26.1,21.3
2024-07-06,2079960,True,25.1,30.0,22.1
2024-07-07,1972845,True,24.4,28.2,21.5
2024-07-08,2367043,True,23.8,24.5,23.1
2024-07-09,2381769,True,24.5,26.7,22.7
2024-07-10,2414171,True,26.6,31.1,22.7
2024-07-11,2429191,True,25.7,28.9,23.3
2024-07-12,2407063,True,25.6,30.2,21.8
2024-07-13,2092865,True,28.1,33.3,23.5
2024-07-14,1952464,True,28.4,32.1,24.9
2024-07-15,2391141,True,28.4,31.3,24.5
2024-07-16,2409710,True,27.0,30.7,24.6
2024-07-17,2437214,True,25.4,28.1,24.1
2024-07-18,2389162,True,24.3,25.6,23.1
2024-07-19,2373018,True,27.0,30.8,24.2
2024-07-20,2099930,True,27.2,30.6,25.1
2024-07-21,2008707,True,26.5,29.8,22.5
2024-07-22,2409870,True,26.6,27.9,24.3
2024-07-23,2428157,True,26.4,27.3,25.8
2024-07-24,2445451,True,28.1,30.9,26.0
2024-07-25,2440462,True,28.8,32.2,25.4
2024-07-26,2443751,True,28.7,32.7,25.2
2024-07-27,2122086,True,28.9,31.7,27.5
2024-07-28,1982870,True,29.2,32.2,27.3
2024-07-29,2338842,True,27.4,27.8,26.8
2024-07-30,2369644,True,28.6,31.9,26.3
2024-07-31,2316823,True,29.4,33.3,27.0
2024-08-01,2298912,True,29.9,33.2,27.3
2024-08-02,2299575,True,29.6,32.5,28.2
2024-08-03,2021462,True,30.2,34.2,27.2
2024-08-04,1931675,True,31.8,36.2,27.3
2024-08-05,2324033,True,30.0,33.7,26.9
2024-08-06,2367867,True,29.5,33.5,25.6
2024-08-07,2345856,True,29.6,33.4,27.2
2024-08-08,2252987,True,28.5,31.6,26.9
2024-08-09,2228305,True,29.3,33.6,25.6
2024-08-10,1910585,True,30.0,33.6,26.4
2024-08-11,1771786,True,30.8,34.4,27.8
2024-08-12,2259354,True,31.1,34.1,28.2
2024-08-13,2303434,True,31.3,36.4,28.1
2024-08-14,2305019,True,30.0,34.9,27.3
2024-08-15,1824589,True,29.2,34.6,26.7
2024-08-16,2208222,True,29.8,34.3,26.8
2024-08-17,1843458,True,29.8,34.0,27.2
2024-08-18,1731718,True,29.5,33.9,27.0
2024-08-19,2257875,True,29.7,35.3,26.3
2024-08-20,2331208,True,31.4,35.4,27.0
2024-08-21,2361143,True,28.4,30.8,26.9
2024-08-22,2334040,True,28.6,30.3,27.1
2024-08-23,2315304,True,28.4,31.8,26.4
2024-08-24,1927050,True,27.6,30.9,25.1
2024-08-25,1788012,True,28.5,32.7,24.9
2024-08-26,2266862,True,28.1,30.6,25.6
2024-08-27,2227727,True,26.5,30.3,24.6
2024-08-28,2243115,True,28.2,33.2,23.0
2024-08-29,2252026,True,28.4,33.5,23.4
2024-08-30,2266049,True,28.0,32.9,23.7
2024-08-31,1910034,True,27.6,33.0,22.6
2024-09-01,1781431,True,27.1,31.6,24.6
2024-09-02,2182604,True,24.5,26.9,22.2
2024-09-03,2266920,True,27.0,32.0,23.2
2024-09-04,2265492,True,27.9,33.3,23.2
2024-09-05,2312760,True,26.3,28.8,25.6
2024-09-06,2290312,True,24.0,25.7,23.3
2024-09-07,2000921,True,26.5,31.3,22.8
2024-09-08,1876674,True,27.2,32.8,22.6
2024-09-09,2298425,True,28.5,34.1,24.1
2024-09-10,2359215,True,29.4,33.9,25.6
2024-09-11,2371052,True,29.0,34.6,25.4
2024-09-12,2378261,True,25.4,27.1,24.8
2024-09-13,2321535,True,25.9,28.0,24.2
2024-09-14,1931376,True,28.0,32.2,25.2
2024-09-15,1782269,True,27.5,32.4,24.2
2024-09-16,1724783,True,26.8,32.2,21.3
2024-09-17,1620471,True,28.6,33.2,25.8
2024-09-18,1765367,True,29.4,33.6,26.5
2024-09-19,2354061,True,29.1,32.6,25.6
2024-09-20,2351272,True,25.0,28.6,17.9
2024-09-21,1939928,True,19.3,21.9,17.1
2024-09-22,1836096,True,21.0,26.7,16.9
2024-09-23,2198458,True,20.8,26.1,16.6
2024-09-24,2242581,True,21.0,26.9,15.6
2024-09-25,2293661,True,23.3,27.3,18.6
2024-09-26,2324339,True,23.6,28.0,21.1
2024-09-27,2316429,True,22.7,28.0,19.1
2024-09-28,2048043,True,23.2,27.9,19.2
2024-09-29,1925908,True,23.5,29.0,19.1
2024-09-30,2231240,True,23.0,28.5,18.3
2024-10-01,2077278,True,18.3,21.7,13.3
2024-10-02,2361222,True,14.9,19.9,11.6
2024-10-03,2201948,True,16.4,22.5,10.8
2024-10-04,2321534,True,17.6,24.2,11.9
2024-10-05,2216167,True,17.5,24.4,11.6
2024-10-06,2315150,True,15.4,17.9,12.3
2024-10-07,2479426,True,16.9,20.7,14.0
2024-10-08,2486706,True,17.7,23.9,12.7
2024-10-09,2318921,True,18.8,24.4,13.9
2024-10-10,2457276,True,18.8,24.1,15.3
2024-10-11,2447839,True,18.6,24.4,13.9
2024-10-12,2295022,True,18.3,24.7,13.4
2024-10-13,2242706,True,18.3,22.6,12.6
2024-10-14,2444994,True,19.3,21.5,17.6
2024-10-15,2440799,True,19.2,21.9,17.6
2024-10-16,2443757,True,18.2,24.2,14.4
2024-10-17,2448222,True,19.0,25.7,13.8
2024-10-18,2570298,True,17.4,18.8,16.2
2024-10-19,2491968,True,16.6,21.1,12.4
2024-10-20,2782776,True,13.4,17.8,10.5
2024-10-21,3002758,True,14.8,19.3,9.7
2024-10-22,3067427,True,15.5,16.6,14.9
2024-10-23,3350150,True,12.7,15.5,9.4
2024-10-24,3457359,True,12.5,18.4,7.1
2024-10-25,3265958,True,14.9,21.5,8.7
2024-10-26,2876717,True,17.0,24.0,10.7
2024-10-27,2807207,True,16.0,18.8,14.0
2024-10-28,3081238,True,15.7,20.4,12.3
2024-10-29,3182159,True,15.0,18.3,13.4
2024-10-30,3238418,True,15.7,21.4,11.4
2024-10-31,3143986,True,15.9,22.6,11.0
2024-11-01,3127304,True,15.3,18.7,12.9
2024-11-02,2909292,True,18.1,25.1,13.0
2024-11-03,2776619,True,17.6,23.5,13.0
2024-11-04,3204155,True,14.8,18.3,8.9
2024-11-05,4032846,True,9.1,14.7,5.6
2024-11-06,4620720,True,7.5,12.5,4.1
2024-11-07,4962554,True,7.8,15.7,1.6
2024-11-08,4824852,True,10.2,18.1,3.1
2024-11-09,4308843,True,12.9,20.3,6.8
2024-11-10,3853867,True,14.4,21.0,10.3
2024-11-11,3849993,True,14.6,21.8,9.7
2024-11-12,3713489,True,14.3,19.2,11.0
2024-11-13,3802532,True,14.2,21.3,8.3
2024-11-14,3694671,True,14.8,16.8,13.2
2024-11-15,3435713,True,17.0,21.5,13.7
2024-11-16,3277975,True,17.0,22.6,14.4
2024-11-17,4734817,True,7.0,14.4,2.1
2024-11-18,6376563,True,2.8,7.9,0.7
2024-11-19,6456501,True,5.7,11.3,0.3
2024-11-20,6487683,True,6.5,9.6,2.4
2024-11-21,5841745,True,9.7,14.1,6.0
2024-11-22,6233958,True,6.2,10.6,3.3
2024-11-23,6098394,True,6.4,12.6,1.5
2024-11-24,5907162,True,7.4,14.2,2.6
2024-11-25,5954503,True,10.1,15.4,3.6
2024-11-26,6532400,True,5.8,12.7,1.0
2024-11-27,8332309,True,-0.4,1.2,-1.3
2024-11-28,8406894,True,0.8,3.4,
2024-11-29,8648570,True,0.2,3.4,-3.4
2024-11-30,8009636,True,2.5,5.6,-0.5
2024-12-01,7438191,True,5.2,8.2,1.6
2024-12-02,7268777,True,6.4,13.0,0.6
2024-12-03,8492760,True,1.3,5.2,-2.4
2024-12-04,8219585,True,3.1,6.9,-0.6
2024-12-05,8064455,True,3.9,8.8,-0.1
2024-12-06,8426275,True,2.1,5.2,-0.4
2024-12-07,8712924,True,0.2,4.6,-2.5
2024-12-08,9004480,True,-0.2,4.1,-3.9
2024-12-09,9175251,True,1.0,7.4,-3.8
2024-12-10,8831787,True,2.6,6.9,-1.9
2024-12-11,8717712,True,3.0,8.2,0.2
2024-12-12,9289062,True,0.5,5.4,-3.2
2024-12-13,9405021,True,1.0,4.5,-1.5
2024-12-14,9356536,True,-0.8,2.5,-3.6
2024-12-15,9050851,True,1.2,5.4,-2.2
2024-12-16,9787365,True,-0.2,3.9,-3.3
2024-12-17,10048703,True,-0.8,3.8,-3.5
2024-12-18,10792768,True,-3.4,0.9,-6.2
2024-12-19,10627826,True,-1.4,4.9,-6.7
2024-12-20,10006609,True,1.4,5.3,-2.1
2024-12-21,9930834,True,-0.7,1.9,-4.7
2024-12-22,10426834,True,-3.4,1.0,-7.7
2024-12-23,10212375,True,0.3,6.7,-5.0
2024-12-24,10080502,True,-0.4,5.1,-4.3
2024-12-25,9068772,True,2.7,6.5,-1.1
2024-12-26,9734814,True,0.1,4.2,-4.8
2024-12-27,10501975,True,-2.6,1.8,-5.9
2024-12-28,10301446,True,-3.0,1.1,-6.7
2024-12-29,9412132,True,1.1,6.1,-4.2
2024-12-30,8820635,True,5.5,10.1,1.9
2024-12-31,9269444,True,0.6,4.9,-2.0
2025-01-01,8582905,True,2.6,8.9,-2.5
2025-01-02,9331068,True,0.5,6.0,-2.9
2025-01-03,9880833,True,-1.1,3.2,-5.1
2025-01-04,9418259,True,-0.1,5.7,-5.4
2025-01-05,9170195,True,1.2,2.5,-0.7
2025-01-06,9648684,True,1.0,3.4,-3.0
2025-01-07,10443309,True,-2.6,1.5,-5.7
2025-01-08,11041672,True,-3.4,0.2,-6.1
2025-01-09,13001313,True,-9.7,-6.1,-11.6
2025-01-10,12596422,True,-7.3,-1.7,-12.2
2025-01-11,11568243,True,-5.1,0.4,-9.5
2025-01-12,11127783,True,-3.4,2.5,-8.2
2025-01-13,10913755,True,-0.4,4.1,-5.6
2025-01-14,9829681,True,2.3,5.2,-1.7
2025-01-15,10849874,True,-3.5,-0.5,-5.3
2025-01-16,10540931,True,-0.5,2.8,-4.9
2025-01-17,10087771,True,-0.5,5.6,-4.9
2025-01-18,9386331,True,1.0,7.5,-4.0
2025-01-19,8687798,True,3.8,9.0,-1.2
2025-01-20,8668768,True,3.9,7.5,0.9
2025-01-21,8862413,True,2.4,6.3,-1.0
2025-01-22,8500721,True,3.6,7.7,0.5
2025-01-23,8721718,True,2.0,7.7,-2.4
2025-01-24,8603592,True,3.1,10.6,-2.7
2025-01-25,7906444,True,5.2,11.4,1.2
2025-01-26,7713318,True,4.6,7.5,1.8
2025-01-27,8544366,True,0.2,5.1,-2.7
2025-01-28,9739471,True,-3.9,-2.5,-5.3
2025-01-29,9816105,True,-4.6,-1.3,-6.4
2025-01-30,10456883,True,-3.8,-1.0,-7.5
2025-01-31,10676653,True,-0.8,0.7,-2.6
2025-02-01,9553349,True,1.6,7.9,-2.0
2025-02-02,9303363,True,1.5,6.8,-2.5
2025-02-03,10955161,True,-4.1,0.6,-8.2
2025-02-04,12399892,True,-9.0,-5.3,-11.5
2025-02-05,12828226,True,-8.6,-3.7,-11.8
2025-02-06,12292299,True,-5.6,-0.2,-11.5
2025-02-07,12730538,True,-8.0,-4.7,-10.7
2025-02-08,12515299,True,-7.9,-3.4,-11.5
2025-02-09,11586104,True,-4.7,1.7,-9.6
2025-02-10,11362254,True,-2.6,2.6,-7.5
2025-02-11,10382779,True,0.5,7.0,-5.7
2025-02-12,10260071,True,0.5,2.5,-2.9
2025-02-13,9991288,True,0.2,6.1,-5.8
2025-02-14,8855093,True,3.7,10.1,-1.6
2025-02-15,8371291,True,4.1,7.8,0.4
2025-02-16,8084552,True,4.3,9.7,0.4
2025-02-17,9403912,True,-0.3,3.5,-3.4
2025-02-18,10019345,True,-2.3,2.6,-5.2
2025-02-19,10373904,True,-3.0,1.2,-5.8
2025-02-20,10437628,True,-2.9,1.9,-6.5
2025-02-21,10478924,True,-2.5,2.6,-6.4
2025-02-22,10009715,True,-2.3,2.7,-5.6
2025-02-23,10256667,True,-3.6,0.5,-6.5
2025-02-24,10193711,True,-1.3,4.7,-6.3
2025-02-25,9496745,True,2.1,6.1,-3.1
2025-02-26,8583096,True,3.7,9.1,0.7
2025-02-27,8038815,True,5.8,14.2,-2.0
2025-02-28,7262886,True,7.8,13.7,3.7
2025-03-01,6737230,True,8.5,13.0,3.4
2025-03-02,6593094,True,8.3,15.6,2.2
2025-03-03,7737374,True,3.1,7.1,1.0
2025-03-04,8721940,True,2.5,3.4,0.9
2025-03-05,8050838,True,4.8,9.2,2.3
2025-03-06,7725906,True,4.8,10.4,-0.4
2025-03-07,7512624,True,5.3,11.1,0.0
2025-03-08,6914661,True,5.8,11.2,2.8
2025-03-09,6582719,True,6.9,13.5,1.2
2025-03-10,6586298,True,8.0,14.9,2.4
2025-03-11,6063765,True,9.4,16.6,2.9
2025-03-12,6170738,True,8.5,11.8,6.7
2025-03-13,5948025,True,8.9,15.0,3.2
2025-03-14,5442380,True,12.4,20.1,5.0
2025-03-15,5048071,True,12.6,17.2,10.0
2025-03-16,6131392,True,4.9,10.1,1.3
2025-03-17,7315922,True,2.5,6.8,-1.3
2025-03-18,7809632,True,2.1,5.6,0.3
2025-03-19,7598287,True,2.4,7.3,-1.9
2025-03-20,6588529,True,8.2,15.0,2.2
2025-03-21,5531346,True,11.6,18.7,7.9
2025-03-22,4750955,True,12.8,19.9,6.1
2025-03-23,4216444,True,15.2,24.0,7.1
2025-03-24,4087964,True,15.5,21.3,11.7
2025-03-25,4184274,True,12.7,21.4,8.4
2025-03-26,4094329,True,15.5,23.9,6.0
2025-03-27,4093520,True,13.7,18.6,7.1
2025-03-28,5158332,True,6.5,11.8,3.1
2025-03-29,6096644,True,3.3,6.7,0.6
2025-03-30,6504171,True,3.3,7.6,-1.8
2025-03-31,6072431,True,7.7,14.1,1.2
2025-04-01,5433850,True,10.1,17.0,3.9
2025-04-02,5577329,True,8.9,14.4,5.2
2025-04-03,5247331,True,9.8,16.9,3.6
2025-04-04,5000974,True,10.6,16.4,6.0
2025-04-05,5436467,True,8.0,9.5,7.5
2025-04-06,4976574,True,10.3,15.7,6.9
2025-04-07,4717193,True,13.5,20.1,5.5
2025-04-08,4269119,True,13.8,18.9,10.7
2025-04-09,4374175,True,12.7,18.0,8.4
2025-04-10,4121061,True,13.2,19.1,8.8
2025-04-11,3733359,True,16.2,24.2,8.1
2025-04-12,3955507,True,12.9,22.5,1.4
2025-04-13,5233155,True,5.5,8.2,1.1
2025-04-14,6093912,True,4.4,6.0,2.6
2025-04-15,5457922,True,8.2,14.0,2.3
2025-04-16,4559931,True,14.6,21.9,6.4
2025-04-17,3714671,True,19.7,24.7,15.8
2025-04-18,3383783,True,18.6,23.7,15.4
2025-04-19,3447785,True,15.3,20.0,12.2
2025-04-20,3171202,True,16.7,24.1,9.5
2025-04-21,3024896,True,20.7,27.1,14.2
2025-04-22,3098334,True,17.8,20.4,14.2
2025-04-23,3048375,True,16.8,22.9,10.9
2025-04-24,3168749,True,14.7,19.6,10.7
2025-04-25,3435315,True,12.5,17.8,7.7
2025-04-26,3268004,True,13.8,20.0,7.2
2025-04-27,3102884,True,14.9,19.1,10.7
2025-04-28,3232185,True,15.1,20.2,10.3
2025-04-29,3274297,True,14.8,21.0,8.2
2025-04-30,3029973,True,18.4,25.8,10.0
2025-05-01,3083947,True,14.7,17.6,11.3
2025-05-02,3191793,True,13.4,18.5,8.2
2025-05-03,3408459,True,11.2,14.0,9.5
2025-05-04,3095619,True,13.7,19.9,8.2
2025-05-05,3312356,True,12.1,15.0,9.3
2025-05-06,3287153,True,14.4,19.5,8.5
2025-05-07,3285191,True,14.9,21.1,9.9
2025-05-08,3174913,True,17.4,24.9,9.7
2025-05-09,3343336,True,15.1,17.4,14.1
2025-05-10,3507062,True,12.3,15.3,11.6
2025-05-11,3154234,True,14.7,20.2,11.4
2025-05-12,3121636,True,17.0,23.6,9.8
2025-05-13,2915230,True,19.9,25.8,13.3
2025-05-14,2799316,True,21.0,26.7,14.1
2025-05-15,2752150,True,19.5,22.2,16.8
2025-05-16,2767710,True,19.4,22.0,17.8
2025-05-17,2562413,True,18.3,24.3,14.7
2025-05-18,2520672,True,15.6,21.0,11.4
2025-05-19,2847127,True,16.1,20.9,10.5
2025-05-20,2804811,True,22.2,27.3,17.4
2025-05-21,2742353,True,25.5,30.8,22.3
2025-05-22,2576371,True,23.9,28.5,20.0
2025-05-23,2529879,True,19.4,22.2,15.4
2025-05-24,2434245,True,15.6,19.3,13.0
2025-05-25,2353660,True,17.4,22.6,11.7
2025-05-26,2574729,True,19.7,26.2,13.0
2025-05-27,2566201,True,20.8,27.0,14.7
2025-05-28,2513161,True,20.8,26.9,16.3
2025-05-29,2503208,True,21.2,27.3,15.3
2025-05-30,2473868,True,22.2,28.3,16.7
2025-05-31,2192577,True,21.5,27.0,16.4
2025-06-01,2088510,True,22.6,29.3,17.0
2025-06-02,2338990,True,21.0,23.1,19.2
2025-06-03,2136678,True,20.9,25.3,17.0
2025-06-04,2426536,True,20.5,25.3,15.2
2025-06-05,2423266,True,21.7,27.1,15.6
2025-06-06,2081028,True,24.1,30.0,17.7
2025-06-07,2113557,True,23.7,28.2,19.8
2025-06-08,2033238,True,25.1,30.4,21.4
2025-06-09,2404597,True,24.2,30.2,20.6
2025-06-10,2413680,True,21.7,25.3,18.8
2025-06-11,2406463,True,22.7,28.5,15.9
2025-06-12,2421155,True,25.5,33.1,17.9
2025-06-13,2411283,True,24.0,29.4,20.1
2025-06-14,2090814,True,25.6,32.1,20.3
2025-06-15,2003845,True,26.3,33.2,21.7
2025-06-16,2388180,True,23.0,25.1,21.8
2025-06-17,2373741,True,24.8,29.6,21.1
2025-06-18,2373332,True,25.5,30.9,21.2
2025-06-19,2382180,True,28.1,34.2,21.1
2025-06-20,2432630,True,24.1,28.3,22.2
2025-06-21,2050101,True,22.0,24.2,20.5
2025-06-22,1940474,True,23.3,28.6,18.1
2025-06-23,2321648,True,26.1,31.7,19.4
2025-06-24,2334200,True,25.0,28.0,20.5
2025-06-25,2347021,True,20.9,22.1,19.5
2025-06-26,2335982,True,22.2,24.2,19.9
2025-06-27,2334395,True,25.0,29.3,21.1
2025-06-28,2075736,True,26.2,28.1,24.5
2025-06-29,1959088,True,27.1,30.2,24.9
2025-06-30,2364101,True,28.2,31.2,25.6
2025-07-01,2433851,True,28.6,31.8,26.2
2025-07-02,2438458,True,28.6,30.9,26.8
2025-07-03,2389910,True,28.3,32.0,26.5
2025-07-04,2343542,True,27.2,30.0,25.7
2025-07-05,1975698,True,28.4,32.3,26.0
2025-07-06,1887136,True,29.1,32.8,26.3
2025-07-07,2351435,True,29.1,33.2,26.7
2025-07-08,2412805,True,31.3,37.8,26.9
2025-07-09,2373725,True,31.9,36.0,27.4
2025-07-10,2304303,True,31.4,36.2,27.3
2025-07-11,2261754,True,30.2,36.1,24.6
2025-07-12,1879977,True,30.3,36.5,24.4
2025-07-13,1796683,True,27.7,31.0,25.6
2025-07-14,2209480,True,24.2,28.1,21.7
2025-07-15,2215775,True,23.6,25.9,21.5
2025-07-16,2245275,True,23.3,24.8,22.2
2025-07-17,2298488,True,23.3,24.4,22.0
2025-07-18,2317118,True,24.7,27.2,22.9
2025-07-19,2070589,True,23.9,25.8,21.9
2025-07-20,2014383,True,27.7,31.3,25.0
2025-07-21,2374041,True,28.5,31.6,25.6
2025-07-22,2411848,True,28.8,32.2,26.6
2025-07-23,2404660,True,28.9,33.3,25.5
2025-07-24,2367148,True,29.8,34.1,25.8
2025-07-25,2324349,True,31.1,36.3,25.6
2025-07-26,1954680,True,32.3,37.1,27.6
2025-07-27,1822936,True,32.8,38.0,28.3
2025-07-28,2278798,True,32.2,36.4,28.8
2025-07-29,2224907,True,32.0,36.7,27.6
2025-07-30,2216450,True,32.1,36.3,28.3
2025-07-31,2139143,True,30.9,34.6,29.3
2025-08-01,2143701,True,31.0,35.1,27.8
2025-08-02,1808285,True,31.2,36.2,27.3
2025-08-03,1699516,True,28.8,32.5,24.0
2025-08-04,2116179,True,28.1,33.9,23.7
2025-08-05,2138578,True,29.1,33.5,25.4
2025-08-06,2185639,True,27.1,29.3,25.8
2025-08-07,2143053,True,28.2,32.3,25.4
2025-08-08,2142548,True,26.6,30.2,23.9
2025-08-09,1823470,True,24.9,26.4,23.1
2025-08-10,1688474,True,27.3,33.2,21.0
2025-08-11,2101451,True,27.0,29.5,25.0
2025-08-12,2111926,True,28.6,34.1,23.3
2025-08-13,2184861,True,25.1,27.1,22.0
2025-08-14,2178900,True,25.5,26.9,24.2
2025-08-15,1843220,True,27.1,30.9,24.4
2025-08-16,1868065,True,28.2,32.2,25.5
2025-08-17,1867812,True,28.4,32.0,26.1
2025-08-18,2267404,True,28.9,32.9,27.0
2025-08-19,2265255,True,29.1,32.3,26.9
2025-08-20,2310223,True,29.4,32.8,26.9
2025-08-21,2338435,True,29.8,34.3,27.4
2025-08-22,2325478,True,29.4,33.5,26.1
2025-08-23,1935391,True,29.3,32.2,27.4
2025-08-24,1795717,True,30.2,34.7,26.9
2025-08-25,2326925,True,28.7,32.2,26.3
2025-08-26,2336931,True,27.6,31.8,25.5
2025-08-27,2280761,True,26.7,30.8,23.6
2025-08-28,2286122,True,28.3,31.0,24.7
2025-08-29,2367459,True,29.0,32.8,27.3
2025-08-30,1952409,True,28.4,31.8,25.8
2025-08-31,1821391,True,28.5,31.8,25.1
2025-09-01,2268402,True,26.1,28.2,24.4
2025-09-02,2212956,True,26.0,30.6,22.0
2025-09-03,2224850,True,27.6,32.1,22.6
2025-09-04,2234975,True,25.8,29.8,22.8
2025-09-05,2253891,True,27.9,33.0,23.5
2025-09-06,1953298,True,26.8,30.4,25.4
2025-09-07,1809297,True,25.3,28.3,22.3
2025-09-08,2205917,True,24.4,29.5,20.6
2025-09-09,2215636,True,23.7,26.9,21.4
2025-09-10,2208603,True,24.8,31.5,18.4
2025-09-11,2224163,True,25.8,31.7,19.9
2025-09-12,2218945,True,23.9,26.3,21.1
2025-09-13,1946919,True,23.3,27.6,20.4
2025-09-14,1836115,True,24.8,29.3,21.5
2025-09-15,2230934,True,25.7,30.7,20.8
2025-09-16,2264416,True,23.7,27.1,22.2
2025-09-17,2264497,True,22.7,24.0,21.2
2025-09-18,2213069,True,22.1,26.0,19.6
2025-09-19,2204015,True,19.4,21.4,17.9
2025-09-20,1986282,True,20.0,23.6,17.5
2025-09-21,1881092,True,21.6,27.3,17.2
2025-09-22,2211032,True,21.3,25.1,17.6
2025-09-23,2282138,True,22.7,26.8,19.2
2025-09-24,2353827,True,22.0,23.7,20.4
2025-09-25,2308106,True,22.5,26.4,20.2
2025-09-26,2304573,True,21.7,27.1,17.8
2025-09-27,2050569,True,22.5,27.2,17.6
2025-09-28,1987848,True,20.0,21.9,18.4
2025-09-29,2264098,True,19.6,23.9,16.6
2025-09-30,2290578,True,19.8,24.0,17.3
2025-10-01,2287643,True,20.5,25.6,16.7
2025-10-02,2299165,True,21.4,25.8,17.3
2025-10-03,1999989,True,21.2,22.3,19.8
2025-10-04,1943600,True,22.5,25.0,20.9
2025-10-05,1861215,True,21.4,22.3,20.6
2025-10-06,1811501,True,17.6,20.7,15.4
2025-10-07,1900422,True,18.2,20.0,15.5
2025-10-08,1922461,True,21.9,28.0,17.2
2025-10-09,2010101,True,20.0,22.6,16.9
2025-10-10,2377536,True,17.0,17.7,16.0
2025-10-11,2277629,True,20.3,23.8,17.3
2025-10-12,2228077,True,19.0,21.4,17.6
2025-10-13,2717875,True,15.7,18.3,13.9
2025-10-14,2659110,True,17.9,20.9,14.4
2025-10-15,2592242,True,20.2,25.3,16.1
2025-10-16,2548802,True,20.2,24.8,17.0
2025-10-17,2546339,True,19.9,24.8,15.6
2025-10-18,2594158,True,15.8,18.6,14.2
2025-10-19,2805680,True,14.5,19.2,8.9
2025-10-20,3670243,True,10.0,16.5,5.3
2025-10-21,4010512,True,9.2,14.1,4.8
2025-10-22,3788216,True,13.1,18.6,6.6
2025-10-23,3421362,True,14.9,19.6,11.8
2025-10-24,3318027,True,15.8,21.5,11.3
2025-10-25,3221636,True,14.4,17.7,12.6
2025-10-26,3610718,True,12.2,13.9,10.6
2025-10-27,4708806,True,8.1,12.2,3.7
2025-10-28,4861943,True,8.5,14.4,3.0
2025-10-29,4504202,True,11.4,18.3,6.2
2025-10-30,4227627,True,12.8,18.2,7.7
2025-10-31,3883308,True,15.1,20.7,11.3
2025-11-01,3889788,True,12.9,17.7,10.5
2025-11-02,4819535,True,8.0,11.7,3.7
2025-11-03,5486042,True,7.2,14.7,0.5
2025-11-04,5030381,True,10.2,16.3,5.5
2025-11-05,4820552,True,11.6,19.0,5.7
2025-11-06,4469437,True,12.5,18.8,7.3
2025-11-07,4189390,True,13.9,19.9,8.3
2025-11-08,3887901,True,14.5,17.0,12.3
2025-11-09,3865733,True,13.5,17.6,10.4
2025-11-10,4955894,True,8.3,12.7,5.4
2025-11-11,5073784,True,8.9,15.1,3.9
2025-11-12,4855215,True,10.8,17.7,6.0
2025-11-13,4787302,True,11.1,17.6,6.7
2025-11-14,5084481,True,9.1,15.1,4.5
2025-11-15,5014483,True,9.8,17.5,3.6
2025-11-16,4824888,True,11.6,18.7,5.5
2025-11-17,6768634,True,3.2,9.7,-0.7
2025-11-18,7546934,True,1.6,6.5,-2.0
2025-11-19,7529611,True,3.0,8.6,-1.6
2025-11-20,6905553,True,7.4,14.6,1.6
2025-11-21,6760297,True,7.4,12.5,1.0
2025-11-22,5815553,True,9.6,15.1,5.4
2025-11-23,5512906,True,10.9,14.4,6.6
2025-11-24,5190816,True,12.4,16.8,9.7
2025-11-25,6174751,True,7.4,9.6,5.3
2025-11-26,6409833,True,6.4,10.9,3.5
2025-11-27,7091624,True,5.1,8.7,2.5
2025-11-28,7637261,True,2.3,7.0,-1.3
2025-11-29,7099015,True,5.7,9.3,0.3
2025-11-30,5555599,True,12.4,16.1,9.1
2025-12-01,6716807,True,5.5,12.2,2.3
2025-12-02,8493084,True,0.1,3.3,-5.4
2025-12-03,10822781,True,-5.9,-2.8,-8.1
2025-12-04,10866133,True,-3.2,3.5,-9.4
2025-12-05,10260759,True,-2.6,2.5,-6.9
2025-12-06,8952157,True,2.1,4.5,-2.0
2025-12-07,7449385,True,8.3,13.4,3.4
2025-12-08,8204692,True,3.4,7.3,0.8
2025-12-09,8400228,True,2.8,8.7,-2.4
2025-12-10,7968168,True,4.9,8.6,0.7
2025-12-11,8041429,True,4.0,8.4,-1.8
2025-12-12,8696586,True,2.0,7.0,-3.6
2025-12-13,8325883,True,2.6,4.5,-0.8
2025-12-14,8646001,True,-0.1,3.1,-1.5
2025-12-15,9154142,True,0.7,4.5,-3.5
2025-12-16,8596448,True,3.8,5.0,2.1
2025-12-17,8159885,True,4.2,7.6,1.2
2025-12-18,8458564,True,2.3,8.5,-1.9
2025-12-19,8670259,True,4.9,9.9,-0.7
2025-12-20,7400465,True,7.3,10.7,1.0
2025-12-21,8730717,True,-1.1,2.5,-3.4
2025-12-22,9481379,True,-0.7,5.1,-5.9
2025-12-23,9249781,True,2.6,4.3,0.1
2025-12-24,8821612,True,2.8,6.3,-1.0
2025-12-25,10061358,True,-3.6,0.0,-8.9
2025-12-26,12386255,True,-8.2,-4.0,-11.8
2025-12-27,11072411,True,-2.6,0.5,-8.3
2025-12-28,9507742,True,3.2,6.1,0.0
2025-12-29,8704075,True,4.9,9.1,0.1
2025-12-30,9599678,True,-0.5,3.8,-3.7
2025-12-31,11070064,True,-5.6,-1.2,-8.9
